transaction_id,user_id,account_id,amount,currency,transaction_type,merchant_id,beneficiary_id,device_id,ip_address_hash,location,timestamp,is_fraud,scenario
TX10275,USR_1020,ACC_2020,3290.82,USD,WIRE,MER_220,BEN_NEW_9896,DEV_ATO_5661,871f25503c796413,Unknown / Proxy IP,2026-08-25 19:14:06.269031+00:00,1,C
TX10102,USR_1040,ACC_2040,433.17,USD,WIRE,MER_209,BEN_NEW_9578,DEV_ATO_8876,aa002100d6705e67,Unknown / Proxy IP,2026-08-25 19:15:06.269031+00:00,1,C
TX11116,USR_1153,ACC_2153,69.48,USD,CARD,MER_269,BEN_526,DEV_730,ba2e33cde981ff14,"New York, US",2026-08-25 19:16:06.269031+00:00,0,A
TX10002,USR_1113,ACC_2113,157.16,USD,WIRE,MER_373,BEN_885,DEV_838,98eccdccd122648d,"London, UK",2026-08-25 19:20:06.269031+00:00,0,A
TX10254,USR_1111,ACC_2111,1056.0,USD,WIRE,MER_215,BEN_NEW_9835,DEV_ATO_9637,8ad5f04f8f7ced39,Unknown / Proxy IP,2026-08-25 19:21:06.269031+00:00,1,C
TX10192,USR_1047,ACC_2047,5182.55,USD,WIRE,MER_254,BEN_NEW_8275,DEV_ATO_9509,ad914acb981549d6,Unknown / Proxy IP,2026-08-25 19:24:06.269031+00:00,1,C
TX10218,USR_1073,ACC_2073,1669.69,USD,WIRE,MER_128,BEN_NEW_8133,DEV_ATO_7660,135f7e74f49696fe,Unknown / Proxy IP,2026-08-25 19:25:06.269031+00:00,1,C
TX10396,USR_1117,ACC_2117,923.04,USD,WIRE,MER_329,BEN_NEW_8182,DEV_ATO_8513,13c50090d19fdd2c,Unknown / Proxy IP,2026-08-25 19:26:06.269031+00:00,1,C
TX10662,USR_1222,ACC_2222,43.5,USD,WIRE,MER_353,BEN_830,DEV_310,0320c343468f3a66,"Sydney, AU",2026-08-25 19:27:06.269031+00:00,0,A
TX10810,USR_1072,ACC_2072,833.18,USD,P2P,MER_135,BEN_820,DEV_NEW_2261,ee002e7632564a9f,"Tokyo, JP",2026-08-25 19:42:06.269031+00:00,0,B
TX10134,USR_1036,ACC_2036,87.96,USD,ACH,MER_343,BEN_615,DEV_779,84da049c89fa3fcd,"London, UK",2026-08-25 19:42:06.269031+00:00,0,A
TX10343,USR_1296,ACC_2296,39.18,USD,ACH,MER_395,BEN_944,DEV_215,98eccdccd122648d,"Tokyo, JP",2026-08-25 19:44:06.269031+00:00,0,A
TX10164,USR_1080,ACC_2080,98.37,USD,WIRE,MER_163,BEN_702,DEV_244,15286ec96ebfbae1,"Sydney, AU",2026-08-25 19:53:06.269031+00:00,0,A
TX10028,USR_1078,ACC_2078,109.62,USD,P2P,MER_146,BEN_903,DEV_743,ea138d321b39fb53,"New York, US",2026-08-25 20:04:06.269031+00:00,0,A
TX11065,USR_1191,ACC_2191,52.03,USD,WIRE,MER_253,BEN_585,DEV_801,5b58332294cb63d5,"Tokyo, JP",2026-08-25 20:04:06.269031+00:00,0,A
TX10025,USR_1144,ACC_2144,79.89,USD,WIRE,MER_119,BEN_760,DEV_913,1738decb44c32509,"Tokyo, JP",2026-08-25 20:06:06.269031+00:00,0,A
TX10327,USR_1125,ACC_2125,45.54,USD,CARD,MER_192,BEN_717,DEV_608,9d968dc522301427,"Toronto, CA",2026-08-25 20:14:06.269031+00:00,0,A
TX10024,USR_1124,ACC_2124,5.0,USD,WIRE,MER_297,BEN_909,DEV_899,b4895ee1beb11ace,"Tokyo, JP",2026-08-25 20:37:06.269031+00:00,0,A
TX10410,USR_1253,ACC_2253,557.97,USD,P2P,MER_213,BEN_CAR_DEALER_192,DEV_UPGRADE_3866,017862b631264848,"Toronto, CA",2026-08-25 20:39:06.269031+00:00,0,E
TX10085,USR_1277,ACC_2277,252.62,USD,P2P,MER_263,BEN_623,DEV_828,13d2e495037fc7ea,"London, UK",2026-08-25 20:42:06.269031+00:00,0,A
TX10159,USR_1269,ACC_2269,18.02,USD,WIRE,MER_264,BEN_568,DEV_963,f73871d4716ca547,"New York, US",2026-08-25 20:45:06.269031+00:00,0,A
TX10903,USR_1055,ACC_2055,155.05,USD,CARD,MER_106,BEN_944,DEV_380,41be1af591f90cd7,"Tokyo, JP",2026-08-25 20:48:06.269031+00:00,0,A
TX11182,USR_1117,ACC_2117,76.23,USD,P2P,MER_171,BEN_519,DEV_201,cc37dbb565d122a4,"London, UK",2026-08-25 20:48:06.269031+00:00,0,A
TX10209,USR_1239,ACC_2239,164.83,USD,CARD,MER_282,BEN_927,DEV_192,8b7c8c2ee21f71d6,"Toronto, CA",2026-08-25 20:50:06.269031+00:00,0,A
TX11968,USR_1055,ACC_2055,166.07,USD,CARD,MER_152,BEN_826,DEV_380,747453dffe2e3b17,"Tokyo, JP",2026-08-25 20:54:06.269031+00:00,0,A
TX10874,USR_1072,ACC_2072,82.75,USD,ACH,MER_135,BEN_867,DEV_738,ee002e7632564a9f,"Tokyo, JP",2026-08-25 21:00:06.269031+00:00,0,A
TX10160,USR_1138,ACC_2138,137.59,USD,P2P,MER_312,BEN_537,DEV_350,8d45592dae9f59a0,"Tokyo, JP",2026-08-25 21:04:06.269031+00:00,0,A
TX10117,USR_1074,ACC_2074,52.78,USD,WIRE,MER_398,BEN_589,DEV_249,cce06b3c7fc49509,"London, UK",2026-08-25 21:10:06.269031+00:00,0,A
TX10202,USR_1211,ACC_2211,17.94,USD,WIRE,MER_265,BEN_679,DEV_730,1c69e66247a30c97,"London, UK",2026-08-25 21:10:06.269031+00:00,0,A
TX10924,USR_1209,ACC_2209,21.98,USD,WIRE,MER_211,BEN_868,DEV_686,19cd5e10192a7982,"Tokyo, JP",2026-08-25 21:20:06.269031+00:00,0,A
TX10262,USR_1206,ACC_2206,85.12,USD,ACH,MER_195,BEN_647,DEV_598,19d4d2715c5c7f3a,"London, UK",2026-08-25 21:39:06.269031+00:00,0,A
TX10044,USR_1039,ACC_2039,62.14,USD,CARD,MER_240,BEN_632,DEV_661,b60f32873a6a1158,"Sydney, AU",2026-08-25 21:50:06.269031+00:00,0,A
TX10082,USR_1175,ACC_2175,45.25,USD,ACH,MER_382,BEN_856,DEV_316,2f1a03b6b66eb09f,"New York, US",2026-08-25 21:51:06.269031+00:00,0,A
TX10098,USR_1228,ACC_2228,77.93,USD,P2P,MER_368,BEN_960,DEV_480,50966cad90e19486,"Tokyo, JP",2026-08-25 21:56:06.269031+00:00,0,A
TX10580,USR_1246,ACC_2246,5.0,USD,WIRE,MER_129,BEN_805,DEV_452,192b972b0eadbc2d,"London, UK",2026-08-25 21:59:06.269031+00:00,0,A
TX10264,USR_1174,ACC_2174,85.69,USD,P2P,MER_345,BEN_800,DEV_486,0cc746ed483b6373,"New York, US",2026-08-25 22:00:06.269031+00:00,0,A
TX10151,USR_1134,ACC_2134,133.67,USD,P2P,MER_365,BEN_994,DEV_231,fcac5511c1942848,"Toronto, CA",2026-08-25 22:10:06.269031+00:00,0,A
TX10194,USR_1270,ACC_2270,221.62,USD,P2P,MER_306,BEN_763,DEV_552,3631663658218087,"Sydney, AU",2026-08-25 22:15:06.269031+00:00,0,A
TX10170,USR_1074,ACC_2074,48.99,USD,WIRE,MER_398,BEN_540,DEV_249,167806ab11382ccb,"London, UK",2026-08-25 22:15:06.269031+00:00,0,A
TX10107,USR_1116,ACC_2116,120.39,USD,P2P,MER_291,BEN_757,DEV_327,0afa7d2175280287,"New York, US",2026-08-25 22:19:06.269031+00:00,0,A
TX10754,USR_1053,ACC_2053,77.93,USD,CARD,MER_194,BEN_869,DEV_863,384061d4871fda2e,"Tokyo, JP",2026-08-25 22:19:06.269031+00:00,0,A
TX10075,USR_1035,ACC_2035,27.67,USD,WIRE,MER_143,BEN_726,DEV_411,366dd80803ad332d,"Toronto, CA",2026-08-25 22:20:06.269031+00:00,0,A
TX10225,USR_1031,ACC_2031,61.73,USD,ACH,MER_159,BEN_980,DEV_385,ee85905019f3301c,"Tokyo, JP",2026-08-25 22:21:06.269031+00:00,0,A
TX10000,USR_1000,ACC_2000,99.2,USD,WIRE,MER_115,BEN_846,DEV_125,e5b5a7e8cd8467b3,"London, UK",2026-08-25 22:22:06.269031+00:00,0,A
TX10146,USR_1295,ACC_2295,5.0,USD,WIRE,MER_294,BEN_592,DEV_964,4263555a333d9831,"Toronto, CA",2026-08-25 22:31:06.269031+00:00,0,A
TX11159,USR_1191,ACC_2191,24.41,USD,ACH,MER_241,BEN_585,DEV_801,5b58332294cb63d5,"Tokyo, JP",2026-08-25 22:31:06.269031+00:00,0,A
TX10368,USR_1250,ACC_2250,67.29,USD,ACH,MER_111,BEN_910,DEV_439,10c7ba9ad4f55369,"London, UK",2026-08-25 22:40:06.269031+00:00,0,A
TX10007,USR_1065,ACC_2065,64.25,USD,P2P,MER_162,BEN_781,DEV_155,d04e3cabd94c53fe,"Sydney, AU",2026-08-25 22:48:06.269031+00:00,0,A
TX10103,USR_1042,ACC_2042,82.94,USD,WIRE,MER_272,BEN_749,DEV_405,070ff06ec268ff91,"Sydney, AU",2026-08-25 22:48:06.269031+00:00,0,A
TX10138,USR_1218,ACC_2218,106.32,USD,ACH,MER_316,BEN_918,DEV_318,55488a4c24a30597,"London, UK",2026-08-25 22:49:06.269031+00:00,0,A
TX10016,USR_1000,ACC_2000,7663.31,USD,P2P,MER_144,BEN_RING_777,DEV_RING_999,fd5dc3897b156800,"London, UK",2026-08-25 22:53:06.269031+00:00,1,D
TX10161,USR_1184,ACC_2184,5.0,USD,CARD,MER_208,BEN_770,DEV_184,4a1afa885aeef4cc,"Tokyo, JP",2026-08-25 22:56:06.269031+00:00,0,A
TX10059,USR_1067,ACC_2067,28.08,USD,CARD,MER_174,BEN_733,DEV_610,f80d4ec22628293a,"Tokyo, JP",2026-08-25 22:58:06.269031+00:00,0,A
TX10208,USR_1067,ACC_2067,679.27,USD,WIRE,MER_197,BEN_NEW_9785,DEV_ATO_5360,55703d34792df347,Unknown / Proxy IP,2026-08-25 23:02:06.269031+00:00,1,C
TX10156,USR_1043,ACC_2043,121.49,USD,CARD,MER_113,BEN_964,DEV_269,a13bd63118e22736,"Toronto, CA",2026-08-25 23:06:06.269031+00:00,0,A
TX10655,USR_1276,ACC_2276,82.86,USD,WIRE,MER_241,BEN_746,DEV_204,91d6156537789a5f,"Tokyo, JP",2026-08-25 23:17:06.269031+00:00,0,A
TX10767,USR_1296,ACC_2296,38.72,USD,CARD,MER_214,BEN_860,DEV_215,98eccdccd122648d,"Tokyo, JP",2026-08-25 23:20:06.269031+00:00,0,A
TX10863,USR_1053,ACC_2053,93.1,USD,P2P,MER_194,BEN_618,DEV_663,384061d4871fda2e,"Tokyo, JP",2026-08-25 23:36:06.269031+00:00,0,A
TX10498,USR_1033,ACC_2033,108.63,USD,WIRE,MER_359,BEN_535,DEV_632,46aa30724ea1e038,"London, UK",2026-08-25 23:36:06.269031+00:00,0,A
TX10039,USR_1005,ACC_2005,4383.39,USD,P2P,MER_183,BEN_RING_777,DEV_RING_999,fd5dc3897b156800,"New York, US",2026-08-25 23:38:06.269031+00:00,1,D
TX10214,USR_1025,ACC_2025,167.98,USD,CARD,MER_228,BEN_936,DEV_378,2488659b8d6070e6,"Tokyo, JP",2026-08-25 23:42:06.269031+00:00,0,A
TX10108,USR_1005,ACC_2005,92.44,USD,ACH,MER_294,BEN_873,DEV_479,18245baac911d82f,"New York, US",2026-08-25 23:43:06.269031+00:00,0,A
TX10558,USR_1058,ACC_2058,84.51,USD,WIRE,MER_382,BEN_838,DEV_724,fbabd4fed7536e51,"London, UK",2026-08-25 23:55:06.269031+00:00,0,A
TX10168,USR_1103,ACC_2103,30.41,USD,WIRE,MER_278,BEN_586,DEV_505,3bd6c9e1e86aa4e1,"London, UK",2026-08-25 23:58:06.269031+00:00,0,A
TX10068,USR_1203,ACC_2203,156.85,USD,CARD,MER_195,BEN_946,DEV_385,7f425fb15ab04329,"New York, US",2026-08-25 23:58:06.269031+00:00,0,A
TX10299,USR_1104,ACC_2104,210.91,USD,WIRE,MER_138,BEN_588,DEV_844,4945799b02508963,"New York, US",2026-08-25 23:59:06.269031+00:00,0,A
TX10295,USR_1007,ACC_2007,8452.87,USD,P2P,MER_375,BEN_RING_777,DEV_RING_999,fd5dc3897b156800,"Sydney, AU",2026-08-25 23:59:06.269031+00:00,1,D
TX10313,USR_1255,ACC_2255,72.32,USD,P2P,MER_185,BEN_524,DEV_355,1737b49d2dc116c6,"New York, US",2026-08-26 00:13:06.269031+00:00,0,A
TX10217,USR_1239,ACC_2239,80.66,USD,P2P,MER_146,BEN_927,DEV_192,4fac9047a43ceafc,"Toronto, CA",2026-08-26 00:14:06.269031+00:00,0,A
TX10700,USR_1197,ACC_2197,92.63,USD,WIRE,MER_185,BEN_555,DEV_137,4d2fd16a0ade0912,"Toronto, CA",2026-08-26 00:17:06.269031+00:00,0,A
TX10171,USR_1140,ACC_2140,110.51,USD,ACH,MER_267,BEN_992,DEV_560,f3c751082b63d214,"Sydney, AU",2026-08-26 00:27:06.269031+00:00,0,A
TX10114,USR_1009,ACC_2009,36.86,USD,CARD,MER_250,BEN_849,DEV_641,3db2a3b19d9769cc,"New York, US",2026-08-26 00:27:06.269031+00:00,0,A
TX10084,USR_1182,ACC_2182,90.92,USD,CARD,MER_307,BEN_907,DEV_346,a8f4b31a7881bbaf,"Tokyo, JP",2026-08-26 00:35:06.269031+00:00,0,A
TX10149,USR_1113,ACC_2113,52.55,USD,CARD,MER_222,BEN_883,DEV_838,98eccdccd122648d,"London, UK",2026-08-26 00:38:06.269031+00:00,0,A
TX10169,USR_1289,ACC_2289,146.28,USD,WIRE,MER_153,BEN_960,DEV_777,d86fed0966b732bb,"Toronto, CA",2026-08-26 00:39:06.269031+00:00,0,A
TX10380,USR_1007,ACC_2007,8754.31,USD,P2P,MER_387,BEN_RING_777,DEV_RING_999,fd5dc3897b156800,"Sydney, AU",2026-08-26 00:44:06.269031+00:00,1,D
TX10191,USR_1091,ACC_2091,5.0,USD,WIRE,MER_146,BEN_660,DEV_947,22d65b867187739e,"New York, US",2026-08-26 00:46:06.269031+00:00,0,A
TX11153,USR_1253,ACC_2253,79.65,USD,WIRE,MER_193,BEN_935,DEV_281,017862b631264848,"Toronto, CA",2026-08-26 00:48:06.269031+00:00,0,A
TX10309,USR_1233,ACC_2233,42.87,USD,ACH,MER_225,BEN_624,DEV_666,7a77d66cbd8271ef,"Tokyo, JP",2026-08-26 00:56:06.269031+00:00,0,A
TX10351,USR_1052,ACC_2052,72.89,USD,CARD,MER_383,BEN_656,DEV_911,666c612e2ac1ca57,"Sydney, AU",2026-08-26 01:01:06.269031+00:00,0,A
TX10809,USR_1122,ACC_2122,70.32,USD,WIRE,MER_169,BEN_745,DEV_236,f5a9eef8abf31c92,"London, UK",2026-08-26 01:04:06.269031+00:00,0,A
TX10288,USR_1214,ACC_2214,87.38,USD,WIRE,MER_334,BEN_667,DEV_627,daf2584bc2d0a66d,"Tokyo, JP",2026-08-26 01:06:06.269031+00:00,0,A
TX10634,USR_1278,ACC_2278,71.95,USD,P2P,MER_213,BEN_675,DEV_365,543c9bae8b4186e5,"New York, US",2026-08-26 01:07:06.269031+00:00,0,A
TX10224,USR_1227,ACC_2227,42.85,USD,WIRE,MER_354,BEN_506,DEV_564,5b3522464b586141,"London, UK",2026-08-26 01:16:06.269031+00:00,0,A
TX10946,USR_1058,ACC_2058,62.47,USD,P2P,MER_382,BEN_635,DEV_724,fbabd4fed7536e51,"London, UK",2026-08-26 01:19:06.269031+00:00,0,A
TX10641,USR_1138,ACC_2138,140.0,USD,CARD,MER_274,BEN_580,DEV_594,8d45592dae9f59a0,"Tokyo, JP",2026-08-26 01:24:06.269031+00:00,0,A
TX10056,USR_1132,ACC_2132,105.59,USD,P2P,MER_258,BEN_783,DEV_911,638af4639b73a0ed,"New York, US",2026-08-26 01:24:06.269031+00:00,0,A
TX10395,USR_1188,ACC_2188,5.0,USD,P2P,MER_294,BEN_626,DEV_542,4ef285a84911ce89,"New York, US",2026-08-26 01:28:06.269031+00:00,0,A
TX10083,USR_1137,ACC_2137,1197.28,USD,ACH,MER_379,BEN_607,DEV_NEW_4387,28af3e505676849d,"Toronto, CA",2026-08-26 01:30:06.269031+00:00,0,B
TX10311,USR_1189,ACC_2189,87.39,USD,ACH,MER_385,BEN_684,DEV_469,a15c24663e9716f9,"Tokyo, JP",2026-08-26 01:33:06.269031+00:00,0,A
TX10687,USR_1138,ACC_2138,2446.88,USD,WIRE,MER_347,BEN_NEW_8170,DEV_ATO_9957,0c78ee5257725015,Unknown / Proxy IP,2026-08-26 01:38:06.269031+00:00,1,C
TX10266,USR_1224,ACC_2224,100.64,USD,ACH,MER_303,BEN_520,DEV_888,69fcc96fe39173c6,"Tokyo, JP",2026-08-26 01:44:06.269031+00:00,0,A
TX10174,USR_1083,ACC_2083,144.11,USD,ACH,MER_116,BEN_987,DEV_701,8c6fbb422103eaee,"New York, US",2026-08-26 01:51:06.269031+00:00,0,A
TX10017,USR_1100,ACC_2100,84.22,USD,WIRE,MER_121,BEN_756,DEV_609,65282a365bdcb914,"Sydney, AU",2026-08-26 01:52:06.269031+00:00,0,A
TX10037,USR_1129,ACC_2129,78.18,USD,CARD,MER_160,BEN_698,DEV_421,cab280aa6bbedc20,"New York, US",2026-08-26 01:53:06.269031+00:00,0,A
TX10502,USR_1200,ACC_2200,70.94,USD,WIRE,MER_331,BEN_869,DEV_456,0eaf478a35c62952,"London, UK",2026-08-26 01:54:06.269031+00:00,0,A
TX10318,USR_1006,ACC_2006,4981.68,USD,P2P,MER_237,BEN_RING_777,DEV_RING_999,fd5dc3897b156800,"New York, US",2026-08-26 01:54:06.269031+00:00,1,D
TX10352,USR_1206,ACC_2206,36.06,USD,ACH,MER_127,BEN_571,DEV_598,17673fd32798d605,"London, UK",2026-08-26 01:55:06.269031+00:00,0,A
TX10119,USR_1017,ACC_2017,75.59,USD,P2P,MER_138,BEN_627,DEV_296,12ddf45271aaaaa6,"Sydney, AU",2026-08-26 02:03:06.269031+00:00,0,A
TX10852,USR_1115,ACC_2115,114.75,USD,ACH,MER_362,BEN_645,DEV_153,4d8f3a7ab28f30b0,"New York, US",2026-08-26 02:08:06.269031+00:00,0,A
TX10853,USR_1049,ACC_2049,77.57,USD,CARD,MER_265,BEN_738,DEV_545,e6501bb34f10bbec,"Tokyo, JP",2026-08-26 02:12:06.269031+00:00,0,A
TX10158,USR_1108,ACC_2108,149.07,USD,WIRE,MER_126,BEN_690,DEV_140,63da350cf0be46c5,"Sydney, AU",2026-08-26 02:13:06.269031+00:00,0,A
TX10304,USR_1077,ACC_2077,127.68,USD,CARD,MER_212,BEN_646,DEV_108,cb99c4f64b0c2e92,"New York, US",2026-08-26 02:14:06.269031+00:00,0,A
TX10197,USR_1060,ACC_2060,92.39,USD,P2P,MER_247,BEN_923,DEV_535,3c49e5003110f2c6,"London, UK",2026-08-26 02:20:06.269031+00:00,0,A
TX11621,USR_1059,ACC_2059,128.32,USD,ACH,MER_244,BEN_861,DEV_102,5ec654ffc81f21ab,"Sydney, AU",2026-08-26 02:20:06.269031+00:00,0,A
TX10300,USR_1297,ACC_2297,78.07,USD,ACH,MER_180,BEN_923,DEV_543,1cb62c794d6cfd4e,"Tokyo, JP",2026-08-26 02:25:06.269031+00:00,0,A
TX11036,USR_1247,ACC_2247,176.47,USD,WIRE,MER_128,BEN_773,DEV_NEW_9053,b323e19bdbec4d4c,"London, UK",2026-08-26 02:26:06.269031+00:00,1,B
TX10036,USR_1176,ACC_2176,11.87,USD,P2P,MER_289,BEN_951,DEV_489,922b57721fe4262e,"Tokyo, JP",2026-08-26 02:29:06.269031+00:00,0,A
TX10344,USR_1001,ACC_2001,7051.44,USD,P2P,MER_212,BEN_RING_777,DEV_RING_999,fd5dc3897b156800,"Toronto, CA",2026-08-26 02:34:06.269031+00:00,1,D
TX10004,USR_1201,ACC_2201,124.96,USD,P2P,MER_269,BEN_782,DEV_123,91e7767500f47f48,"London, UK",2026-08-26 02:37:06.269031+00:00,0,A
TX10207,USR_1078,ACC_2078,699.58,USD,WIRE,MER_251,BEN_517,DEV_NEW_2609,ea138d321b39fb53,"New York, US",2026-08-26 02:38:06.269031+00:00,1,B
TX10954,USR_1103,ACC_2103,38.1,USD,ACH,MER_158,BEN_586,DEV_505,3bd6c9e1e86aa4e1,"London, UK",2026-08-26 02:41:06.269031+00:00,0,A
TX10198,USR_1108,ACC_2108,163.67,USD,ACH,MER_309,BEN_690,DEV_140,8892758077968628,"Sydney, AU",2026-08-26 02:41:06.269031+00:00,0,A
TX10145,USR_1291,ACC_2291,109.7,USD,CARD,MER_352,BEN_545,DEV_804,73383021c91189cd,"New York, US",2026-08-26 02:41:06.269031+00:00,0,A
TX10023,USR_1150,ACC_2150,49.61,USD,P2P,MER_206,BEN_598,DEV_645,43a67aa88ddfe9a5,"Tokyo, JP",2026-08-26 02:43:06.269031+00:00,0,A
TX11543,USR_1103,ACC_2103,336.49,USD,WIRE,MER_158,BEN_NEW_9234,DEV_ATO_6345,87ad14d2732e93de,Unknown / Proxy IP,2026-08-26 02:47:06.269031+00:00,1,C
TX11206,USR_1209,ACC_2209,41.05,USD,P2P,MER_211,BEN_889,DEV_686,038309423bd0f69b,"Tokyo, JP",2026-08-26 02:49:06.269031+00:00,0,A
TX10001,USR_1027,ACC_2027,203.61,USD,P2P,MER_175,BEN_689,DEV_214,ead699ed5e370d8a,"London, UK",2026-08-26 02:52:06.269031+00:00,0,A
TX10051,USR_1192,ACC_2192,74.39,USD,P2P,MER_302,BEN_554,DEV_469,20356fb5faf580cb,"Sydney, AU",2026-08-26 02:52:06.269031+00:00,0,A
TX10325,USR_1237,ACC_2237,146.56,USD,CARD,MER_138,BEN_731,DEV_342,c8f4ff7b3b3a1230,"Sydney, AU",2026-08-26 02:55:06.269031+00:00,0,A
TX11733,USR_1058,ACC_2058,94.41,USD,CARD,MER_138,BEN_541,DEV_724,4ca18e2dc49b3667,"London, UK",2026-08-26 02:56:06.269031+00:00,0,A
TX10308,USR_1133,ACC_2133,29.03,USD,P2P,MER_330,BEN_997,DEV_834,9e158f3b51d224a0,"Sydney, AU",2026-08-26 03:00:06.269031+00:00,0,A
TX10092,USR_1010,ACC_2010,3470.47,USD,P2P,MER_201,BEN_RING_777,DEV_RING_999,fd5dc3897b156800,"Tokyo, JP",2026-08-26 03:04:06.269031+00:00,1,D
TX10062,USR_1219,ACC_2219,33.01,USD,P2P,MER_135,BEN_653,DEV_492,cdbc196f2eb61754,"New York, US",2026-08-26 03:05:06.269031+00:00,0,A
TX10289,USR_1283,ACC_2283,162.08,USD,CARD,MER_344,BEN_824,DEV_690,dbb28b3f2cec6d9a,"New York, US",2026-08-26 03:06:06.269031+00:00,0,A
TX10048,USR_1249,ACC_2249,172.18,USD,CARD,MER_212,BEN_519,DEV_956,c24ea062cf3c7968,"Sydney, AU",2026-08-26 03:10:06.269031+00:00,0,A
TX10063,USR_1244,ACC_2244,69.88,USD,CARD,MER_345,BEN_755,DEV_556,95af57c5afaf0f11,"Toronto, CA",2026-08-26 03:12:06.269031+00:00,0,A
TX11035,USR_1296,ACC_2296,61.55,USD,ACH,MER_389,BEN_944,DEV_521,98eccdccd122648d,"Tokyo, JP",2026-08-26 03:13:06.269031+00:00,0,A
TX10786,USR_1206,ACC_2206,5.0,USD,CARD,MER_330,BEN_571,DEV_598,19d4d2715c5c7f3a,"London, UK",2026-08-26 03:15:06.269031+00:00,0,A
TX10505,USR_1242,ACC_2242,190.28,USD,WIRE,MER_269,BEN_963,DEV_932,16b1981054412bbd,"Sydney, AU",2026-08-26 03:24:06.269031+00:00,0,A
TX10277,USR_1210,ACC_2210,134.28,USD,ACH,MER_319,BEN_724,DEV_404,63a4bbc201560ce0,"Tokyo, JP",2026-08-26 03:25:06.269031+00:00,0,A
TX10340,USR_1129,ACC_2129,71.58,USD,CARD,MER_234,BEN_698,DEV_421,4541428cfc1cd62e,"New York, US",2026-08-26 03:26:06.269031+00:00,0,A
TX10375,USR_1075,ACC_2075,44.61,USD,ACH,MER_276,BEN_779,DEV_572,7a29d09e4d3a3ef7,"New York, US",2026-08-26 03:28:06.269031+00:00,0,A
TX11207,USR_1049,ACC_2049,270.52,USD,ACH,MER_144,BEN_874,DEV_NEW_1326,e6501bb34f10bbec,"Tokyo, JP",2026-08-26 03:37:06.269031+00:00,1,B
TX10600,USR_1242,ACC_2242,3766.03,USD,WIRE,MER_125,BEN_NEW_9927,DEV_ATO_7810,ae97c1924daffb7c,Unknown / Proxy IP,2026-08-26 03:37:06.269031+00:00,1,C
TX10485,USR_1086,ACC_2086,136.74,USD,P2P,MER_107,BEN_776,DEV_892,21cf3e421285e1fa,"Tokyo, JP",2026-08-26 03:38:06.269031+00:00,0,A
TX10178,USR_1021,ACC_2021,143.74,USD,P2P,MER_398,BEN_836,DEV_222,60144cd34ce98fe1,"Toronto, CA",2026-08-26 03:39:06.269031+00:00,0,A
TX10041,USR_1160,ACC_2160,5.0,USD,ACH,MER_212,BEN_827,DEV_576,6cbbb8d9648be29a,"Toronto, CA",2026-08-26 03:40:06.269031+00:00,0,A
TX11241,USR_1213,ACC_2213,5.43,USD,ACH,MER_331,BEN_795,DEV_249,53711f667bdda254,"Sydney, AU",2026-08-26 03:40:06.269031+00:00,0,A
TX10126,USR_1068,ACC_2068,86.98,USD,CARD,MER_400,BEN_636,DEV_984,fa361ea74f62b17b,"Sydney, AU",2026-08-26 03:49:06.269031+00:00,0,A
TX10255,USR_1094,ACC_2094,123.17,USD,WIRE,MER_387,BEN_890,DEV_967,d5406cc498d4564d,"Tokyo, JP",2026-08-26 03:54:06.269031+00:00,0,A
TX11650,USR_1225,ACC_2225,101.25,USD,P2P,MER_179,BEN_542,DEV_818,096ece57ca1c0963,"Toronto, CA",2026-08-26 03:56:06.269031+00:00,0,A
TX10019,USR_1299,ACC_2299,5.0,USD,CARD,MER_306,BEN_754,DEV_570,99545487af393e67,"New York, US",2026-08-26 03:58:06.269031+00:00,0,A
TX10417,USR_1204,ACC_2204,31.17,USD,ACH,MER_334,BEN_558,DEV_216,d31bda7984910180,"Tokyo, JP",2026-08-26 03:58:06.269031+00:00,0,A
TX10257,USR_1030,ACC_2030,152.05,USD,WIRE,MER_214,BEN_946,DEV_993,60044722c469d400,"Sydney, AU",2026-08-26 04:04:06.269031+00:00,0,A
TX10045,USR_1282,ACC_2282,833.75,USD,P2P,MER_102,BEN_590,DEV_NEW_5767,d3d65ee8b2408bc7,"New York, US",2026-08-26 04:09:06.269031+00:00,0,B
TX10860,USR_1215,ACC_2215,108.15,USD,ACH,MER_275,BEN_672,DEV_323,9946a0232d0af45c,"Tokyo, JP",2026-08-26 04:10:06.269031+00:00,0,A
TX10058,USR_1261,ACC_2261,66.41,USD,ACH,MER_215,BEN_725,DEV_289,4d4cf90ee85528e0,"Sydney, AU",2026-08-26 04:17:06.269031+00:00,0,A
TX10516,USR_1174,ACC_2174,110.4,USD,P2P,MER_206,BEN_800,DEV_789,21166a9c799f8c9a,"New York, US",2026-08-26 04:32:06.269031+00:00,0,A
TX10008,USR_1127,ACC_2127,40.96,USD,P2P,MER_164,BEN_934,DEV_787,c2be3c3ecfd76072,"London, UK",2026-08-26 04:36:06.269031+00:00,0,A
TX10755,USR_1278,ACC_2278,47.99,USD,P2P,MER_359,BEN_865,DEV_402,075be44c74c91461,"New York, US",2026-08-26 04:36:06.269031+00:00,0,A
TX10086,USR_1294,ACC_2294,452.08,USD,P2P,MER_315,BEN_697,DEV_NEW_3101,cb3af032c68139db,"Sydney, AU",2026-08-26 04:38:06.269031+00:00,0,B
TX10165,USR_1256,ACC_2256,518.46,USD,CARD,MER_110,BEN_CAR_DEALER_150,DEV_UPGRADE_3349,1ef60236fe347e83,"Toronto, CA",2026-08-26 04:40:06.269031+00:00,0,E
TX10122,USR_1085,ACC_2085,71.8,USD,CARD,MER_210,BEN_535,DEV_905,d15e8c587f1dd67a,"Toronto, CA",2026-08-26 04:41:06.269031+00:00,0,A
TX10290,USR_1236,ACC_2236,7.62,USD,CARD,MER_131,BEN_758,DEV_817,d1657b5d33f1bffa,"Toronto, CA",2026-08-26 04:47:06.269031+00:00,0,A
TX10489,USR_1284,ACC_2284,169.96,USD,P2P,MER_102,BEN_771,DEV_138,ccbf846be6c6de2e,"New York, US",2026-08-26 04:48:06.269031+00:00,0,A
TX10399,USR_1110,ACC_2110,51.05,USD,ACH,MER_369,BEN_658,DEV_771,aadad9bce1f7e80b,"Toronto, CA",2026-08-26 04:55:06.269031+00:00,0,A
TX10104,USR_1126,ACC_2126,102.27,USD,P2P,MER_280,BEN_853,DEV_205,5f77f6179e67d445,"Sydney, AU",2026-08-26 04:57:06.269031+00:00,0,A
TX10112,USR_1139,ACC_2139,55.6,USD,WIRE,MER_338,BEN_889,DEV_420,d3d65ee8b2408bc7,"Tokyo, JP",2026-08-26 04:59:06.269031+00:00,0,A
TX10013,USR_1082,ACC_2082,158.58,USD,WIRE,MER_169,BEN_752,DEV_518,e9adc9bb40a0ee12,"New York, US",2026-08-26 05:02:06.269031+00:00,0,A
TX10648,USR_1257,ACC_2257,135.78,USD,WIRE,MER_115,BEN_780,DEV_175,7e192a1d985ae69e,"London, UK",2026-08-26 05:03:06.269031+00:00,0,A
TX10413,USR_1126,ACC_2126,1605.44,USD,WIRE,MER_121,BEN_NEW_9902,DEV_ATO_5999,b78c44446202deca,Unknown / Proxy IP,2026-08-26 05:10:06.269031+00:00,1,C
TX10038,USR_1037,ACC_2037,76.43,USD,CARD,MER_317,BEN_704,DEV_524,47d647a2985d1a90,"Sydney, AU",2026-08-26 05:11:06.269031+00:00,0,A
TX10555,USR_1275,ACC_2275,127.76,USD,CARD,MER_211,BEN_678,DEV_358,cff6f731a3aa7735,"Tokyo, JP",2026-08-26 05:13:06.269031+00:00,0,A
TX10302,USR_1272,ACC_2272,18.31,USD,P2P,MER_190,BEN_563,DEV_469,86889ce0a7e296c8,"Sydney, AU",2026-08-26 05:14:06.269031+00:00,0,A
TX10136,USR_1039,ACC_2039,81.69,USD,CARD,MER_241,BEN_884,DEV_661,b60f32873a6a1158,"Sydney, AU",2026-08-26 05:17:06.269031+00:00,0,A
TX10034,USR_1279,ACC_2279,24.68,USD,ACH,MER_193,BEN_565,DEV_965,98f7d33c8fc726ac,"London, UK",2026-08-26 05:20:06.269031+00:00,0,A
TX10437,USR_1283,ACC_2283,226.36,USD,WIRE,MER_344,BEN_722,DEV_690,b52082bae5419f55,"New York, US",2026-08-26 05:21:06.269031+00:00,0,A
TX10856,USR_1192,ACC_2192,61.72,USD,CARD,MER_103,BEN_569,DEV_469,5dd32c369dca9f43,"Sydney, AU",2026-08-26 05:22:06.269031+00:00,0,A
TX10221,USR_1211,ACC_2211,88.39,USD,ACH,MER_265,BEN_791,DEV_730,83c17ff4daf45ecd,"London, UK",2026-08-26 05:23:06.269031+00:00,0,A
TX10480,USR_1029,ACC_2029,52.63,USD,P2P,MER_310,BEN_877,DEV_985,c7e3f1b326ee84a0,"London, UK",2026-08-26 05:26:06.269031+00:00,0,A
TX10009,USR_1262,ACC_2262,85.71,USD,WIRE,MER_367,BEN_777,DEV_254,571ce0d9dcaaae11,"New York, US",2026-08-26 05:28:06.269031+00:00,0,A
TX10847,USR_1206,ACC_2206,21.72,USD,CARD,MER_195,BEN_571,DEV_598,19d4d2715c5c7f3a,"London, UK",2026-08-26 05:38:06.269031+00:00,0,A
TX10620,USR_1144,ACC_2144,57.29,USD,ACH,MER_119,BEN_808,DEV_482,cc8bd0b7935b5734,"Tokyo, JP",2026-08-26 05:49:06.269031+00:00,0,A
TX10419,USR_1221,ACC_2221,88.24,USD,ACH,MER_383,BEN_905,DEV_703,2ba65b50195c3319,"Sydney, AU",2026-08-26 05:51:06.269031+00:00,0,A
TX10507,USR_1193,ACC_2193,919.41,USD,CARD,MER_345,BEN_653,DEV_NEW_8075,127a00e0f5c3b6fc,"Toronto, CA",2026-08-26 05:57:06.269031+00:00,0,B
TX10162,USR_1050,ACC_2050,80.71,USD,P2P,MER_232,BEN_514,DEV_349,176a14ccea5b7c33,"Sydney, AU",2026-08-26 06:02:06.269031+00:00,0,A
TX10125,USR_1119,ACC_2119,215.73,USD,WIRE,MER_249,BEN_823,DEV_213,ef4697ab732d72a0,"Toronto, CA",2026-08-26 06:04:06.269031+00:00,0,A
TX10536,USR_1050,ACC_2050,497.66,USD,WIRE,MER_208,BEN_NEW_9670,DEV_ATO_7697,4855c650c4cbc2e3,Unknown / Proxy IP,2026-08-26 06:04:06.269031+00:00,1,C
TX10534,USR_1254,ACC_2254,97.76,USD,WIRE,MER_105,BEN_825,DEV_244,ce7d41e693885b0f,"Tokyo, JP",2026-08-26 06:05:06.269031+00:00,0,A
TX10817,USR_1193,ACC_2193,2468.94,USD,WIRE,MER_260,BEN_NEW_9206,DEV_ATO_7857,8c4ea4fea5190a35,Unknown / Proxy IP,2026-08-26 06:08:06.269031+00:00,1,C
TX10539,USR_1116,ACC_2116,99.83,USD,ACH,MER_214,BEN_702,DEV_327,0afa7d2175280287,"New York, US",2026-08-26 06:08:06.269031+00:00,0,A
TX10183,USR_1083,ACC_2083,125.28,USD,CARD,MER_116,BEN_987,DEV_860,175fedd283ce6476,"New York, US",2026-08-26 06:09:06.269031+00:00,0,A
TX10026,USR_1098,ACC_2098,256.28,USD,CARD,MER_276,BEN_886,DEV_777,52fe8baed4ca9e50,"Tokyo, JP",2026-08-26 06:12:06.269031+00:00,0,A
TX10154,USR_1097,ACC_2097,140.55,USD,WIRE,MER_239,BEN_952,DEV_478,50903041fbb7424c,"Toronto, CA",2026-08-26 06:12:06.269031+00:00,0,A
TX10796,USR_1000,ACC_2000,5657.34,USD,P2P,MER_144,BEN_RING_777,DEV_RING_999,fd5dc3897b156800,"London, UK",2026-08-26 06:13:06.269031+00:00,1,D
TX10210,USR_1107,ACC_2107,53.3,USD,ACH,MER_330,BEN_756,DEV_560,0260ce68191b235c,"London, UK",2026-08-26 06:13:06.269031+00:00,0,A
TX10463,USR_1210,ACC_2210,118.26,USD,CARD,MER_160,BEN_943,DEV_404,63a4bbc201560ce0,"Tokyo, JP",2026-08-26 06:17:06.269031+00:00,0,A
TX10500,USR_1026,ACC_2026,116.37,USD,P2P,MER_318,BEN_826,DEV_749,644cd2e14ee2c85b,"New York, US",2026-08-26 06:17:06.269031+00:00,0,A
TX10400,USR_1134,ACC_2134,177.54,USD,P2P,MER_357,BEN_994,DEV_999,fcac5511c1942848,"Toronto, CA",2026-08-26 06:17:06.269031+00:00,0,A
TX10120,USR_1159,ACC_2159,18.32,USD,ACH,MER_105,BEN_654,DEV_106,9be4689c28b9a2b0,"Tokyo, JP",2026-08-26 06:17:06.269031+00:00,0,A
TX10140,USR_1220,ACC_2220,178.66,USD,ACH,MER_171,BEN_815,DEV_724,653a1acc24d310b4,"London, UK",2026-08-26 06:18:06.269031+00:00,0,A
TX10199,USR_1281,ACC_2281,112.93,USD,CARD,MER_177,BEN_945,DEV_583,068cee71cfaa6c66,"Sydney, AU",2026-08-26 06:19:06.269031+00:00,0,A
TX10089,USR_1051,ACC_2051,116.29,USD,WIRE,MER_343,BEN_623,DEV_386,b397558ee799977c,"New York, US",2026-08-26 06:22:06.269031+00:00,0,A
TX10237,USR_1269,ACC_2269,40.05,USD,P2P,MER_145,BEN_568,DEV_387,f73871d4716ca547,"New York, US",2026-08-26 06:22:06.269031+00:00,0,A
TX10783,USR_1222,ACC_2222,97.23,USD,WIRE,MER_353,BEN_527,DEV_310,0320c343468f3a66,"Sydney, AU",2026-08-26 06:22:06.269031+00:00,0,A
TX10688,USR_1281,ACC_2281,461.08,USD,WIRE,MER_275,BEN_NEW_9496,DEV_ATO_5085,1f78736f19665485,Unknown / Proxy IP,2026-08-26 06:24:06.269031+00:00,1,C
TX11580,USR_1103,ACC_2103,25.36,USD,ACH,MER_371,BEN_539,DEV_505,bebb722f73a4cf21,"London, UK",2026-08-26 06:31:06.269031+00:00,0,A
TX10263,USR_1183,ACC_2183,75.16,USD,WIRE,MER_128,BEN_707,DEV_800,73e4ace72d513ef6,"New York, US",2026-08-26 06:38:06.269031+00:00,0,A
TX11079,USR_1221,ACC_2221,102.23,USD,P2P,MER_113,BEN_626,DEV_703,decd57703473e273,"Sydney, AU",2026-08-26 06:39:06.269031+00:00,0,A
TX10322,USR_1268,ACC_2268,156.87,USD,CARD,MER_255,BEN_743,DEV_139,520b3672ae9f6d8e,"London, UK",2026-08-26 06:42:06.269031+00:00,0,A
TX10268,USR_1028,ACC_2028,46.3,USD,CARD,MER_308,BEN_607,DEV_415,2ae2dd1e0363c949,"New York, US",2026-08-26 06:47:06.269031+00:00,0,A
TX10483,USR_1119,ACC_2119,104.62,USD,WIRE,MER_319,BEN_823,DEV_213,9c57e81541391015,"Toronto, CA",2026-08-26 06:47:06.269031+00:00,0,A
TX10069,USR_1205,ACC_2205,118.96,USD,CARD,MER_170,BEN_698,DEV_420,17a963387deb159b,"London, UK",2026-08-26 06:49:06.269031+00:00,0,A
TX10473,USR_1202,ACC_2202,11.85,USD,CARD,MER_102,BEN_814,DEV_916,6479e01d7b163595,"Sydney, AU",2026-08-26 06:50:06.269031+00:00,0,A
TX10337,USR_1267,ACC_2267,415.59,USD,ACH,MER_241,BEN_835,DEV_NEW_3332,4a5972ea9c44bd37,"Tokyo, JP",2026-08-26 06:56:06.269031+00:00,1,B
TX10864,USR_1116,ACC_2116,71.1,USD,CARD,MER_297,BEN_702,DEV_327,dcd6e2c220238f22,"New York, US",2026-08-26 06:56:06.269031+00:00,0,A
TX11228,USR_1252,ACC_2252,97.83,USD,CARD,MER_257,BEN_787,DEV_239,2976e699c0947510,"Sydney, AU",2026-08-26 07:00:06.269031+00:00,0,A
TX10599,USR_1021,ACC_2021,111.45,USD,ACH,MER_233,BEN_714,DEV_683,54c8e13af5852b70,"Toronto, CA",2026-08-26 07:02:06.269031+00:00,0,A
TX10147,USR_1171,ACC_2171,94.26,USD,P2P,MER_276,BEN_820,DEV_523,8aae49a384ac18fb,"Toronto, CA",2026-08-26 07:08:06.269031+00:00,0,A
TX11165,USR_1206,ACC_2206,23.36,USD,WIRE,MER_195,BEN_647,DEV_598,19d4d2715c5c7f3a,"London, UK",2026-08-26 07:08:06.269031+00:00,0,A
TX10416,USR_1291,ACC_2291,906.06,USD,ACH,MER_156,BEN_CAR_DEALER_177,DEV_UPGRADE_3560,07e6b2518940233a,"New York, US",2026-08-26 07:10:06.269031+00:00,0,E
TX11128,USR_1020,ACC_2020,115.46,USD,P2P,MER_134,BEN_760,DEV_151,b5ff272adcc184f7,"Toronto, CA",2026-08-26 07:10:06.269031+00:00,0,A
TX10411,USR_1063,ACC_2063,123.07,USD,CARD,MER_182,BEN_670,DEV_699,201c1973492a8659,"New York, US",2026-08-26 07:11:06.269031+00:00,0,A
TX10487,USR_1194,ACC_2194,71.41,USD,ACH,MER_202,BEN_643,DEV_852,9f8604cb7e467670,"Toronto, CA",2026-08-26 07:15:06.269031+00:00,0,A
TX11232,USR_1206,ACC_2206,388.12,USD,WIRE,MER_127,BEN_NEW_8648,DEV_ATO_5200,b1f8dec648a58ca7,Unknown / Proxy IP,2026-08-26 07:16:06.269031+00:00,1,C
TX10854,USR_1036,ACC_2036,89.79,USD,ACH,MER_137,BEN_575,DEV_627,84da049c89fa3fcd,"London, UK",2026-08-26 07:24:06.269031+00:00,0,A
TX10014,USR_1016,ACC_2016,25.28,USD,P2P,MER_150,BEN_844,DEV_294,faef1aaa3962a0dd,"Sydney, AU",2026-08-26 07:30:06.269031+00:00,0,A
TX10229,USR_1286,ACC_2286,16.24,USD,CARD,MER_216,BEN_584,DEV_544,67dbe69b22e1a125,"Tokyo, JP",2026-08-26 07:31:06.269031+00:00,0,A
TX10535,USR_1038,ACC_2038,5.0,USD,CARD,MER_262,BEN_841,DEV_151,d1561592aad7dc92,"Sydney, AU",2026-08-26 07:31:06.269031+00:00,0,A
TX10073,USR_1018,ACC_2018,213.59,USD,ACH,MER_130,BEN_746,DEV_195,42b646eb5a141864,"London, UK",2026-08-26 07:32:06.269031+00:00,0,A
TX10049,USR_1265,ACC_2265,92.14,USD,P2P,MER_241,BEN_784,DEV_954,3a9ef89cf7f2e266,"New York, US",2026-08-26 07:35:06.269031+00:00,0,A
TX10679,USR_1038,ACC_2038,1302.72,USD,WIRE,MER_262,BEN_NEW_8856,DEV_ATO_6258,6446df0a12464017,Unknown / Proxy IP,2026-08-26 07:40:06.269031+00:00,1,C
TX10887,USR_1025,ACC_2025,210.79,USD,CARD,MER_235,BEN_851,DEV_378,8735e94194cd8c19,"Tokyo, JP",2026-08-26 07:43:06.269031+00:00,0,A
TX10091,USR_1190,ACC_2190,5.0,USD,P2P,MER_143,BEN_649,DEV_205,b887672fb3b147e6,"Toronto, CA",2026-08-26 07:43:06.269031+00:00,0,A
TX10150,USR_1201,ACC_2201,59.42,USD,ACH,MER_386,BEN_764,DEV_123,91e7767500f47f48,"London, UK",2026-08-26 07:45:06.269031+00:00,0,A
TX10144,USR_1135,ACC_2135,59.64,USD,ACH,MER_140,BEN_765,DEV_411,1f75cdd633f3da73,"London, UK",2026-08-26 07:47:06.269031+00:00,0,A
TX10429,USR_1006,ACC_2006,58.35,USD,P2P,MER_133,BEN_912,DEV_801,59cafa1bb8624437,"New York, US",2026-08-26 07:50:06.269031+00:00,0,A
TX10635,USR_1265,ACC_2265,2187.88,USD,WIRE,MER_366,BEN_NEW_9102,DEV_ATO_9281,7732e3b1d4e0c19c,Unknown / Proxy IP,2026-08-26 07:50:06.269031+00:00,1,C
TX10135,USR_1212,ACC_2212,5.0,USD,CARD,MER_167,BEN_884,DEV_396,ecfbae456439a3ec,"New York, US",2026-08-26 07:51:06.269031+00:00,0,A
TX10205,USR_1121,ACC_2121,80.78,USD,P2P,MER_223,BEN_882,DEV_499,257492fb34368b9a,"Sydney, AU",2026-08-26 07:57:06.269031+00:00,0,A
TX10346,USR_1160,ACC_2160,36.85,USD,P2P,MER_251,BEN_560,DEV_576,337d54f89d9cced9,"Toronto, CA",2026-08-26 07:58:06.269031+00:00,0,A
TX10823,USR_1000,ACC_2000,63.89,USD,WIRE,MER_144,BEN_879,DEV_125,848df14feec37bf9,"London, UK",2026-08-26 08:00:06.269031+00:00,0,A
TX11275,USR_1233,ACC_2233,34.78,USD,CARD,MER_288,BEN_737,DEV_666,7a77d66cbd8271ef,"Tokyo, JP",2026-08-26 08:00:06.269031+00:00,0,A
TX10110,USR_1280,ACC_2280,92.11,USD,ACH,MER_127,BEN_650,DEV_463,c80da5be8e1c3709,"Sydney, AU",2026-08-26 08:01:06.269031+00:00,0,A
TX10528,USR_1260,ACC_2260,74.25,USD,P2P,MER_378,BEN_901,DEV_126,c76f81af2463d382,"New York, US",2026-08-26 08:02:06.269031+00:00,0,A
TX10285,USR_1102,ACC_2102,96.21,USD,ACH,MER_154,BEN_932,DEV_920,bcef80d0e40d9da3,"Tokyo, JP",2026-08-26 08:05:06.269031+00:00,0,A
TX10633,USR_1082,ACC_2082,123.11,USD,WIRE,MER_375,BEN_752,DEV_764,28af3e505676849d,"New York, US",2026-08-26 08:06:06.269031+00:00,0,A
TX10111,USR_1199,ACC_2199,33.23,USD,ACH,MER_312,BEN_676,DEV_556,cec3b891aa0766f8,"Toronto, CA",2026-08-26 08:10:06.269031+00:00,0,A
TX10722,USR_1171,ACC_2171,61.38,USD,ACH,MER_124,BEN_820,DEV_523,8aae49a384ac18fb,"Toronto, CA",2026-08-26 08:10:06.269031+00:00,0,A
TX10129,USR_1259,ACC_2259,108.47,USD,ACH,MER_318,BEN_501,DEV_198,9a6601d20f581d5c,"Sydney, AU",2026-08-26 08:12:06.269031+00:00,0,A
TX11102,USR_1053,ACC_2053,446.36,USD,ACH,MER_161,BEN_618,DEV_NEW_8571,384061d4871fda2e,"Tokyo, JP",2026-08-26 08:12:06.269031+00:00,1,B
TX10345,USR_1181,ACC_2181,74.68,USD,P2P,MER_191,BEN_757,DEV_117,31b63d4339095769,"Tokyo, JP",2026-08-26 08:13:06.269031+00:00,0,A
TX10310,USR_1078,ACC_2078,72.64,USD,ACH,MER_286,BEN_903,DEV_743,ea138d321b39fb53,"New York, US",2026-08-26 08:13:06.269031+00:00,0,A
TX10012,USR_1012,ACC_2012,120.87,USD,ACH,MER_381,BEN_743,DEV_187,e909c29bce6a8450,"Toronto, CA",2026-08-26 08:16:06.269031+00:00,0,A
TX10166,USR_1044,ACC_2044,123.88,USD,ACH,MER_141,BEN_889,DEV_286,7dd4f2ecf1f66f66,"Sydney, AU",2026-08-26 08:18:06.269031+00:00,0,A
TX10794,USR_1250,ACC_2250,43.26,USD,WIRE,MER_175,BEN_590,DEV_100,8bc5ca6f1c58f90a,"London, UK",2026-08-26 08:19:06.269031+00:00,0,A
TX10071,USR_1019,ACC_2019,49.92,USD,P2P,MER_260,BEN_995,DEV_903,169234b0f36be910,"Toronto, CA",2026-08-26 08:23:06.269031+00:00,0,A
TX10842,USR_1288,ACC_2288,115.65,USD,CARD,MER_254,BEN_563,DEV_769,b840d900f540b080,"New York, US",2026-08-26 08:33:06.269031+00:00,0,A
TX11371,USR_1021,ACC_2021,139.62,USD,WIRE,MER_398,BEN_714,DEV_222,54c8e13af5852b70,"Toronto, CA",2026-08-26 08:37:06.269031+00:00,0,A
TX10046,USR_1046,ACC_2046,66.71,USD,WIRE,MER_259,BEN_738,DEV_344,753d8b158f374251,"Toronto, CA",2026-08-26 08:48:06.269031+00:00,0,A
TX10382,USR_1256,ACC_2256,37.89,USD,WIRE,MER_263,BEN_583,DEV_459,3c88c3dde07ae353,"Toronto, CA",2026-08-26 08:52:06.269031+00:00,0,A
TX11372,USR_1213,ACC_2213,29.01,USD,P2P,MER_147,BEN_821,DEV_249,d26342a17acaefd0,"Sydney, AU",2026-08-26 08:55:06.269031+00:00,0,A
TX10022,USR_1274,ACC_2274,62.2,USD,CARD,MER_167,BEN_942,DEV_762,383262a527cc1403,"Sydney, AU",2026-08-26 09:02:06.269031+00:00,0,A
TX10888,USR_1116,ACC_2116,137.79,USD,WIRE,MER_291,BEN_527,DEV_327,dcd6e2c220238f22,"New York, US",2026-08-26 09:05:06.269031+00:00,0,A
TX10582,USR_1042,ACC_2042,37.85,USD,ACH,MER_272,BEN_639,DEV_405,070ff06ec268ff91,"Sydney, AU",2026-08-26 09:07:06.269031+00:00,0,A
TX10377,USR_1120,ACC_2120,165.22,USD,ACH,MER_284,BEN_768,DEV_729,acf4e5f702d3cb66,"London, UK",2026-08-26 09:07:06.269031+00:00,0,A
TX10389,USR_1120,ACC_2120,3549.18,USD,WIRE,MER_134,BEN_NEW_9596,DEV_ATO_7244,13a900b515dfa3c4,Unknown / Proxy IP,2026-08-26 09:12:06.269031+00:00,1,C
TX10065,USR_1161,ACC_2161,145.07,USD,WIRE,MER_211,BEN_775,DEV_565,5cdd1dd4ffdabd3f,"Sydney, AU",2026-08-26 09:13:06.269031+00:00,0,A
TX10482,USR_1031,ACC_2031,67.55,USD,P2P,MER_397,BEN_669,DEV_385,5200cf954889065e,"Tokyo, JP",2026-08-26 09:17:06.269031+00:00,0,A
TX10334,USR_1248,ACC_2248,120.95,USD,WIRE,MER_390,BEN_860,DEV_280,f39d9230d2c100e0,"Tokyo, JP",2026-08-26 09:19:06.269031+00:00,0,A
TX10801,USR_1281,ACC_2281,55.68,USD,WIRE,MER_275,BEN_527,DEV_583,068cee71cfaa6c66,"Sydney, AU",2026-08-26 09:21:06.269031+00:00,0,A
TX10751,USR_1257,ACC_2257,914.8,USD,P2P,MER_115,BEN_982,DEV_NEW_9887,891555760069fa87,"London, UK",2026-08-26 09:23:06.269031+00:00,1,B
TX10294,USR_1046,ACC_2046,165.88,USD,P2P,MER_158,BEN_738,DEV_344,753d8b158f374251,"Toronto, CA",2026-08-26 09:25:06.269031+00:00,0,A
TX11033,USR_1275,ACC_2275,997.72,USD,CARD,MER_254,BEN_678,DEV_NEW_1653,ca3268b5ffd16cb7,"Tokyo, JP",2026-08-26 09:25:06.269031+00:00,1,B
TX10566,USR_1022,ACC_2022,94.73,USD,CARD,MER_137,BEN_830,DEV_785,3dcf2f0b24fe3401,"Sydney, AU",2026-08-26 09:27:06.269031+00:00,0,A
TX11151,USR_1161,ACC_2161,142.02,USD,CARD,MER_141,BEN_922,DEV_256,67c9e296ad6a0f6a,"Sydney, AU",2026-08-26 09:31:06.269031+00:00,0,A
TX10099,USR_1172,ACC_2172,35.24,USD,P2P,MER_173,BEN_623,DEV_813,a857062f049ebbf9,"London, UK",2026-08-26 09:39:06.269031+00:00,0,A
TX11891,USR_1197,ACC_2197,109.27,USD,P2P,MER_388,BEN_555,DEV_137,c5d9afcc6e182623,"Toronto, CA",2026-08-26 09:39:06.269031+00:00,0,A
TX10821,USR_1033,ACC_2033,94.6,USD,CARD,MER_253,BEN_720,DEV_632,d04c1334ba31bc7c,"London, UK",2026-08-26 09:44:06.269031+00:00,0,A
TX10439,USR_1224,ACC_2224,117.06,USD,ACH,MER_312,BEN_530,DEV_174,1db1632945fdf4fb,"Tokyo, JP",2026-08-26 09:44:06.269031+00:00,0,A
TX10404,USR_1091,ACC_2091,5.0,USD,ACH,MER_146,BEN_630,DEV_947,22d65b867187739e,"New York, US",2026-08-26 09:44:06.269031+00:00,0,A
TX10945,USR_1192,ACC_2192,25.94,USD,CARD,MER_103,BEN_569,DEV_469,5dd32c369dca9f43,"Sydney, AU",2026-08-26 09:47:06.269031+00:00,0,A
TX10624,USR_1242,ACC_2242,165.68,USD,CARD,MER_269,BEN_933,DEV_176,bda908a866f4be63,"Sydney, AU",2026-08-26 09:49:06.269031+00:00,0,A
TX12291,USR_1233,ACC_2233,132.39,USD,ACH,MER_379,BEN_818,DEV_666,0f926437fe0698e4,"Tokyo, JP",2026-08-26 10:01:06.269031+00:00,0,A
TX10030,USR_1207,ACC_2207,101.85,USD,WIRE,MER_327,BEN_712,DEV_596,ba65fed7c7170164,"Toronto, CA",2026-08-26 10:02:06.269031+00:00,0,A
TX12503,USR_1058,ACC_2058,109.03,USD,WIRE,MER_138,BEN_838,DEV_724,fbabd4fed7536e51,"London, UK",2026-08-26 10:06:06.269031+00:00,0,A
TX10647,USR_1189,ACC_2189,76.78,USD,P2P,MER_329,BEN_889,DEV_469,a15c24663e9716f9,"Tokyo, JP",2026-08-26 10:08:06.269031+00:00,0,A
TX10369,USR_1186,ACC_2186,71.25,USD,ACH,MER_127,BEN_696,DEV_178,eb7f2ef45fdc1ca3,"Sydney, AU",2026-08-26 10:08:06.269031+00:00,0,A
TX12565,USR_1059,ACC_2059,5.0,USD,WIRE,MER_244,BEN_516,DEV_102,5ec654ffc81f21ab,"Sydney, AU",2026-08-26 10:12:06.269031+00:00,0,A
TX10115,USR_1064,ACC_2064,150.77,USD,CARD,MER_159,BEN_661,DEV_778,4db1862dd0e40d19,"Sydney, AU",2026-08-26 10:13:06.269031+00:00,0,A
TX10465,USR_1216,ACC_2216,120.19,USD,P2P,MER_254,BEN_725,DEV_741,119ef96e716612dc,"New York, US",2026-08-26 10:17:06.269031+00:00,0,A
TX10756,USR_1108,ACC_2108,148.2,USD,P2P,MER_126,BEN_690,DEV_140,63da350cf0be46c5,"Sydney, AU",2026-08-26 10:22:06.269031+00:00,0,A
TX10272,USR_1218,ACC_2218,79.72,USD,P2P,MER_167,BEN_504,DEV_318,55488a4c24a30597,"London, UK",2026-08-26 10:24:06.269031+00:00,0,A
TX10573,USR_1255,ACC_2255,84.57,USD,ACH,MER_314,BEN_697,DEV_355,ccfdb0e012ebf470,"New York, US",2026-08-26 10:25:06.269031+00:00,0,A
TX10563,USR_1157,ACC_2157,92.26,USD,CARD,MER_251,BEN_583,DEV_237,aafc24df024560d9,"New York, US",2026-08-26 10:25:06.269031+00:00,0,A
TX10179,USR_1203,ACC_2203,92.54,USD,WIRE,MER_266,BEN_909,DEV_385,b36e719e322cc5fc,"New York, US",2026-08-26 10:26:06.269031+00:00,0,A
TX10503,USR_1006,ACC_2006,2471.33,USD,P2P,MER_305,BEN_RING_777,DEV_RING_999,fd5dc3897b156800,"New York, US",2026-08-26 10:27:06.269031+00:00,1,D
TX10316,USR_1112,ACC_2112,54.81,USD,WIRE,MER_167,BEN_672,DEV_619,21a2fd522723acff,"Toronto, CA",2026-08-26 10:29:06.269031+00:00,0,A
TX10047,USR_1071,ACC_2071,58.07,USD,ACH,MER_179,BEN_869,DEV_995,7eebaedd1b534afc,"Sydney, AU",2026-08-26 10:29:06.269031+00:00,0,A
TX10484,USR_1208,ACC_2208,77.79,USD,CARD,MER_361,BEN_775,DEV_914,bf683377a3f8fe47,"Tokyo, JP",2026-08-26 10:29:06.269031+00:00,0,A
TX11781,USR_1025,ACC_2025,180.46,USD,WIRE,MER_235,BEN_824,DEV_378,2488659b8d6070e6,"Tokyo, JP",2026-08-26 10:29:06.269031+00:00,0,A
TX10438,USR_1177,ACC_2177,81.15,USD,P2P,MER_399,BEN_633,DEV_146,d0954936adb6f994,"London, UK",2026-08-26 10:34:06.269031+00:00,0,A
TX10128,USR_1079,ACC_2079,102.01,USD,WIRE,MER_273,BEN_631,DEV_305,03e70a2d37a6fbd7,"Tokyo, JP",2026-08-26 10:36:06.269031+00:00,0,A
TX11404,USR_1114,ACC_2114,99.13,USD,WIRE,MER_182,BEN_893,DEV_955,a96525fe39fe5020,"Sydney, AU",2026-08-26 10:36:06.269031+00:00,0,A
TX10472,USR_1235,ACC_2235,216.96,USD,P2P,MER_147,BEN_572,DEV_310,1fe9fcc6678ffd0c,"Sydney, AU",2026-08-26 10:37:06.269031+00:00,0,A
TX13697,USR_1246,ACC_2246,62.04,USD,WIRE,MER_115,BEN_805,DEV_452,4cffe2ace69f07b5,"London, UK",2026-08-26 10:38:06.269031+00:00,0,A
TX10649,USR_1208,ACC_2208,1609.12,USD,WIRE,MER_334,BEN_NEW_8173,DEV_ATO_5767,413723b569de7388,Unknown / Proxy IP,2026-08-26 10:42:06.269031+00:00,1,C
TX10551,USR_1073,ACC_2073,58.99,USD,CARD,MER_250,BEN_514,DEV_332,e5324ea32e3f72f6,"New York, US",2026-08-26 10:42:06.269031+00:00,0,A
TX10338,USR_1107,ACC_2107,56.28,USD,CARD,MER_275,BEN_809,DEV_560,9e958d16e65a5abe,"London, UK",2026-08-26 10:44:06.269031+00:00,0,A
TX10076,USR_1099,ACC_2099,148.63,USD,P2P,MER_161,BEN_654,DEV_325,7f3bb771f0573b6f,"New York, US",2026-08-26 10:47:06.269031+00:00,0,A
TX10176,USR_1166,ACC_2166,163.73,USD,ACH,MER_301,BEN_940,DEV_990,c8ad27d26d0d4858,"Toronto, CA",2026-08-26 10:53:06.269031+00:00,0,A
TX10426,USR_1236,ACC_2236,6.26,USD,ACH,MER_131,BEN_758,DEV_817,d1657b5d33f1bffa,"Toronto, CA",2026-08-26 10:59:06.269031+00:00,0,A
TX10378,USR_1158,ACC_2158,76.84,USD,P2P,MER_265,BEN_705,DEV_279,1ec4162308d86ff4,"Sydney, AU",2026-08-26 11:06:06.269031+00:00,0,A
TX10298,USR_1187,ACC_2187,110.77,USD,CARD,MER_351,BEN_667,DEV_337,a1cb0cc2002ac8fe,"Toronto, CA",2026-08-26 11:09:06.269031+00:00,0,A
TX10470,USR_1110,ACC_2110,707.54,USD,P2P,MER_292,BEN_658,DEV_NEW_7841,aadad9bce1f7e80b,"Toronto, CA",2026-08-26 11:14:06.269031+00:00,1,B
TX10690,USR_1282,ACC_2282,109.84,USD,P2P,MER_102,BEN_590,DEV_423,d3d65ee8b2408bc7,"New York, US",2026-08-26 11:16:06.269031+00:00,0,A
TX10093,USR_1076,ACC_2076,103.84,USD,CARD,MER_251,BEN_792,DEV_356,af0d92457cc9a553,"Sydney, AU",2026-08-26 11:24:06.269031+00:00,0,A
TX10033,USR_1015,ACC_2015,116.84,USD,ACH,MER_342,BEN_870,DEV_626,5457ab5de7f73ba3,"London, UK",2026-08-26 11:26:06.269031+00:00,0,A
TX10314,USR_1151,ACC_2151,212.4,USD,WIRE,MER_248,BEN_793,DEV_591,c1de55ccf4ebef4d,"Tokyo, JP",2026-08-26 11:26:06.269031+00:00,0,A
TX10355,USR_1015,ACC_2015,1395.94,USD,WIRE,MER_392,BEN_NEW_9276,DEV_ATO_7678,06512470ead53cad,Unknown / Proxy IP,2026-08-26 11:28:06.269031+00:00,1,C
TX10725,USR_1158,ACC_2158,94.13,USD,WIRE,MER_171,BEN_705,DEV_279,992c28be99efb351,"Sydney, AU",2026-08-26 11:28:06.269031+00:00,0,A
TX10231,USR_1088,ACC_2088,72.39,USD,ACH,MER_254,BEN_901,DEV_707,bb2cb8fd7aba67e8,"Toronto, CA",2026-08-26 11:28:06.269031+00:00,0,A
TX10060,USR_1090,ACC_2090,60.99,USD,CARD,MER_216,BEN_936,DEV_490,d37b2f3a3e8b1e76,"Toronto, CA",2026-08-26 11:30:06.269031+00:00,0,A
TX10420,USR_1198,ACC_2198,71.96,USD,WIRE,MER_394,BEN_613,DEV_870,9b0f4b33f9b12ba7,"New York, US",2026-08-26 11:31:06.269031+00:00,0,A
TX10095,USR_1130,ACC_2130,149.36,USD,CARD,MER_327,BEN_936,DEV_726,a132455f8aba0763,"London, UK",2026-08-26 11:31:06.269031+00:00,0,A
TX10109,USR_1251,ACC_2251,29.45,USD,WIRE,MER_302,BEN_860,DEV_892,1967d4b96d6bf678,"Tokyo, JP",2026-08-26 11:33:06.269031+00:00,0,A
TX10617,USR_1293,ACC_2293,570.82,USD,ACH,MER_324,BEN_CAR_DEALER_119,DEV_UPGRADE_3341,5fcbcf952ebe4639,"New York, US",2026-08-26 11:35:06.269031+00:00,0,E
TX10219,USR_1179,ACC_2179,46.6,USD,P2P,MER_124,BEN_517,DEV_243,f373adddf6679640,"Toronto, CA",2026-08-26 11:36:06.269031+00:00,0,A
TX10054,USR_1245,ACC_2245,130.93,USD,ACH,MER_378,BEN_822,DEV_240,de4ba9a4b949b1d3,"Toronto, CA",2026-08-26 11:37:06.269031+00:00,0,A
TX10602,USR_1205,ACC_2205,134.57,USD,CARD,MER_316,BEN_855,DEV_420,17a963387deb159b,"London, UK",2026-08-26 11:38:06.269031+00:00,0,A
TX10042,USR_1169,ACC_2169,121.77,USD,P2P,MER_211,BEN_522,DEV_708,3f124d1fb7b436f7,"New York, US",2026-08-26 11:38:06.269031+00:00,0,A
TX10559,USR_1124,ACC_2124,40.77,USD,ACH,MER_297,BEN_688,DEV_982,6368a1fc6b09e2af,"Tokyo, JP",2026-08-26 11:38:06.269031+00:00,0,A
TX10011,USR_1287,ACC_2287,37.93,USD,P2P,MER_124,BEN_905,DEV_851,30f7004dbb25ffff,"New York, US",2026-08-26 11:39:06.269031+00:00,0,A
TX10201,USR_1069,ACC_2069,214.24,USD,ACH,MER_219,BEN_596,DEV_252,ed4b5a832416af09,"Tokyo, JP",2026-08-26 11:42:06.269031+00:00,0,A
TX10057,USR_1241,ACC_2241,37.68,USD,ACH,MER_290,BEN_601,DEV_204,fbd7d4ee4caf9386,"New York, US",2026-08-26 11:42:06.269031+00:00,0,A
TX10211,USR_1060,ACC_2060,103.85,USD,ACH,MER_257,BEN_536,DEV_535,204afa4b255ccaef,"London, UK",2026-08-26 11:43:06.269031+00:00,0,A
TX10067,USR_1285,ACC_2285,113.55,USD,ACH,MER_333,BEN_523,DEV_205,f508248cccfe83c8,"London, UK",2026-08-26 11:44:06.269031+00:00,0,A
TX11831,USR_1122,ACC_2122,114.78,USD,CARD,MER_250,BEN_915,DEV_145,f5a9eef8abf31c92,"London, UK",2026-08-26 11:46:06.269031+00:00,0,A
TX10193,USR_1140,ACC_2140,97.14,USD,P2P,MER_181,BEN_992,DEV_560,f3c751082b63d214,"Sydney, AU",2026-08-26 11:46:06.269031+00:00,0,A
TX10105,USR_1182,ACC_2182,123.25,USD,P2P,MER_224,BEN_540,DEV_346,a8f4b31a7881bbaf,"Tokyo, JP",2026-08-26 11:46:06.269031+00:00,0,A
TX10694,USR_1125,ACC_2125,16.46,USD,P2P,MER_140,BEN_542,DEV_608,3bd97ae68c3711b6,"Toronto, CA",2026-08-26 11:50:06.269031+00:00,0,A
TX10838,USR_1094,ACC_2094,98.74,USD,WIRE,MER_385,BEN_642,DEV_967,d5406cc498d4564d,"Tokyo, JP",2026-08-26 12:00:06.269031+00:00,0,A
TX10003,USR_1084,ACC_2084,62.51,USD,ACH,MER_208,BEN_531,DEV_975,1208c228f12bd6c4,"Tokyo, JP",2026-08-26 12:04:06.269031+00:00,0,A
TX10589,USR_1075,ACC_2075,173.93,USD,ACH,MER_253,BEN_580,DEV_572,48d2d61592213dad,"New York, US",2026-08-26 12:13:06.269031+00:00,0,A
TX10116,USR_1175,ACC_2175,53.82,USD,WIRE,MER_382,BEN_856,DEV_316,2f1a03b6b66eb09f,"New York, US",2026-08-26 12:16:06.269031+00:00,0,A
TX10522,USR_1134,ACC_2134,160.47,USD,WIRE,MER_365,BEN_893,DEV_231,fcac5511c1942848,"Toronto, CA",2026-08-26 12:18:06.269031+00:00,0,A
TX10565,USR_1007,ACC_2007,53.17,USD,ACH,MER_387,BEN_635,DEV_317,b5ece0cc735b0b5b,"Sydney, AU",2026-08-26 12:19:06.269031+00:00,0,A
TX10052,USR_1003,ACC_2003,749.94,USD,ACH,MER_250,BEN_998,DEV_NEW_5600,5fb8c19f162b2fd9,"Sydney, AU",2026-08-26 12:23:06.269031+00:00,0,B
TX10517,USR_1214,ACC_2214,92.02,USD,ACH,MER_147,BEN_797,DEV_627,ca649f404e150fd6,"Tokyo, JP",2026-08-26 12:24:06.269031+00:00,0,A
TX10292,USR_1240,ACC_2240,110.04,USD,CARD,MER_227,BEN_707,DEV_150,ca36ba145e753c8c,"London, UK",2026-08-26 12:28:06.269031+00:00,0,A
TX11470,USR_1275,ACC_2275,101.88,USD,WIRE,MER_338,BEN_936,DEV_358,cff6f731a3aa7735,"Tokyo, JP",2026-08-26 12:41:06.269031+00:00,0,A
TX10184,USR_1196,ACC_2196,28.38,USD,ACH,MER_373,BEN_806,DEV_358,f56b9b8e7db62522,"Sydney, AU",2026-08-26 12:43:06.269031+00:00,0,A
TX10533,USR_1238,ACC_2238,240.4,USD,WIRE,MER_337,BEN_683,DEV_208,b8d2d5c142188c1d,"Sydney, AU",2026-08-26 12:45:06.269031+00:00,0,A
TX10394,USR_1068,ACC_2068,52.41,USD,ACH,MER_396,BEN_759,DEV_984,28b558237a8ce9a4,"Sydney, AU",2026-08-26 12:47:06.269031+00:00,0,A
TX10018,USR_1011,ACC_2011,6174.49,USD,P2P,MER_129,BEN_RING_777,DEV_RING_999,fd5dc3897b156800,"New York, US",2026-08-26 12:48:06.269031+00:00,1,D
TX10462,USR_1167,ACC_2167,5.0,USD,ACH,MER_294,BEN_778,DEV_845,b9416ceca6a04ceb,"New York, US",2026-08-26 12:53:06.269031+00:00,0,A
TX10638,USR_1216,ACC_2216,153.54,USD,WIRE,MER_167,BEN_733,DEV_741,90c7e4613d1238b2,"New York, US",2026-08-26 12:54:06.269031+00:00,0,A
TX10142,USR_1008,ACC_2008,488.37,USD,ACH,MER_132,BEN_CAR_DEALER_102,DEV_UPGRADE_3322,e2c63244fb17a1bf,"New York, US",2026-08-26 12:56:06.269031+00:00,0,E
TX10730,USR_1038,ACC_2038,122.39,USD,P2P,MER_371,BEN_910,DEV_151,d1561592aad7dc92,"Sydney, AU",2026-08-26 12:57:06.269031+00:00,0,A
TX10306,USR_1118,ACC_2118,85.06,USD,WIRE,MER_314,BEN_654,DEV_119,26b6f82074f626ec,"Toronto, CA",2026-08-26 13:00:06.269031+00:00,0,A
TX10873,USR_1070,ACC_2070,11.85,USD,ACH,MER_164,BEN_577,DEV_425,e17b9a40f4875acc,"Sydney, AU",2026-08-26 13:02:06.269031+00:00,0,A
TX10315,USR_1245,ACC_2245,132.69,USD,ACH,MER_378,BEN_822,DEV_240,de4ba9a4b949b1d3,"Toronto, CA",2026-08-26 13:04:06.269031+00:00,0,A
TX10506,USR_1224,ACC_2224,125.81,USD,P2P,MER_312,BEN_520,DEV_888,69fcc96fe39173c6,"Tokyo, JP",2026-08-26 13:04:06.269031+00:00,0,A
TX10609,USR_1167,ACC_2167,511.42,USD,WIRE,MER_294,BEN_NEW_9094,DEV_ATO_6008,cd8b68f43d7e208c,Unknown / Proxy IP,2026-08-26 13:08:06.269031+00:00,1,C
TX10021,USR_1162,ACC_2162,144.33,USD,ACH,MER_267,BEN_576,DEV_179,085f174413030ecf,"Toronto, CA",2026-08-26 13:12:06.269031+00:00,0,A
TX11080,USR_1115,ACC_2115,83.47,USD,P2P,MER_239,BEN_542,DEV_153,144ef9b1edd50150,"New York, US",2026-08-26 13:13:06.269031+00:00,0,A
TX11166,USR_1164,ACC_2164,123.19,USD,P2P,MER_276,BEN_881,DEV_926,26ded6819e145354,"Tokyo, JP",2026-08-26 13:15:06.269031+00:00,0,A
TX10361,USR_1080,ACC_2080,113.59,USD,CARD,MER_332,BEN_702,DEV_244,483e41a558764e8a,"Sydney, AU",2026-08-26 13:15:06.269031+00:00,0,A
TX10455,USR_1143,ACC_2143,278.81,USD,ACH,MER_165,BEN_730,DEV_146,4ae101e33ed41f66,"Tokyo, JP",2026-08-26 13:16:06.269031+00:00,0,A
TX10371,USR_1290,ACC_2290,27.84,USD,P2P,MER_380,BEN_683,DEV_609,7a232aa325593eec,"Tokyo, JP",2026-08-26 13:23:06.269031+00:00,0,A
TX10296,USR_1170,ACC_2170,5.0,USD,CARD,MER_254,BEN_844,DEV_615,6d3f2c0efed53fd2,"Toronto, CA",2026-08-26 13:23:06.269031+00:00,0,A
TX10544,USR_1104,ACC_2104,942.46,USD,CARD,MER_337,BEN_CAR_DEALER_157,DEV_UPGRADE_3583,4945799b02508963,"New York, US",2026-08-26 13:24:06.269031+00:00,0,E
TX10478,USR_1046,ACC_2046,187.29,USD,CARD,MER_259,BEN_738,DEV_344,753d8b158f374251,"Toronto, CA",2026-08-26 13:24:06.269031+00:00,0,A
TX10226,USR_1231,ACC_2231,62.46,USD,WIRE,MER_392,BEN_968,DEV_283,f3e6e6aad46a7ebd,"Toronto, CA",2026-08-26 13:24:06.269031+00:00,0,A
TX10094,USR_1264,ACC_2264,325.46,USD,WIRE,MER_322,BEN_CAR_DEALER_120,DEV_UPGRADE_3707,9df8a95ed3de918a,"London, UK",2026-08-26 13:29:06.269031+00:00,0,E
TX10331,USR_1182,ACC_2182,124.07,USD,WIRE,MER_389,BEN_907,DEV_346,a8f4b31a7881bbaf,"Tokyo, JP",2026-08-26 13:30:06.269031+00:00,0,A
TX10388,USR_1062,ACC_2062,267.38,USD,ACH,MER_326,BEN_887,DEV_NEW_5186,3cef47ffd66e1e9f,"New York, US",2026-08-26 13:31:06.269031+00:00,1,B
TX10909,USR_1086,ACC_2086,124.82,USD,WIRE,MER_107,BEN_566,DEV_892,ee2876480c330c83,"Tokyo, JP",2026-08-26 13:33:06.269031+00:00,0,A
TX11738,USR_1206,ACC_2206,13.91,USD,CARD,MER_330,BEN_647,DEV_598,17673fd32798d605,"London, UK",2026-08-26 13:34:06.269031+00:00,0,A
TX10078,USR_1131,ACC_2131,65.39,USD,WIRE,MER_214,BEN_863,DEV_455,1a4bad185111ed79,"Tokyo, JP",2026-08-26 13:37:06.269031+00:00,0,A
TX10877,USR_1194,ACC_2194,34.3,USD,P2P,MER_202,BEN_666,DEV_852,9f8604cb7e467670,"Toronto, CA",2026-08-26 13:37:06.269031+00:00,0,A
TX10274,USR_1212,ACC_2212,5.0,USD,WIRE,MER_167,BEN_992,DEV_686,ecfbae456439a3ec,"New York, US",2026-08-26 13:40:06.269031+00:00,0,A
TX11010,USR_1263,ACC_2263,403.83,USD,ACH,MER_117,BEN_CAR_DEALER_135,DEV_UPGRADE_3447,c7e72f84ea95305d,"London, UK",2026-08-26 13:40:06.269031+00:00,0,E
TX10312,USR_1229,ACC_2229,11.22,USD,ACH,MER_230,BEN_684,DEV_369,5a074f4242f6d172,"New York, US",2026-08-26 13:41:06.269031+00:00,0,A
TX12132,USR_1252,ACC_2252,94.91,USD,CARD,MER_257,BEN_862,DEV_261,35a23db528a30342,"Sydney, AU",2026-08-26 13:45:06.269031+00:00,0,A
TX10734,USR_1007,ACC_2007,5306.21,USD,P2P,MER_234,BEN_RING_777,DEV_RING_999,fd5dc3897b156800,"Sydney, AU",2026-08-26 13:45:06.269031+00:00,1,D
TX10220,USR_1207,ACC_2207,47.05,USD,WIRE,MER_389,BEN_709,DEV_596,7743ecec2e2aaec1,"Toronto, CA",2026-08-26 13:46:06.269031+00:00,0,A
TX10127,USR_1095,ACC_2095,135.68,USD,WIRE,MER_279,BEN_639,DEV_723,0650760e7d900a61,"Tokyo, JP",2026-08-26 13:49:06.269031+00:00,0,A
TX10736,USR_1029,ACC_2029,82.22,USD,CARD,MER_227,BEN_512,DEV_985,c7e3f1b326ee84a0,"London, UK",2026-08-26 13:52:06.269031+00:00,0,A
TX10922,USR_1237,ACC_2237,182.48,USD,CARD,MER_169,BEN_619,DEV_342,c8f4ff7b3b3a1230,"Sydney, AU",2026-08-26 13:53:06.269031+00:00,0,A
TX12760,USR_1233,ACC_2233,294.22,USD,P2P,MER_352,BEN_624,DEV_NEW_9734,7a77d66cbd8271ef,"Tokyo, JP",2026-08-26 13:59:06.269031+00:00,1,B
TX10234,USR_1217,ACC_2217,108.84,USD,P2P,MER_146,BEN_820,DEV_195,e7d64b667c42d07d,"London, UK",2026-08-26 14:06:06.269031+00:00,0,A
TX10143,USR_1141,ACC_2141,88.21,USD,ACH,MER_358,BEN_983,DEV_578,4d95437c84830bda,"New York, US",2026-08-26 14:09:06.269031+00:00,0,A
TX10006,USR_1024,ACC_2024,145.06,USD,P2P,MER_383,BEN_980,DEV_726,c7a29d5a635cc9d9,"Toronto, CA",2026-08-26 14:09:06.269031+00:00,0,A
TX11044,USR_1194,ACC_2194,76.74,USD,CARD,MER_158,BEN_666,DEV_852,9f8604cb7e467670,"Toronto, CA",2026-08-26 14:11:06.269031+00:00,0,A
TX10029,USR_1128,ACC_2128,5.0,USD,CARD,MER_287,BEN_689,DEV_492,e116857d689b3cac,"London, UK",2026-08-26 14:18:06.269031+00:00,0,A
TX10481,USR_1132,ACC_2132,166.97,USD,CARD,MER_382,BEN_793,DEV_NEW_9264,638af4639b73a0ed,"New York, US",2026-08-26 14:18:06.269031+00:00,1,B
TX10077,USR_1054,ACC_2054,84.54,USD,CARD,MER_107,BEN_599,DEV_321,25bcd6ffa38deb1b,"Toronto, CA",2026-08-26 14:20:06.269031+00:00,0,A
TX10335,USR_1096,ACC_2096,221.81,USD,CARD,MER_332,BEN_771,DEV_679,2de281d9b2a90870,"New York, US",2026-08-26 14:20:06.269031+00:00,0,A
TX10531,USR_1202,ACC_2202,145.52,USD,WIRE,MER_102,BEN_952,DEV_916,9dfdf13e2de836ee,"Sydney, AU",2026-08-26 14:22:06.269031+00:00,0,A
TX12127,USR_1055,ACC_2055,108.84,USD,WIRE,MER_245,BEN_885,DEV_380,41be1af591f90cd7,"Tokyo, JP",2026-08-26 14:24:06.269031+00:00,0,A
TX10653,USR_1268,ACC_2268,82.52,USD,ACH,MER_237,BEN_743,DEV_139,5580895259e008e5,"London, UK",2026-08-26 14:27:06.269031+00:00,0,A
TX10567,USR_1202,ACC_2202,815.89,USD,WIRE,MER_319,BEN_NEW_8024,DEV_ATO_5122,bab95a8f152fbda9,Unknown / Proxy IP,2026-08-26 14:29:06.269031+00:00,1,C
TX10240,USR_1155,ACC_2155,166.37,USD,WIRE,MER_189,BEN_971,DEV_887,12a2612a581bf810,"Toronto, CA",2026-08-26 14:30:06.269031+00:00,0,A
TX10526,USR_1096,ACC_2096,3915.6,USD,WIRE,MER_292,BEN_NEW_9040,DEV_ATO_7294,350ffcf00e6d8105,Unknown / Proxy IP,2026-08-26 14:34:06.269031+00:00,1,C
TX11557,USR_1276,ACC_2276,57.81,USD,CARD,MER_241,BEN_746,DEV_698,5eb2a79f6f553ed2,"Tokyo, JP",2026-08-26 14:38:06.269031+00:00,0,A
TX10349,USR_1035,ACC_2035,80.13,USD,WIRE,MER_361,BEN_738,DEV_411,ffb021a2722f6a99,"Toronto, CA",2026-08-26 14:39:06.269031+00:00,0,A
TX10233,USR_1069,ACC_2069,178.89,USD,ACH,MER_219,BEN_945,DEV_252,09cef2768190680f,"Tokyo, JP",2026-08-26 14:40:06.269031+00:00,0,A
TX10646,USR_1132,ACC_2132,17.89,USD,ACH,MER_166,BEN_793,DEV_911,01ed69d6118ed97c,"New York, US",2026-08-26 14:42:06.269031+00:00,0,A
TX10907,USR_1091,ACC_2091,27.71,USD,CARD,MER_178,BEN_630,DEV_947,22d65b867187739e,"New York, US",2026-08-26 14:42:06.269031+00:00,0,A
TX11002,USR_1132,ACC_2132,296.31,USD,WIRE,MER_133,BEN_NEW_9821,DEV_ATO_9010,5c887fa6100ed1fa,Unknown / Proxy IP,2026-08-26 14:46:06.269031+00:00,1,C
TX10035,USR_1002,ACC_2002,160.1,USD,P2P,MER_149,BEN_579,DEV_877,b88369def7f91b96,"Tokyo, JP",2026-08-26 14:48:06.269031+00:00,0,A
TX11410,USR_1132,ACC_2132,365.2,USD,WIRE,MER_144,BEN_NEW_9908,DEV_ATO_6342,8c4245d4af847f6d,Unknown / Proxy IP,2026-08-26 14:49:06.269031+00:00,1,C
TX10370,USR_1152,ACC_2152,143.18,USD,P2P,MER_238,BEN_882,DEV_394,145d8ecfad10b8a6,"Sydney, AU",2026-08-26 14:50:06.269031+00:00,0,A
TX10213,USR_1145,ACC_2145,56.2,USD,ACH,MER_267,BEN_810,DEV_830,c615bf10c0f6ef80,"Sydney, AU",2026-08-26 14:51:06.269031+00:00,0,A
TX10232,USR_1064,ACC_2064,172.72,USD,CARD,MER_265,BEN_661,DEV_778,8f4332526fb22e4a,"Sydney, AU",2026-08-26 14:53:06.269031+00:00,0,A
TX10097,USR_1101,ACC_2101,76.83,USD,ACH,MER_307,BEN_863,DEV_570,67cd47b2a74e105a,"Toronto, CA",2026-08-26 14:57:06.269031+00:00,0,A
TX10501,USR_1264,ACC_2264,5.0,USD,ACH,MER_121,BEN_598,DEV_223,c5d36bbeb8a834e0,"London, UK",2026-08-26 15:03:06.269031+00:00,0,A
TX11802,USR_1091,ACC_2091,118.14,USD,ACH,MER_134,BEN_840,DEV_947,cc704ddd03d4d5d0,"New York, US",2026-08-26 15:04:06.269031+00:00,0,A
TX10969,USR_1264,ACC_2264,636.45,USD,WIRE,MER_322,BEN_NEW_8171,DEV_ATO_9108,ce44fc5853c793a8,Unknown / Proxy IP,2026-08-26 15:04:06.269031+00:00,1,C
TX11491,USR_1021,ACC_2021,124.15,USD,P2P,MER_389,BEN_836,DEV_683,60144cd34ce98fe1,"Toronto, CA",2026-08-26 15:04:06.269031+00:00,0,A
TX10363,USR_1178,ACC_2178,43.47,USD,CARD,MER_351,BEN_850,DEV_437,5722f7c9bfecc5d8,"London, UK",2026-08-26 15:11:06.269031+00:00,0,A
TX10434,USR_1230,ACC_2230,70.34,USD,ACH,MER_225,BEN_939,DEV_687,e0b1369be54e04f0,"Toronto, CA",2026-08-26 15:14:06.269031+00:00,0,A
TX10031,USR_1032,ACC_2032,146.21,USD,CARD,MER_395,BEN_559,DEV_139,45bbc125bb9f3fa7,"Tokyo, JP",2026-08-26 15:15:06.269031+00:00,0,A
TX10549,USR_1199,ACC_2199,14.76,USD,ACH,MER_251,BEN_512,DEV_556,74e49e5edbd31069,"Toronto, CA",2026-08-26 15:17:06.269031+00:00,0,A
TX10341,USR_1105,ACC_2105,10.47,USD,ACH,MER_255,BEN_534,DEV_797,0cc56806395d3d2b,"Tokyo, JP",2026-08-26 15:19:06.269031+00:00,0,A
TX10206,USR_1019,ACC_2019,52.33,USD,CARD,MER_131,BEN_995,DEV_902,cc8a8481c7d3d479,"Toronto, CA",2026-08-26 15:21:06.269031+00:00,0,A
TX10398,USR_1097,ACC_2097,77.13,USD,WIRE,MER_141,BEN_526,DEV_478,900cbd71f690a490,"Toronto, CA",2026-08-26 15:22:06.269031+00:00,0,A
TX10182,USR_1232,ACC_2232,75.35,USD,ACH,MER_259,BEN_988,DEV_614,218257120f7025ad,"London, UK",2026-08-26 15:24:06.269031+00:00,0,A
TX10889,USR_1179,ACC_2179,5.0,USD,CARD,MER_170,BEN_517,DEV_273,f373adddf6679640,"Toronto, CA",2026-08-26 15:24:06.269031+00:00,0,A
TX10511,USR_1034,ACC_2034,72.95,USD,ACH,MER_307,BEN_598,DEV_518,95848e58ee16c597,"Toronto, CA",2026-08-26 15:30:06.269031+00:00,0,A
TX10629,USR_1048,ACC_2048,91.45,USD,ACH,MER_285,BEN_921,DEV_455,2b9102c1b5c23e99,"New York, US",2026-08-26 15:30:06.269031+00:00,0,A
TX10443,USR_1183,ACC_2183,782.05,USD,WIRE,MER_382,BEN_CAR_DEALER_179,DEV_UPGRADE_3116,d736971f0298770e,"New York, US",2026-08-26 15:37:06.269031+00:00,0,E
TX11370,USR_1073,ACC_2073,112.37,USD,ACH,MER_123,BEN_514,DEV_864,e5324ea32e3f72f6,"New York, US",2026-08-26 15:38:06.269031+00:00,0,A
TX10020,USR_1165,ACC_2165,181.04,USD,CARD,MER_295,BEN_709,DEV_654,1c8f363bdf87e8ad,"Sydney, AU",2026-08-26 15:38:06.269031+00:00,0,A
TX12043,USR_1278,ACC_2278,53.88,USD,P2P,MER_213,BEN_871,DEV_365,075be44c74c91461,"New York, US",2026-08-26 15:39:06.269031+00:00,0,A
TX11670,USR_1153,ACC_2153,78.5,USD,P2P,MER_151,BEN_526,DEV_730,ba2e33cde981ff14,"New York, US",2026-08-26 15:40:06.269031+00:00,0,A
TX10139,USR_1273,ACC_2273,5.0,USD,P2P,MER_183,BEN_514,DEV_664,eed32f0aa24bee1c,"Tokyo, JP",2026-08-26 15:44:06.269031+00:00,0,A
TX10846,USR_1034,ACC_2034,600.65,USD,WIRE,MER_254,BEN_NEW_8712,DEV_ATO_7654,84cfdb1491715fd0,Unknown / Proxy IP,2026-08-26 15:45:06.269031+00:00,1,C
TX10628,USR_1260,ACC_2260,99.6,USD,CARD,MER_378,BEN_703,DEV_126,c76f81af2463d382,"New York, US",2026-08-26 15:47:06.269031+00:00,0,A
TX10917,USR_1254,ACC_2254,60.07,USD,ACH,MER_271,BEN_993,DEV_244,81d994e1fde62732,"Tokyo, JP",2026-08-26 15:48:06.269031+00:00,0,A
TX10053,USR_1185,ACC_2185,213.81,USD,CARD,MER_108,BEN_975,DEV_176,47545ed8e2a937ee,"Toronto, CA",2026-08-26 15:48:06.269031+00:00,0,A
TX10523,USR_1134,ACC_2134,134.8,USD,CARD,MER_357,BEN_994,DEV_231,8fa3e619e9acd6ae,"Toronto, CA",2026-08-26 15:50:06.269031+00:00,0,A
TX10061,USR_1066,ACC_2066,58.14,USD,CARD,MER_336,BEN_708,DEV_745,722c81b0c225405a,"London, UK",2026-08-26 15:51:06.269031+00:00,0,A
TX10243,USR_1057,ACC_2057,153.13,USD,ACH,MER_256,BEN_694,DEV_187,c45d5c6c769f2b69,"Toronto, CA",2026-08-26 15:52:06.269031+00:00,0,A
TX10659,USR_1270,ACC_2270,207.53,USD,ACH,MER_359,BEN_920,DEV_552,1c3a07e244071917,"Sydney, AU",2026-08-26 15:53:06.269031+00:00,0,A
TX10637,USR_1110,ACC_2110,81.29,USD,ACH,MER_147,BEN_786,DEV_771,aadad9bce1f7e80b,"Toronto, CA",2026-08-26 15:53:06.269031+00:00,0,A
TX10425,USR_1291,ACC_2291,147.92,USD,WIRE,MER_352,BEN_843,DEV_804,07e6b2518940233a,"New York, US",2026-08-26 15:53:06.269031+00:00,0,A
TX11039,USR_1157,ACC_2157,54.92,USD,WIRE,MER_272,BEN_831,DEV_971,82338ff02e297db6,"New York, US",2026-08-26 15:54:06.269031+00:00,0,A
TX10167,USR_1014,ACC_2014,6893.54,USD,P2P,MER_116,BEN_RING_777,DEV_RING_999,fd5dc3897b156800,"Toronto, CA",2026-08-26 15:55:06.269031+00:00,1,D
TX10172,USR_1136,ACC_2136,79.35,USD,ACH,MER_121,BEN_803,DEV_228,bde624019cb538ca,"Toronto, CA",2026-08-26 15:56:06.269031+00:00,0,A
TX10428,USR_1040,ACC_2040,26.64,USD,WIRE,MER_218,BEN_577,DEV_179,3eb4005ac7b49cb1,"Tokyo, JP",2026-08-26 15:57:06.269031+00:00,0,A
TX10032,USR_1154,ACC_2154,75.5,USD,CARD,MER_247,BEN_949,DEV_105,369cfc7051bf1120,"London, UK",2026-08-26 15:58:06.269031+00:00,0,A
TX10900,USR_1232,ACC_2232,470.5,USD,ACH,MER_135,BEN_705,DEV_NEW_3070,218257120f7025ad,"London, UK",2026-08-26 16:00:06.269031+00:00,1,B
TX10196,USR_1092,ACC_2092,15.62,USD,ACH,MER_268,BEN_784,DEV_195,07552f573d57467d,"Tokyo, JP",2026-08-26 16:04:06.269031+00:00,0,A
TX10581,USR_1258,ACC_2258,9.4,USD,P2P,MER_376,BEN_709,DEV_721,f1b7ece9155caeaa,"New York, US",2026-08-26 16:04:06.269031+00:00,0,A
TX10476,USR_1092,ACC_2092,356.98,USD,WIRE,MER_387,BEN_NEW_8092,DEV_ATO_9971,238e2dd474803de3,Unknown / Proxy IP,2026-08-26 16:05:06.269031+00:00,1,C
TX10440,USR_1150,ACC_2150,5.0,USD,P2P,MER_252,BEN_642,DEV_645,ef6f595e325406c8,"Tokyo, JP",2026-08-26 16:07:06.269031+00:00,0,A
TX11269,USR_1117,ACC_2117,73.0,USD,WIRE,MER_171,BEN_969,DEV_201,f0d3fb6b451af130,"London, UK",2026-08-26 16:13:06.269031+00:00,0,A
TX10632,USR_1092,ACC_2092,5.68,USD,P2P,MER_268,BEN_784,DEV_195,07552f573d57467d,"Tokyo, JP",2026-08-26 16:20:06.269031+00:00,0,A
TX10189,USR_1142,ACC_2142,915.92,USD,ACH,MER_320,BEN_504,DEV_NEW_1601,bcd8541d04723bde,"Sydney, AU",2026-08-26 16:25:06.269031+00:00,0,B
TX10297,USR_1041,ACC_2041,53.47,USD,WIRE,MER_110,BEN_984,DEV_438,6f38731baa6eaa18,"London, UK",2026-08-26 16:26:06.269031+00:00,0,A
TX11242,USR_1284,ACC_2284,193.2,USD,WIRE,MER_102,BEN_926,DEV_138,dd17096cb236e923,"New York, US",2026-08-26 16:30:06.269031+00:00,0,A
TX10250,USR_1139,ACC_2139,70.26,USD,WIRE,MER_223,BEN_566,DEV_420,81a41f4d213f9ad2,"Tokyo, JP",2026-08-26 16:30:06.269031+00:00,0,A
TX10155,USR_1226,ACC_2226,756.8,USD,ACH,MER_144,BEN_CAR_DEALER_196,DEV_UPGRADE_3159,ad7846d8a635bc19,"New York, US",2026-08-26 16:32:06.269031+00:00,0,E
TX10241,USR_1149,ACC_2149,194.59,USD,CARD,MER_292,BEN_666,DEV_993,54aa31bdb6a655de,"London, UK",2026-08-26 16:34:06.269031+00:00,0,A
TX10124,USR_1173,ACC_2173,95.79,USD,CARD,MER_289,BEN_972,DEV_670,643840ebe753d743,"London, UK",2026-08-26 16:36:06.269031+00:00,0,A
TX10720,USR_1239,ACC_2239,76.85,USD,WIRE,MER_227,BEN_927,DEV_192,4fac9047a43ceafc,"Toronto, CA",2026-08-26 16:36:06.269031+00:00,0,A
TX10432,USR_1223,ACC_2223,175.65,USD,ACH,MER_391,BEN_567,DEV_708,cbc3291fb0da28bd,"New York, US",2026-08-26 16:38:06.269031+00:00,0,A
TX10844,USR_1257,ACC_2257,182.44,USD,WIRE,MER_320,BEN_982,DEV_175,7e192a1d985ae69e,"London, UK",2026-08-26 16:39:06.269031+00:00,0,A
TX10278,USR_1045,ACC_2045,160.27,USD,WIRE,MER_226,BEN_990,DEV_867,14436c644a367cb9,"London, UK",2026-08-26 16:40:06.269031+00:00,0,A
TX11541,USR_1134,ACC_2134,179.09,USD,P2P,MER_365,BEN_566,DEV_999,fcac5511c1942848,"Toronto, CA",2026-08-26 16:41:06.269031+00:00,0,A
TX10005,USR_1023,ACC_2023,127.5,USD,CARD,MER_324,BEN_625,DEV_175,ef68c766279b5ce9,"London, UK",2026-08-26 16:52:06.269031+00:00,0,A
TX10080,USR_1195,ACC_2195,106.6,USD,ACH,MER_309,BEN_908,DEV_798,b025a857ef22e380,"Sydney, AU",2026-08-26 16:53:06.269031+00:00,0,A
TX10625,USR_1010,ACC_2010,5664.69,USD,P2P,MER_252,BEN_RING_777,DEV_RING_999,fd5dc3897b156800,"Tokyo, JP",2026-08-26 16:56:06.269031+00:00,1,D
TX11050,USR_1067,ACC_2067,293.79,USD,WIRE,MER_382,BEN_747,DEV_NEW_8819,f80d4ec22628293a,"Tokyo, JP",2026-08-26 16:57:06.269031+00:00,1,B
TX10601,USR_1204,ACC_2204,21.38,USD,CARD,MER_188,BEN_800,DEV_216,d31bda7984910180,"Tokyo, JP",2026-08-26 16:58:06.269031+00:00,0,A
TX10326,USR_1013,ACC_2013,5689.15,USD,P2P,MER_364,BEN_RING_777,DEV_RING_999,fd5dc3897b156800,"Tokyo, JP",2026-08-26 16:59:06.269031+00:00,1,D
TX11193,USR_1146,ACC_2146,170.69,USD,ACH,MER_398,BEN_508,DEV_707,1c61219d3526daa9,"Sydney, AU",2026-08-26 17:00:06.269031+00:00,0,A
TX10113,USR_1056,ACC_2056,76.89,USD,P2P,MER_176,BEN_705,DEV_551,b8d9f40734eb5d68,"Tokyo, JP",2026-08-26 17:00:06.269031+00:00,0,A
TX10403,USR_1023,ACC_2023,1060.08,USD,WIRE,MER_378,BEN_CAR_DEALER_171,DEV_UPGRADE_3135,ef68c766279b5ce9,"London, UK",2026-08-26 17:07:06.269031+00:00,0,E
TX10320,USR_1228,ACC_2228,102.71,USD,CARD,MER_271,BEN_960,DEV_480,3f70b2135cc48ade,"Tokyo, JP",2026-08-26 17:09:06.269031+00:00,0,A
TX10133,USR_1292,ACC_2292,30.37,USD,P2P,MER_284,BEN_551,DEV_840,f30808d48ce3f5f0,"London, UK",2026-08-26 17:10:06.269031+00:00,0,A
TX10742,USR_1242,ACC_2242,121.98,USD,CARD,MER_162,BEN_547,DEV_176,bda908a866f4be63,"Sydney, AU",2026-08-26 17:11:06.269031+00:00,0,A
TX10973,USR_1111,ACC_2111,57.89,USD,WIRE,MER_139,BEN_985,DEV_620,6b00b3fa091b36e5,"London, UK",2026-08-26 17:12:06.269031+00:00,0,A
TX10630,USR_1050,ACC_2050,71.83,USD,CARD,MER_232,BEN_753,DEV_868,176a14ccea5b7c33,"Sydney, AU",2026-08-26 17:15:06.269031+00:00,0,A
TX10451,USR_1219,ACC_2219,79.79,USD,P2P,MER_135,BEN_653,DEV_492,cdbc196f2eb61754,"New York, US",2026-08-26 17:16:06.269031+00:00,0,A
TX10043,USR_1089,ACC_2089,33.94,USD,CARD,MER_133,BEN_960,DEV_967,c9dca1b44f1121b5,"Sydney, AU",2026-08-26 17:18:06.269031+00:00,0,A
TX11378,USR_1131,ACC_2131,54.51,USD,ACH,MER_162,BEN_580,DEV_783,1a4bad185111ed79,"Tokyo, JP",2026-08-26 17:20:06.269031+00:00,0,A
TX10153,USR_1220,ACC_2220,170.73,USD,CARD,MER_326,BEN_815,DEV_724,653a1acc24d310b4,"London, UK",2026-08-26 17:25:06.269031+00:00,0,A
TX10934,USR_1277,ACC_2277,240.81,USD,ACH,MER_129,BEN_623,DEV_828,0776f8ca060cb5a9,"London, UK",2026-08-26 17:25:06.269031+00:00,0,A
TX10530,USR_1298,ACC_2298,159.65,USD,CARD,MER_381,BEN_642,DEV_990,77f386399a2800ee,"London, UK",2026-08-26 17:26:06.269031+00:00,0,A
TX10452,USR_1005,ACC_2005,42.56,USD,CARD,MER_183,BEN_873,DEV_479,153c3b2b0c4f6c24,"New York, US",2026-08-26 17:27:06.269031+00:00,0,A
TX10590,USR_1047,ACC_2047,227.37,USD,P2P,MER_161,BEN_803,DEV_692,a800010fef16c5ea,"Sydney, AU",2026-08-26 17:28:06.269031+00:00,0,A
TX10072,USR_1089,ACC_2089,490.62,USD,WIRE,MER_164,BEN_NEW_8474,DEV_ATO_9911,3a38982bf49de370,Unknown / Proxy IP,2026-08-26 17:29:06.269031+00:00,1,C
TX11479,USR_1239,ACC_2239,70.89,USD,CARD,MER_282,BEN_610,DEV_192,8b7c8c2ee21f71d6,"Toronto, CA",2026-08-26 17:34:06.269031+00:00,0,A
TX10793,USR_1298,ACC_2298,2936.16,USD,WIRE,MER_381,BEN_NEW_9183,DEV_ATO_6002,bd9d7166f6c1473a,Unknown / Proxy IP,2026-08-26 17:34:06.269031+00:00,1,C
TX10608,USR_1087,ACC_2087,28.26,USD,CARD,MER_369,BEN_715,DEV_908,8a702229afb09dbe,"London, UK",2026-08-26 17:47:06.269031+00:00,0,A
TX11124,USR_1053,ACC_2053,98.14,USD,WIRE,MER_161,BEN_561,DEV_663,384061d4871fda2e,"Tokyo, JP",2026-08-26 17:50:06.269031+00:00,0,A
TX10861,USR_1168,ACC_2168,219.92,USD,CARD,MER_108,BEN_838,DEV_454,75dc671fb1371347,"New York, US",2026-08-26 17:54:06.269031+00:00,0,A
TX10758,USR_1259,ACC_2259,114.29,USD,WIRE,MER_250,BEN_684,DEV_198,9a6601d20f581d5c,"Sydney, AU",2026-08-26 17:57:06.269031+00:00,0,A
TX10777,USR_1249,ACC_2249,199.52,USD,P2P,MER_110,BEN_519,DEV_956,c24ea062cf3c7968,"Sydney, AU",2026-08-26 18:02:06.269031+00:00,0,A
TX11339,USR_1209,ACC_2209,35.99,USD,P2P,MER_379,BEN_868,DEV_686,038309423bd0f69b,"Tokyo, JP",2026-08-26 18:03:06.269031+00:00,0,A
TX10074,USR_1180,ACC_2180,94.3,USD,P2P,MER_103,BEN_841,DEV_169,4e3c89636a5903ac,"Toronto, CA",2026-08-26 18:07:06.269031+00:00,0,A
TX10281,USR_1081,ACC_2081,73.16,USD,CARD,MER_387,BEN_817,DEV_490,2aad58fdf2327f88,"New York, US",2026-08-26 18:08:06.269031+00:00,0,A
TX10228,USR_1261,ACC_2261,77.38,USD,ACH,MER_215,BEN_634,DEV_479,4d4cf90ee85528e0,"Sydney, AU",2026-08-26 18:09:06.269031+00:00,0,A
TX11178,USR_1229,ACC_2229,34.12,USD,ACH,MER_390,BEN_733,DEV_369,5a074f4242f6d172,"New York, US",2026-08-26 18:09:06.269031+00:00,0,A
TX10251,USR_1123,ACC_2123,59.76,USD,ACH,MER_246,BEN_917,DEV_144,3c5b2e36fc42544e,"Tokyo, JP",2026-08-26 18:12:06.269031+00:00,0,A
TX11280,USR_1229,ACC_2229,110.17,USD,CARD,MER_230,BEN_528,DEV_369,5a074f4242f6d172,"New York, US",2026-08-26 18:17:06.269031+00:00,0,A
TX10718,USR_1216,ACC_2216,116.99,USD,WIRE,MER_319,BEN_500,DEV_741,119ef96e716612dc,"New York, US",2026-08-26 18:20:06.269031+00:00,0,A
TX10537,USR_1140,ACC_2140,100.22,USD,ACH,MER_181,BEN_943,DEV_560,4af4f4dcf8282d9e,"Sydney, AU",2026-08-26 18:21:06.269031+00:00,0,A
TX10940,USR_1170,ACC_2170,63.24,USD,CARD,MER_264,BEN_806,DEV_615,f0cd8fb7596faa02,"Toronto, CA",2026-08-26 18:22:06.269031+00:00,0,A
TX10055,USR_1065,ACC_2065,130.81,USD,ACH,MER_247,BEN_781,DEV_523,50f80dd021cf6a7a,"Sydney, AU",2026-08-26 18:27:06.269031+00:00,0,A
TX10618,USR_1107,ACC_2107,96.94,USD,CARD,MER_330,BEN_577,DEV_560,0260ce68191b235c,"London, UK",2026-08-26 18:29:06.269031+00:00,0,A
TX10079,USR_1234,ACC_2234,147.84,USD,P2P,MER_257,BEN_825,DEV_106,7e1e719175d63229,"Toronto, CA",2026-08-26 18:31:06.269031+00:00,0,A
TX11176,USR_1158,ACC_2158,29.03,USD,WIRE,MER_344,BEN_763,DEV_279,992c28be99efb351,"Sydney, AU",2026-08-26 18:32:06.269031+00:00,0,A
TX11376,USR_1266,ACC_2266,71.7,USD,WIRE,MER_151,BEN_712,DEV_994,7285e174966eb919,"Toronto, CA",2026-08-26 18:33:06.269031+00:00,0,A
TX10249,USR_1271,ACC_2271,123.88,USD,CARD,MER_202,BEN_926,DEV_899,bcd2c88a9c3ee93c,"New York, US",2026-08-26 18:34:06.269031+00:00,0,A
TX10612,USR_1096,ACC_2096,237.91,USD,WIRE,MER_292,BEN_771,DEV_679,2de281d9b2a90870,"New York, US",2026-08-26 18:36:06.269031+00:00,0,A
TX10245,USR_1074,ACC_2074,459.02,USD,ACH,MER_398,BEN_CAR_DEALER_181,DEV_UPGRADE_3743,cce06b3c7fc49509,"London, UK",2026-08-26 18:39:06.269031+00:00,0,E
TX10027,USR_1109,ACC_2109,55.47,USD,P2P,MER_176,BEN_936,DEV_437,53cef7037ed47034,"Tokyo, JP",2026-08-26 18:39:06.269031+00:00,0,A
TX11602,USR_1016,ACC_2016,5.0,USD,ACH,MER_155,BEN_739,DEV_196,faef1aaa3962a0dd,"Sydney, AU",2026-08-26 18:41:06.269031+00:00,0,A
TX10010,USR_1148,ACC_2148,103.64,USD,WIRE,MER_177,BEN_725,DEV_132,a81e278d899ba53d,"London, UK",2026-08-26 18:42:06.269031+00:00,0,A
TX10781,USR_1163,ACC_2163,57.83,USD,CARD,MER_388,BEN_528,DEV_834,98b63981f14d1e18,"Toronto, CA",2026-08-26 18:45:06.269031+00:00,0,A
TX10123,USR_1243,ACC_2243,68.43,USD,ACH,MER_281,BEN_695,DEV_687,3ff853a1c744a0b6,"Sydney, AU",2026-08-26 18:45:06.269031+00:00,0,A
TX10148,USR_1195,ACC_2195,106.49,USD,WIRE,MER_255,BEN_724,DEV_798,e6d664e190e0dcae,"Sydney, AU",2026-08-26 18:48:06.269031+00:00,0,A
TX10284,USR_1166,ACC_2166,141.47,USD,CARD,MER_375,BEN_834,DEV_990,817ec2d627862004,"Toronto, CA",2026-08-26 18:49:06.269031+00:00,0,A
TX10015,USR_1147,ACC_2147,119.2,USD,CARD,MER_294,BEN_526,DEV_711,cc2140b5d86ce2fc,"Toronto, CA",2026-08-26 18:55:06.269031+00:00,0,A
TX10970,USR_1022,ACC_2022,107.12,USD,ACH,MER_334,BEN_830,DEV_785,3dcf2f0b24fe3401,"Sydney, AU",2026-08-26 18:56:06.269031+00:00,0,A
TX10040,USR_1156,ACC_2156,5.0,USD,ACH,MER_378,BEN_790,DEV_866,62075f8be723f4c2,"New York, US",2026-08-26 18:56:06.269031+00:00,0,A
TX10222,USR_1106,ACC_2106,110.99,USD,P2P,MER_336,BEN_942,DEV_417,6549d2c87e6aa66a,"Tokyo, JP",2026-08-26 18:57:06.269031+00:00,0,A
TX10339,USR_1220,ACC_2220,159.41,USD,ACH,MER_326,BEN_970,DEV_724,653a1acc24d310b4,"London, UK",2026-08-26 18:57:06.269031+00:00,0,A
TX10458,USR_1081,ACC_2081,91.84,USD,CARD,MER_337,BEN_817,DEV_490,54c1bae29c21b64f,"New York, US",2026-08-26 19:00:06.269031+00:00,0,A
TX11481,USR_1137,ACC_2137,210.12,USD,ACH,MER_354,BEN_892,DEV_183,164f8d9a21be4783,"Toronto, CA",2026-08-26 19:02:06.269031+00:00,0,A
TX10524,USR_1156,ACC_2156,1860.09,USD,WIRE,MER_245,BEN_NEW_9892,DEV_ATO_5535,e406a879f7ec6add,Unknown / Proxy IP,2026-08-26 19:04:06.269031+00:00,1,C
TX10088,USR_1061,ACC_2061,49.55,USD,P2P,MER_228,BEN_724,DEV_579,c4edbac3e2662aa3,"Tokyo, JP",2026-08-26 19:06:06.269031+00:00,0,A
TX10554,USR_1093,ACC_2093,84.09,USD,CARD,MER_179,BEN_807,DEV_994,fa54c7e2e8ed5049,"New York, US",2026-08-26 19:06:06.269031+00:00,0,A
TX10957,USR_1000,ACC_2000,113.53,USD,CARD,MER_379,BEN_846,DEV_125,e5b5a7e8cd8467b3,"London, UK",2026-08-26 19:07:06.269031+00:00,0,A
TX10081,USR_1004,ACC_2004,33.02,USD,WIRE,MER_294,BEN_619,DEV_821,d138b30e9053a8c8,"Tokyo, JP",2026-08-26 19:11:06.269031+00:00,0,A
TX10190,USR_1295,ACC_2295,24.78,USD,WIRE,MER_114,BEN_910,DEV_964,4263555a333d9831,"Toronto, CA",2026-08-26 19:11:06.269031+00:00,0,A
TX10050,USR_1165,ACC_2165,1082.38,USD,WIRE,MER_315,BEN_CAR_DEALER_109,DEV_UPGRADE_3669,1c8f363bdf87e8ad,"Sydney, AU",2026-08-26 19:14:06.269031+00:00,0,E
TX10391,USR_1280,ACC_2280,82.26,USD,P2P,MER_337,BEN_690,DEV_463,b6053954f622ffb5,"Sydney, AU",2026-08-26 19:15:06.269031+00:00,0,A
TX10383,USR_1160,ACC_2160,79.2,USD,P2P,MER_288,BEN_969,DEV_576,6cbbb8d9648be29a,"Toronto, CA",2026-08-26 19:17:06.269031+00:00,0,A
TX10670,USR_1076,ACC_2076,45.54,USD,CARD,MER_251,BEN_792,DEV_806,fa4671919fd212bb,"Sydney, AU",2026-08-26 19:18:06.269031+00:00,0,A
TX11231,USR_1087,ACC_2087,20.37,USD,WIRE,MER_343,BEN_715,DEV_907,3b86210ba12aac66,"London, UK",2026-08-26 19:19:06.269031+00:00,0,A
TX10444,USR_1287,ACC_2287,63.28,USD,P2P,MER_373,BEN_905,DEV_851,30f7004dbb25ffff,"New York, US",2026-08-26 19:22:06.269031+00:00,0,A
TX10418,USR_1083,ACC_2083,152.79,USD,P2P,MER_211,BEN_708,DEV_701,8c6fbb422103eaee,"New York, US",2026-08-26 19:29:06.269031+00:00,0,A
TX11423,USR_1194,ACC_2194,54.36,USD,WIRE,MER_158,BEN_692,DEV_398,dfece048aff84a9e,"Toronto, CA",2026-08-26 19:29:06.269031+00:00,0,A
TX10733,USR_1235,ACC_2235,189.08,USD,P2P,MER_122,BEN_572,DEV_310,726bb384b3c414ca,"Sydney, AU",2026-08-26 19:30:06.269031+00:00,0,A
TX11853,USR_1091,ACC_2091,106.48,USD,CARD,MER_342,BEN_660,DEV_947,22d65b867187739e,"New York, US",2026-08-26 19:31:06.269031+00:00,0,A
TX10865,USR_1026,ACC_2026,62.77,USD,P2P,MER_326,BEN_634,DEV_749,4e21fe86b4614f9c,"New York, US",2026-08-26 19:34:06.269031+00:00,0,A
TX10768,USR_1092,ACC_2092,15.07,USD,CARD,MER_162,BEN_530,DEV_195,db390d7c153b30d4,"Tokyo, JP",2026-08-26 19:35:06.269031+00:00,0,A
TX10666,USR_1176,ACC_2176,49.31,USD,CARD,MER_340,BEN_762,DEV_577,b185032c6b58239c,"Tokyo, JP",2026-08-26 19:38:06.269031+00:00,0,A
TX11043,USR_1256,ACC_2256,113.0,USD,WIRE,MER_263,BEN_731,DEV_459,1ef60236fe347e83,"Toronto, CA",2026-08-26 19:40:06.269031+00:00,0,A
TX10548,USR_1210,ACC_2210,92.33,USD,ACH,MER_160,BEN_724,DEV_404,63a4bbc201560ce0,"Tokyo, JP",2026-08-26 19:42:06.269031+00:00,0,A
TX10748,USR_1208,ACC_2208,79.97,USD,CARD,MER_381,BEN_775,DEV_914,bacf355b63690bcb,"Tokyo, JP",2026-08-26 19:45:06.269031+00:00,0,A
TX11889,USR_1103,ACC_2103,37.47,USD,WIRE,MER_199,BEN_898,DEV_505,bebb722f73a4cf21,"London, UK",2026-08-26 19:45:06.269031+00:00,0,A
TX11137,USR_1038,ACC_2038,24.27,USD,CARD,MER_371,BEN_841,DEV_670,d1561592aad7dc92,"Sydney, AU",2026-08-26 19:48:06.269031+00:00,0,A
TX10575,USR_1147,ACC_2147,140.54,USD,ACH,MER_368,BEN_526,DEV_711,aad4dc93bf3e811d,"Toronto, CA",2026-08-26 19:48:06.269031+00:00,0,A
TX10619,USR_1081,ACC_2081,866.53,USD,P2P,MER_213,BEN_CAR_DEALER_109,DEV_UPGRADE_3400,2aad58fdf2327f88,"New York, US",2026-08-26 19:49:06.269031+00:00,0,E
TX11320,USR_1020,ACC_2020,139.96,USD,WIRE,MER_134,BEN_991,DEV_151,b5ff272adcc184f7,"Toronto, CA",2026-08-26 19:51:06.269031+00:00,0,A
TX10816,USR_1015,ACC_2015,149.97,USD,P2P,MER_342,BEN_870,DEV_626,2e61687fd308ee3f,"London, UK",2026-08-26 19:53:06.269031+00:00,0,A
TX10542,USR_1181,ACC_2181,77.32,USD,ACH,MER_149,BEN_916,DEV_117,9e61c93a56ccb2d7,"Tokyo, JP",2026-08-26 19:53:06.269031+00:00,0,A
TX10791,USR_1188,ACC_2188,26.84,USD,CARD,MER_142,BEN_865,DEV_542,4ef285a84911ce89,"New York, US",2026-08-26 19:53:06.269031+00:00,0,A
TX11815,USR_1025,ACC_2025,176.88,USD,ACH,MER_358,BEN_851,DEV_378,8735e94194cd8c19,"Tokyo, JP",2026-08-26 20:01:06.269031+00:00,0,A
TX10468,USR_1148,ACC_2148,127.78,USD,ACH,MER_314,BEN_660,DEV_132,01035ad56c314015,"London, UK",2026-08-26 20:09:06.269031+00:00,0,A
TX10366,USR_1166,ACC_2166,186.56,USD,P2P,MER_301,BEN_678,DEV_486,c8ad27d26d0d4858,"Toronto, CA",2026-08-26 20:10:06.269031+00:00,0,A
TX10359,USR_1155,ACC_2155,214.76,USD,P2P,MER_118,BEN_967,DEV_887,ce61f694417a43be,"Toronto, CA",2026-08-26 20:11:06.269031+00:00,0,A
TX10467,USR_1286,ACC_2286,5.0,USD,CARD,MER_167,BEN_985,DEV_544,971dc7574aadf36f,"Tokyo, JP",2026-08-26 20:12:06.269031+00:00,0,A
TX10587,USR_1012,ACC_2012,8948.89,USD,P2P,MER_235,BEN_RING_777,DEV_RING_999,fd5dc3897b156800,"Toronto, CA",2026-08-26 20:14:06.269031+00:00,1,D
TX10944,USR_1120,ACC_2120,169.39,USD,P2P,MER_378,BEN_768,DEV_729,6e6312055dcf2184,"London, UK",2026-08-26 20:16:06.269031+00:00,0,A
TX10872,USR_1257,ACC_2257,181.71,USD,CARD,MER_347,BEN_982,DEV_175,891555760069fa87,"London, UK",2026-08-26 20:17:06.269031+00:00,0,A
TX10987,USR_1170,ACC_2170,54.34,USD,CARD,MER_254,BEN_806,DEV_615,f0cd8fb7596faa02,"Toronto, CA",2026-08-26 20:17:06.269031+00:00,0,A
TX10273,USR_1109,ACC_2109,41.63,USD,ACH,MER_141,BEN_870,DEV_167,bdf9188e7358c140,"Tokyo, JP",2026-08-26 20:17:06.269031+00:00,0,A
TX11246,USR_1030,ACC_2030,159.56,USD,ACH,MER_214,BEN_656,DEV_139,60044722c469d400,"Sydney, AU",2026-08-26 20:19:06.269031+00:00,0,A
TX10674,USR_1024,ACC_2024,143.47,USD,CARD,MER_168,BEN_977,DEV_926,c7a29d5a635cc9d9,"Toronto, CA",2026-08-26 20:26:06.269031+00:00,0,A
TX10456,USR_1207,ACC_2207,119.09,USD,WIRE,MER_327,BEN_709,DEV_596,7743ecec2e2aaec1,"Toronto, CA",2026-08-26 20:35:06.269031+00:00,0,A
TX10096,USR_1285,ACC_2285,81.46,USD,WIRE,MER_252,BEN_523,DEV_232,f508248cccfe83c8,"London, UK",2026-08-26 20:36:06.269031+00:00,0,A
TX10711,USR_1071,ACC_2071,63.89,USD,P2P,MER_179,BEN_573,DEV_995,f338536f45f03dae,"Sydney, AU",2026-08-26 20:37:06.269031+00:00,0,A
TX12443,USR_1055,ACC_2055,137.59,USD,CARD,MER_245,BEN_826,DEV_380,747453dffe2e3b17,"Tokyo, JP",2026-08-26 20:38:06.269031+00:00,0,A
TX10442,USR_1051,ACC_2051,112.55,USD,P2P,MER_384,BEN_543,DEV_386,3e9b67fa112f4e75,"New York, US",2026-08-26 20:38:06.269031+00:00,0,A
TX11406,USR_1220,ACC_2220,158.4,USD,CARD,MER_144,BEN_815,DEV_724,72d96e413d4e06fb,"London, UK",2026-08-26 20:39:06.269031+00:00,0,A
TX10672,USR_1118,ACC_2118,66.35,USD,WIRE,MER_314,BEN_621,DEV_119,26b6f82074f626ec,"Toronto, CA",2026-08-26 20:39:06.269031+00:00,0,A
TX11307,USR_1216,ACC_2216,140.52,USD,CARD,MER_319,BEN_733,DEV_741,90c7e4613d1238b2,"New York, US",2026-08-26 20:42:06.269031+00:00,0,A
TX11714,USR_1137,ACC_2137,93.72,USD,CARD,MER_379,BEN_892,DEV_183,164f8d9a21be4783,"Toronto, CA",2026-08-26 20:43:06.269031+00:00,0,A
TX10995,USR_1108,ACC_2108,252.56,USD,P2P,MER_244,BEN_690,DEV_140,63da350cf0be46c5,"Sydney, AU",2026-08-26 20:45:06.269031+00:00,0,A
TX10695,USR_1010,ACC_2010,61.24,USD,CARD,MER_252,BEN_759,DEV_261,2a4d0247acc3d44e,"Tokyo, JP",2026-08-26 20:46:06.269031+00:00,0,A
TX11487,USR_1072,ACC_2072,80.22,USD,P2P,MER_220,BEN_820,DEV_738,262810317c02055b,"Tokyo, JP",2026-08-26 20:51:06.269031+00:00,0,A
TX11009,USR_1094,ACC_2094,146.16,USD,CARD,MER_387,BEN_890,DEV_967,d5406cc498d4564d,"Tokyo, JP",2026-08-26 20:51:06.269031+00:00,0,A
TX10291,USR_1113,ACC_2113,34.77,USD,ACH,MER_258,BEN_812,DEV_838,98eccdccd122648d,"London, UK",2026-08-26 20:54:06.269031+00:00,0,A
TX11087,USR_1296,ACC_2296,23.93,USD,CARD,MER_395,BEN_860,DEV_215,56dc5c0a9d1e223b,"Tokyo, JP",2026-08-26 20:55:06.269031+00:00,0,A
TX10879,USR_1222,ACC_2222,47.08,USD,CARD,MER_222,BEN_959,DEV_630,0320c343468f3a66,"Sydney, AU",2026-08-26 21:02:06.269031+00:00,0,A
TX10998,USR_1207,ACC_2207,140.55,USD,ACH,MER_185,BEN_850,DEV_596,7743ecec2e2aaec1,"Toronto, CA",2026-08-26 21:05:06.269031+00:00,0,A
TX10293,USR_1123,ACC_2123,66.55,USD,CARD,MER_197,BEN_703,DEV_144,3c5b2e36fc42544e,"Tokyo, JP",2026-08-26 21:07:06.269031+00:00,0,A
TX10261,USR_1136,ACC_2136,78.23,USD,WIRE,MER_388,BEN_797,DEV_228,e687ecdb5a48d3fd,"Toronto, CA",2026-08-26 21:11:06.269031+00:00,0,A
TX10795,USR_1042,ACC_2042,78.25,USD,ACH,MER_348,BEN_639,DEV_405,4deedbb583918fca,"Sydney, AU",2026-08-26 21:14:06.269031+00:00,0,A
TX10408,USR_1077,ACC_2077,104.7,USD,P2P,MER_217,BEN_962,DEV_108,e3a313e033bb8984,"New York, US",2026-08-26 21:17:06.269031+00:00,0,A
TX11460,USR_1080,ACC_2080,230.55,USD,CARD,MER_374,BEN_904,DEV_244,15286ec96ebfbae1,"Sydney, AU",2026-08-26 21:19:06.269031+00:00,0,A
TX12105,USR_1122,ACC_2122,70.12,USD,P2P,MER_118,BEN_856,DEV_145,f5a9eef8abf31c92,"London, UK",2026-08-26 21:19:06.269031+00:00,0,A
TX11164,USR_1033,ACC_2033,60.19,USD,ACH,MER_163,BEN_535,DEV_632,d04c1334ba31bc7c,"London, UK",2026-08-26 21:21:06.269031+00:00,0,A
TX10494,USR_1098,ACC_2098,259.93,USD,CARD,MER_320,BEN_558,DEV_777,7067171c373fc612,"Tokyo, JP",2026-08-26 21:27:06.269031+00:00,0,A
TX10204,USR_1273,ACC_2273,166.04,USD,P2P,MER_125,BEN_CAR_DEALER_152,DEV_UPGRADE_3278,eed32f0aa24bee1c,"Tokyo, JP",2026-08-26 21:28:06.269031+00:00,0,E
TX10645,USR_1199,ACC_2199,61.95,USD,WIRE,MER_159,BEN_747,DEV_556,74e49e5edbd31069,"Toronto, CA",2026-08-26 21:32:06.269031+00:00,0,A
TX11223,USR_1253,ACC_2253,77.76,USD,ACH,MER_389,BEN_994,DEV_230,017862b631264848,"Toronto, CA",2026-08-26 21:32:06.269031+00:00,0,A
TX10239,USR_1262,ACC_2262,72.55,USD,WIRE,MER_298,BEN_711,DEV_254,142617e48d73374c,"New York, US",2026-08-26 21:33:06.269031+00:00,0,A
TX10622,USR_1149,ACC_2149,230.71,USD,ACH,MER_369,BEN_839,DEV_993,54aa31bdb6a655de,"London, UK",2026-08-26 21:35:06.269031+00:00,0,A
TX10357,USR_1133,ACC_2133,81.32,USD,WIRE,MER_364,BEN_564,DEV_834,ef76d461bce1b4dc,"Sydney, AU",2026-08-26 21:35:06.269031+00:00,0,A
TX10862,USR_1036,ACC_2036,90.38,USD,CARD,MER_137,BEN_575,DEV_627,cea311fcad472a9b,"London, UK",2026-08-26 21:41:06.269031+00:00,0,A
TX11247,USR_1247,ACC_2247,7.73,USD,ACH,MER_394,BEN_773,DEV_698,b323e19bdbec4d4c,"London, UK",2026-08-26 21:41:06.269031+00:00,0,A
TX10782,USR_1287,ACC_2287,176.7,USD,P2P,MER_373,BEN_833,DEV_NEW_2225,30f7004dbb25ffff,"New York, US",2026-08-26 21:42:06.269031+00:00,1,B
TX10087,USR_1244,ACC_2244,60.93,USD,CARD,MER_144,BEN_651,DEV_556,fcc47ac65be5665e,"Toronto, CA",2026-08-26 21:44:06.269031+00:00,0,A
TX12279,USR_1091,ACC_2091,337.42,USD,WIRE,MER_146,BEN_CAR_DEALER_167,DEV_UPGRADE_3621,cc704ddd03d4d5d0,"New York, US",2026-08-26 21:46:06.269031+00:00,0,E
TX10739,USR_1102,ACC_2102,39.05,USD,WIRE,MER_154,BEN_932,DEV_920,602b92e5b010fe1b,"Tokyo, JP",2026-08-26 21:52:06.269031+00:00,0,A
TX10279,USR_1271,ACC_2271,85.18,USD,WIRE,MER_333,BEN_926,DEV_899,bcd2c88a9c3ee93c,"New York, US",2026-08-26 21:54:06.269031+00:00,0,A
TX12150,USR_1281,ACC_2281,10.36,USD,WIRE,MER_275,BEN_711,DEV_583,442e216561464da9,"Sydney, AU",2026-08-26 21:56:06.269031+00:00,0,A
TX10200,USR_1014,ACC_2014,113.05,USD,ACH,MER_134,BEN_536,DEV_446,f808d0e331397ae0,"Toronto, CA",2026-08-26 21:59:06.269031+00:00,0,A
TX10525,USR_1097,ACC_2097,60.56,USD,P2P,MER_125,BEN_526,DEV_478,50903041fbb7424c,"Toronto, CA",2026-08-26 21:59:06.269031+00:00,0,A
TX10479,USR_1045,ACC_2045,126.18,USD,WIRE,MER_202,BEN_899,DEV_867,51a85a28c34ed363,"London, UK",2026-08-26 22:00:06.269031+00:00,0,A
TX10132,USR_1066,ACC_2066,6.78,USD,CARD,MER_215,BEN_782,DEV_745,722c81b0c225405a,"London, UK",2026-08-26 22:01:06.269031+00:00,0,A
TX11063,USR_1288,ACC_2288,119.98,USD,P2P,MER_342,BEN_780,DEV_769,b840d900f540b080,"New York, US",2026-08-26 22:03:06.269031+00:00,0,A
TX10508,USR_1286,ACC_2286,5.0,USD,WIRE,MER_214,BEN_985,DEV_544,67dbe69b22e1a125,"Tokyo, JP",2026-08-26 22:03:06.269031+00:00,0,A
TX10347,USR_1285,ACC_2285,117.04,USD,CARD,MER_333,BEN_523,DEV_232,f508248cccfe83c8,"London, UK",2026-08-26 22:04:06.269031+00:00,0,A
TX11240,USR_1191,ACC_2191,82.56,USD,ACH,MER_315,BEN_585,DEV_801,5b58332294cb63d5,"Tokyo, JP",2026-08-26 22:06:06.269031+00:00,0,A
TX10495,USR_1183,ACC_2183,101.13,USD,CARD,MER_104,BEN_694,DEV_800,d736971f0298770e,"New York, US",2026-08-26 22:14:06.269031+00:00,0,A
TX10650,USR_1283,ACC_2283,155.42,USD,CARD,MER_344,BEN_824,DEV_690,b52082bae5419f55,"New York, US",2026-08-26 22:15:06.269031+00:00,0,A
TX11331,USR_1198,ACC_2198,50.8,USD,CARD,MER_365,BEN_632,DEV_870,9b0f4b33f9b12ba7,"New York, US",2026-08-26 22:17:06.269031+00:00,0,A
TX10514,USR_1175,ACC_2175,42.18,USD,WIRE,MER_204,BEN_860,DEV_115,2f1a03b6b66eb09f,"New York, US",2026-08-26 22:17:06.269031+00:00,0,A
TX10868,USR_1007,ACC_2007,551.64,USD,CARD,MER_387,BEN_CAR_DEALER_140,DEV_UPGRADE_3044,62b5698b674c63cc,"Sydney, AU",2026-08-26 22:21:06.269031+00:00,0,E
TX11254,USR_1161,ACC_2161,216.35,USD,CARD,MER_369,BEN_910,DEV_565,67c9e296ad6a0f6a,"Sydney, AU",2026-08-26 22:24:06.269031+00:00,0,A
TX11990,USR_1108,ACC_2108,149.34,USD,WIRE,MER_273,BEN_969,DEV_140,63da350cf0be46c5,"Sydney, AU",2026-08-26 22:24:06.269031+00:00,0,A
TX12234,USR_1213,ACC_2213,22.0,USD,ACH,MER_138,BEN_572,DEV_249,53711f667bdda254,"Sydney, AU",2026-08-26 22:27:06.269031+00:00,0,A
TX10857,USR_1118,ACC_2118,5.0,USD,WIRE,MER_162,BEN_897,DEV_119,26b6f82074f626ec,"Toronto, CA",2026-08-26 22:29:06.269031+00:00,0,A
TX12728,USR_1213,ACC_2213,790.71,USD,WIRE,MER_292,BEN_NEW_8195,DEV_ATO_7027,28fe5c915dc280f7,Unknown / Proxy IP,2026-08-26 22:30:06.269031+00:00,1,C
TX11271,USR_1200,ACC_2200,112.87,USD,ACH,MER_253,BEN_724,DEV_456,0eaf478a35c62952,"London, UK",2026-08-26 22:31:06.269031+00:00,0,A
TX11352,USR_1100,ACC_2100,90.75,USD,CARD,MER_281,BEN_756,DEV_609,65282a365bdcb914,"Sydney, AU",2026-08-26 22:31:06.269031+00:00,0,A
TX10460,USR_1063,ACC_2063,139.12,USD,WIRE,MER_353,BEN_678,DEV_699,553ed483ad5e1493,"New York, US",2026-08-26 22:35:06.269031+00:00,0,A
TX10270,USR_1066,ACC_2066,63.84,USD,ACH,MER_147,BEN_782,DEV_745,8e173b21ad577306,"London, UK",2026-08-26 22:35:06.269031+00:00,0,A
TX10430,USR_1184,ACC_2184,5.0,USD,P2P,MER_208,BEN_958,DEV_184,856933acc112b8e0,"Tokyo, JP",2026-08-26 22:35:06.269031+00:00,0,A
TX10435,USR_1052,ACC_2052,58.24,USD,P2P,MER_371,BEN_839,DEV_911,666c612e2ac1ca57,"Sydney, AU",2026-08-26 22:37:06.269031+00:00,0,A
TX10913,USR_1070,ACC_2070,6.25,USD,CARD,MER_164,BEN_839,DEV_425,e17b9a40f4875acc,"Sydney, AU",2026-08-26 22:37:06.269031+00:00,0,A
TX10680,USR_1129,ACC_2129,80.37,USD,WIRE,MER_234,BEN_765,DEV_421,cab280aa6bbedc20,"New York, US",2026-08-26 22:38:06.269031+00:00,0,A
TX10365,USR_1043,ACC_2043,78.28,USD,CARD,MER_142,BEN_964,DEV_269,a13bd63118e22736,"Toronto, CA",2026-08-26 22:40:06.269031+00:00,0,A
TX10353,USR_1297,ACC_2297,5.0,USD,WIRE,MER_358,BEN_923,DEV_543,1cb62c794d6cfd4e,"Tokyo, JP",2026-08-26 22:45:06.269031+00:00,0,A
TX11138,USR_1174,ACC_2174,78.73,USD,WIRE,MER_206,BEN_911,DEV_789,0cc746ed483b6373,"New York, US",2026-08-26 22:48:06.269031+00:00,0,A
TX11069,USR_1224,ACC_2224,11.35,USD,CARD,MER_356,BEN_520,DEV_888,1db1632945fdf4fb,"Tokyo, JP",2026-08-26 22:51:06.269031+00:00,0,A
TX11221,USR_1041,ACC_2041,122.52,USD,CARD,MER_110,BEN_699,DEV_438,6f38731baa6eaa18,"London, UK",2026-08-26 22:51:06.269031+00:00,0,A
TX10215,USR_1044,ACC_2044,139.53,USD,P2P,MER_315,BEN_694,DEV_151,7dd4f2ecf1f66f66,"Sydney, AU",2026-08-26 22:56:06.269031+00:00,0,A
TX11305,USR_1288,ACC_2288,97.61,USD,P2P,MER_104,BEN_563,DEV_769,6da18eb3006706c0,"New York, US",2026-08-26 22:56:06.269031+00:00,0,A
TX10798,USR_1112,ACC_2112,232.79,USD,P2P,MER_183,BEN_838,DEV_NEW_7931,21a2fd522723acff,"Toronto, CA",2026-08-26 22:58:06.269031+00:00,0,B
TX11311,USR_1200,ACC_2200,74.76,USD,WIRE,MER_331,BEN_869,DEV_456,0eaf478a35c62952,"London, UK",2026-08-26 22:58:06.269031+00:00,0,A
TX10415,USR_1009,ACC_2009,9105.64,USD,P2P,MER_274,BEN_RING_777,DEV_RING_999,fd5dc3897b156800,"New York, US",2026-08-26 22:59:06.269031+00:00,1,D
TX11082,USR_1092,ACC_2092,5.0,USD,CARD,MER_310,BEN_800,DEV_195,07552f573d57467d,"Tokyo, JP",2026-08-26 23:06:06.269031+00:00,0,A
TX10319,USR_1218,ACC_2218,96.79,USD,P2P,MER_167,BEN_504,DEV_318,55488a4c24a30597,"London, UK",2026-08-26 23:06:06.269031+00:00,0,A
TX11385,USR_1077,ACC_2077,453.39,USD,CARD,MER_197,BEN_962,DEV_NEW_7009,e3a313e033bb8984,"New York, US",2026-08-26 23:07:06.269031+00:00,1,B
TX11539,USR_1229,ACC_2229,5.0,USD,P2P,MER_180,BEN_761,DEV_369,07ada08765729ec2,"New York, US",2026-08-26 23:08:06.269031+00:00,0,A
TX10705,USR_1075,ACC_2075,112.53,USD,ACH,MER_400,BEN_779,DEV_572,48d2d61592213dad,"New York, US",2026-08-26 23:13:06.269031+00:00,0,A
TX10185,USR_1289,ACC_2289,633.36,USD,ACH,MER_361,BEN_714,DEV_NEW_6071,d86fed0966b732bb,"Toronto, CA",2026-08-26 23:14:06.269031+00:00,1,B
TX11198,USR_1157,ACC_2157,99.36,USD,P2P,MER_195,BEN_831,DEV_237,aafc24df024560d9,"New York, US",2026-08-26 23:16:06.269031+00:00,0,A
TX10332,USR_1085,ACC_2085,39.87,USD,WIRE,MER_400,BEN_891,DEV_905,df3739cee9a7f836,"Toronto, CA",2026-08-26 23:19:06.269031+00:00,0,A
TX10520,USR_1183,ACC_2183,140.76,USD,CARD,MER_382,BEN_694,DEV_947,d736971f0298770e,"New York, US",2026-08-26 23:20:06.269031+00:00,0,A
TX11527,USR_1266,ACC_2266,292.15,USD,CARD,MER_154,BEN_557,DEV_NEW_2930,4c498aec97fa66bb,"Toronto, CA",2026-08-26 23:21:06.269031+00:00,1,B
TX10305,USR_1227,ACC_2227,48.73,USD,CARD,MER_183,BEN_506,DEV_564,d402ea784b1d456b,"London, UK",2026-08-26 23:21:06.269031+00:00,0,A
TX10685,USR_1268,ACC_2268,100.17,USD,WIRE,MER_290,BEN_743,DEV_505,520b3672ae9f6d8e,"London, UK",2026-08-26 23:22:06.269031+00:00,0,A
TX11544,USR_1194,ACC_2194,74.61,USD,ACH,MER_388,BEN_666,DEV_852,9f8604cb7e467670,"Toronto, CA",2026-08-26 23:24:06.269031+00:00,0,A
TX12139,USR_1103,ACC_2103,23.43,USD,P2P,MER_278,BEN_898,DEV_505,3bd6c9e1e86aa4e1,"London, UK",2026-08-26 23:25:06.269031+00:00,0,A
TX11055,USR_1263,ACC_2263,66.63,USD,WIRE,MER_392,BEN_937,DEV_648,5b50cb1181290aec,"London, UK",2026-08-26 23:26:06.269031+00:00,0,A
TX12454,USR_1247,ACC_2247,17.51,USD,CARD,MER_212,BEN_636,DEV_698,ed62994153dcc26c,"London, UK",2026-08-26 23:31:06.269031+00:00,0,A
TX10253,USR_1145,ACC_2145,97.71,USD,ACH,MER_171,BEN_810,DEV_830,5286bf21461c013e,"Sydney, AU",2026-08-26 23:31:06.269031+00:00,0,A
TX10066,USR_1274,ACC_2274,5.0,USD,WIRE,MER_104,BEN_899,DEV_762,04d0d4de5d036722,"Sydney, AU",2026-08-26 23:34:06.269031+00:00,0,A
TX10269,USR_1274,ACC_2274,1112.39,USD,WIRE,MER_104,BEN_NEW_8093,DEV_ATO_8860,c12f161ec61b1b36,Unknown / Proxy IP,2026-08-26 23:37:06.269031+00:00,1,C
TX10409,USR_1018,ACC_2018,188.32,USD,WIRE,MER_184,BEN_942,DEV_195,4929ec3e758a0a98,"London, UK",2026-08-26 23:40:06.269031+00:00,0,A
TX10813,USR_1171,ACC_2171,91.96,USD,P2P,MER_124,BEN_718,DEV_523,5e3e0fd56beb0b68,"Toronto, CA",2026-08-26 23:41:06.269031+00:00,0,A
TX11024,USR_1237,ACC_2237,158.63,USD,P2P,MER_203,BEN_731,DEV_342,c8f4ff7b3b3a1230,"Sydney, AU",2026-08-26 23:44:06.269031+00:00,0,A
TX10203,USR_1169,ACC_2169,101.54,USD,CARD,MER_219,BEN_522,DEV_708,3f124d1fb7b436f7,"New York, US",2026-08-26 23:47:06.269031+00:00,0,A
TX11197,USR_1111,ACC_2111,47.36,USD,ACH,MER_251,BEN_748,DEV_470,6b00b3fa091b36e5,"London, UK",2026-08-26 23:48:06.269031+00:00,0,A
TX10141,USR_1130,ACC_2130,72.03,USD,P2P,MER_327,BEN_936,DEV_726,77f41dc0ae42f3da,"London, UK",2026-08-26 23:53:06.269031+00:00,0,A
TX10832,USR_1138,ACC_2138,125.24,USD,CARD,MER_337,BEN_725,DEV_594,8d45592dae9f59a0,"Tokyo, JP",2026-08-26 23:53:06.269031+00:00,0,A
TX10401,USR_1068,ACC_2068,125.62,USD,P2P,MER_244,BEN_636,DEV_984,fa361ea74f62b17b,"Sydney, AU",2026-08-26 23:54:06.269031+00:00,0,A
TX11095,USR_1104,ACC_2104,162.21,USD,P2P,MER_190,BEN_601,DEV_938,66e643e8a810cdda,"New York, US",2026-08-26 23:55:06.269031+00:00,0,A
TX10515,USR_1286,ACC_2286,5.89,USD,P2P,MER_216,BEN_584,DEV_544,971dc7574aadf36f,"Tokyo, JP",2026-08-26 23:59:06.269031+00:00,0,A
TX11420,USR_1049,ACC_2049,34.85,USD,CARD,MER_242,BEN_723,DEV_545,e6501bb34f10bbec,"Tokyo, JP",2026-08-26 23:59:06.269031+00:00,0,A
TX11292,USR_1036,ACC_2036,82.89,USD,WIRE,MER_343,BEN_615,DEV_779,cea311fcad472a9b,"London, UK",2026-08-27 00:03:06.269031+00:00,0,A
TX10557,USR_1236,ACC_2236,35.15,USD,WIRE,MER_131,BEN_758,DEV_481,c521e90a1ba7a600,"Toronto, CA",2026-08-27 00:04:06.269031+00:00,0,A
TX10137,USR_1127,ACC_2127,27.08,USD,ACH,MER_220,BEN_934,DEV_787,d9ec58cb702d403f,"London, UK",2026-08-27 00:08:06.269031+00:00,0,A
TX10521,USR_1184,ACC_2184,6.13,USD,CARD,MER_217,BEN_958,DEV_184,856933acc112b8e0,"Tokyo, JP",2026-08-27 00:09:06.269031+00:00,0,A
TX10402,USR_1285,ACC_2285,113.17,USD,CARD,MER_333,BEN_921,DEV_205,f508248cccfe83c8,"London, UK",2026-08-27 00:09:06.269031+00:00,0,A
TX10985,USR_1119,ACC_2119,159.02,USD,CARD,MER_249,BEN_763,DEV_213,ef4697ab732d72a0,"Toronto, CA",2026-08-27 00:10:06.269031+00:00,0,A
TX10714,USR_1040,ACC_2040,9.39,USD,CARD,MER_218,BEN_577,DEV_179,3eb4005ac7b49cb1,"Tokyo, JP",2026-08-27 00:23:06.269031+00:00,0,A
TX10538,USR_1177,ACC_2177,86.34,USD,P2P,MER_178,BEN_633,DEV_146,d0954936adb6f994,"London, UK",2026-08-27 00:26:06.269031+00:00,0,A
TX10492,USR_1211,ACC_2211,81.33,USD,P2P,MER_186,BEN_791,DEV_730,1c69e66247a30c97,"London, UK",2026-08-27 00:26:06.269031+00:00,0,A
TX10518,USR_1001,ACC_2001,92.36,USD,ACH,MER_314,BEN_832,DEV_323,34128ce15708ffd5,"Toronto, CA",2026-08-27 00:27:06.269031+00:00,0,A
TX11634,USR_1082,ACC_2082,132.16,USD,ACH,MER_289,BEN_620,DEV_518,e9adc9bb40a0ee12,"New York, US",2026-08-27 00:32:06.269031+00:00,0,A
TX11077,USR_1262,ACC_2262,81.86,USD,P2P,MER_367,BEN_777,DEV_254,142617e48d73374c,"New York, US",2026-08-27 00:37:06.269031+00:00,0,A
TX10818,USR_1141,ACC_2141,85.43,USD,ACH,MER_358,BEN_701,DEV_627,4d95437c84830bda,"New York, US",2026-08-27 00:47:06.269031+00:00,0,A
TX10928,USR_1046,ACC_2046,135.09,USD,WIRE,MER_259,BEN_738,DEV_344,753d8b158f374251,"Toronto, CA",2026-08-27 00:51:06.269031+00:00,0,A
TX10358,USR_1060,ACC_2060,394.63,USD,P2P,MER_391,BEN_530,DEV_NEW_3897,3c49e5003110f2c6,"London, UK",2026-08-27 00:53:06.269031+00:00,1,B
TX11073,USR_1116,ACC_2116,5.0,USD,WIRE,MER_291,BEN_702,DEV_327,0afa7d2175280287,"New York, US",2026-08-27 00:53:06.269031+00:00,0,A
TX10223,USR_1039,ACC_2039,77.35,USD,P2P,MER_241,BEN_826,DEV_661,51115cee44834188,"Sydney, AU",2026-08-27 00:57:06.269031+00:00,0,A
TX10708,USR_1125,ACC_2125,5.0,USD,P2P,MER_250,BEN_717,DEV_608,3bd97ae68c3711b6,"Toronto, CA",2026-08-27 00:59:06.269031+00:00,0,A
TX10471,USR_1231,ACC_2231,117.77,USD,P2P,MER_392,BEN_968,DEV_253,f3e6e6aad46a7ebd,"Toronto, CA",2026-08-27 01:00:06.269031+00:00,0,A
TX10242,USR_1142,ACC_2142,112.69,USD,ACH,MER_306,BEN_933,DEV_151,87c723e76a7e0203,"Sydney, AU",2026-08-27 01:06:06.269031+00:00,0,A
TX11212,USR_1085,ACC_2085,17.18,USD,ACH,MER_400,BEN_924,DEV_905,df3739cee9a7f836,"Toronto, CA",2026-08-27 01:10:06.269031+00:00,0,A
TX10562,USR_1017,ACC_2017,78.59,USD,ACH,MER_150,BEN_627,DEV_296,8c715aa596b7f198,"Sydney, AU",2026-08-27 01:10:06.269031+00:00,0,A
TX11145,USR_1296,ACC_2296,57.65,USD,CARD,MER_273,BEN_944,DEV_521,98eccdccd122648d,"Tokyo, JP",2026-08-27 01:23:06.269031+00:00,0,A
TX11383,USR_1146,ACC_2146,106.9,USD,ACH,MER_313,BEN_917,DEV_444,1c61219d3526daa9,"Sydney, AU",2026-08-27 01:23:06.269031+00:00,0,A
TX10698,USR_1028,ACC_2028,128.23,USD,WIRE,MER_179,BEN_607,DEV_415,367de0248003677f,"New York, US",2026-08-27 01:25:06.269031+00:00,0,A
TX11346,USR_1117,ACC_2117,97.96,USD,WIRE,MER_340,BEN_646,DEV_201,cc37dbb565d122a4,"London, UK",2026-08-27 01:29:06.269031+00:00,0,A
TX11130,USR_1211,ACC_2211,15.01,USD,P2P,MER_375,BEN_679,DEV_730,83c17ff4daf45ecd,"London, UK",2026-08-27 01:29:06.269031+00:00,0,A
TX12036,USR_1163,ACC_2163,153.53,USD,ACH,MER_129,BEN_914,DEV_834,09344d7a13118986,"Toronto, CA",2026-08-27 01:29:06.269031+00:00,0,A
TX10407,USR_1135,ACC_2135,54.21,USD,WIRE,MER_200,BEN_981,DEV_411,eddad66c8f2b7404,"London, UK",2026-08-27 01:30:06.269031+00:00,0,A
TX10949,USR_1190,ACC_2190,63.86,USD,WIRE,MER_386,BEN_649,DEV_205,3862c4777cb683d4,"Toronto, CA",2026-08-27 01:31:06.269031+00:00,0,A
TX10693,USR_1083,ACC_2083,179.81,USD,P2P,MER_327,BEN_708,DEV_701,175fedd283ce6476,"New York, US",2026-08-27 01:37:06.269031+00:00,0,A
TX10427,USR_1152,ACC_2152,148.4,USD,P2P,MER_239,BEN_609,DEV_394,bd5e4722f4a3f853,"Sydney, AU",2026-08-27 01:37:06.269031+00:00,0,A
TX10919,USR_1298,ACC_2298,145.21,USD,WIRE,MER_306,BEN_642,DEV_269,0fd111a4a145066f,"London, UK",2026-08-27 01:39:06.269031+00:00,0,A
TX10991,USR_1192,ACC_2192,561.42,USD,ACH,MER_255,BEN_554,DEV_NEW_3187,20356fb5faf580cb,"Sydney, AU",2026-08-27 01:41:06.269031+00:00,1,B
TX12188,USR_1296,ACC_2296,72.52,USD,ACH,MER_273,BEN_860,DEV_215,98eccdccd122648d,"Tokyo, JP",2026-08-27 01:44:06.269031+00:00,0,A
TX11359,USR_1037,ACC_2037,52.72,USD,WIRE,MER_317,BEN_704,DEV_744,47d647a2985d1a90,"Sydney, AU",2026-08-27 01:44:06.269031+00:00,0,A
TX10668,USR_1078,ACC_2078,118.0,USD,ACH,MER_167,BEN_517,DEV_743,0fb9c57e09bf3897,"New York, US",2026-08-27 01:45:06.269031+00:00,0,A
TX10592,USR_1045,ACC_2045,107.08,USD,WIRE,MER_115,BEN_990,DEV_867,51a85a28c34ed363,"London, UK",2026-08-27 01:48:06.269031+00:00,0,A
TX10454,USR_1151,ACC_2151,186.31,USD,P2P,MER_248,BEN_846,DEV_591,c1de55ccf4ebef4d,"Tokyo, JP",2026-08-27 01:49:06.269031+00:00,0,A
TX10850,USR_1015,ACC_2015,108.97,USD,WIRE,MER_392,BEN_951,DEV_626,5457ab5de7f73ba3,"London, UK",2026-08-27 01:54:06.269031+00:00,0,A
TX10800,USR_1235,ACC_2235,152.1,USD,WIRE,MER_243,BEN_572,DEV_310,1fe9fcc6678ffd0c,"Sydney, AU",2026-08-27 01:58:06.269031+00:00,0,A
TX10195,USR_1294,ACC_2294,82.09,USD,WIRE,MER_315,BEN_697,DEV_481,cb3af032c68139db,"Sydney, AU",2026-08-27 01:59:06.269031+00:00,0,A
TX11443,USR_1114,ACC_2114,128.51,USD,ACH,MER_182,BEN_695,DEV_298,a96525fe39fe5020,"Sydney, AU",2026-08-27 02:01:06.269031+00:00,0,A
TX10450,USR_1212,ACC_2212,9.63,USD,ACH,MER_130,BEN_902,DEV_686,ecfbae456439a3ec,"New York, US",2026-08-27 02:03:06.269031+00:00,0,A
TX10988,USR_1235,ACC_2235,230.53,USD,ACH,MER_147,BEN_997,DEV_310,1fe9fcc6678ffd0c,"Sydney, AU",2026-08-27 02:04:06.269031+00:00,0,A
TX11786,USR_1016,ACC_2016,61.94,USD,P2P,MER_150,BEN_844,DEV_196,77b38a90ef972e5e,"Sydney, AU",2026-08-27 02:05:06.269031+00:00,0,A
TX11211,USR_1086,ACC_2086,99.7,USD,WIRE,MER_156,BEN_628,DEV_251,21cf3e421285e1fa,"Tokyo, JP",2026-08-27 02:05:06.269031+00:00,0,A
TX10941,USR_1042,ACC_2042,79.01,USD,P2P,MER_272,BEN_612,DEV_405,4deedbb583918fca,"Sydney, AU",2026-08-27 02:08:06.269031+00:00,0,A
TX10912,USR_1232,ACC_2232,60.92,USD,CARD,MER_135,BEN_705,DEV_614,218257120f7025ad,"London, UK",2026-08-27 02:09:06.269031+00:00,0,A
TX12418,USR_1296,ACC_2296,81.1,USD,P2P,MER_368,BEN_944,DEV_521,56dc5c0a9d1e223b,"Tokyo, JP",2026-08-27 02:13:06.269031+00:00,0,A
TX10896,USR_1168,ACC_2168,1208.72,USD,WIRE,MER_108,BEN_838,DEV_NEW_8291,75dc671fb1371347,"New York, US",2026-08-27 02:16:06.269031+00:00,1,B
TX11225,USR_1038,ACC_2038,66.21,USD,ACH,MER_262,BEN_910,DEV_151,d1561592aad7dc92,"Sydney, AU",2026-08-27 02:18:06.269031+00:00,0,A
TX11172,USR_1022,ACC_2022,88.26,USD,CARD,MER_104,BEN_843,DEV_785,3c01e3e24c52cd5e,"Sydney, AU",2026-08-27 02:20:06.269031+00:00,0,A
TX10789,USR_1062,ACC_2062,24.43,USD,CARD,MER_189,BEN_520,DEV_790,d3f71a2a96f5572f,"New York, US",2026-08-27 02:21:06.269031+00:00,0,A
TX10173,USR_1244,ACC_2244,89.76,USD,P2P,MER_345,BEN_831,DEV_556,95af57c5afaf0f11,"Toronto, CA",2026-08-27 02:23:06.269031+00:00,0,A
TX10244,USR_1089,ACC_2089,53.11,USD,ACH,MER_164,BEN_960,DEV_967,c9dca1b44f1121b5,"Sydney, AU",2026-08-27 02:29:06.269031+00:00,0,A
TX10180,USR_1027,ACC_2027,190.24,USD,ACH,MER_320,BEN_689,DEV_214,1c63c3c47526e1d4,"London, UK",2026-08-27 02:30:06.269031+00:00,0,A
TX11878,USR_1222,ACC_2222,83.99,USD,CARD,MER_222,BEN_959,DEV_310,44e6d40e8d8d321c,"Sydney, AU",2026-08-27 02:31:06.269031+00:00,0,A
TX10729,USR_1173,ACC_2173,117.39,USD,WIRE,MER_126,BEN_730,DEV_670,c0e29ff8398c9ef4,"London, UK",2026-08-27 02:36:06.269031+00:00,0,A
TX12140,USR_1016,ACC_2016,5.0,USD,ACH,MER_306,BEN_527,DEV_294,77b38a90ef972e5e,"Sydney, AU",2026-08-27 02:37:06.269031+00:00,0,A
TX11401,USR_1256,ACC_2256,89.4,USD,ACH,MER_250,BEN_731,DEV_659,1ef60236fe347e83,"Toronto, CA",2026-08-27 02:38:06.269031+00:00,0,A
TX11097,USR_1193,ACC_2193,138.21,USD,ACH,MER_345,BEN_653,DEV_550,e4ba75bf79fdcb04,"Toronto, CA",2026-08-27 02:38:06.269031+00:00,0,A
TX11830,USR_1077,ACC_2077,94.47,USD,CARD,MER_228,BEN_646,DEV_108,cb99c4f64b0c2e92,"New York, US",2026-08-27 02:39:06.269031+00:00,0,A
TX10329,USR_1294,ACC_2294,132.76,USD,WIRE,MER_315,BEN_697,DEV_481,c6bb668bbeb4bf8e,"Sydney, AU",2026-08-27 02:39:06.269031+00:00,0,A
TX12426,USR_1225,ACC_2225,93.22,USD,P2P,MER_179,BEN_542,DEV_511,ab044683f536f8af,"Toronto, CA",2026-08-27 02:42:06.269031+00:00,0,A
TX10560,USR_1051,ACC_2051,94.22,USD,WIRE,MER_308,BEN_868,DEV_710,3e9b67fa112f4e75,"New York, US",2026-08-27 02:45:06.269031+00:00,0,A
TX11934,USR_1077,ACC_2077,1112.31,USD,WIRE,MER_228,BEN_NEW_9565,DEV_ATO_7607,479e97d92bed3e4a,Unknown / Proxy IP,2026-08-27 02:45:06.269031+00:00,1,C
TX10385,USR_1057,ACC_2057,231.58,USD,P2P,MER_319,BEN_694,DEV_187,c45d5c6c769f2b69,"Toronto, CA",2026-08-27 02:45:06.269031+00:00,0,A
TX10764,USR_1078,ACC_2078,114.15,USD,CARD,MER_267,BEN_796,DEV_743,ea138d321b39fb53,"New York, US",2026-08-27 02:46:06.269031+00:00,0,A
TX11389,USR_1263,ACC_2263,44.49,USD,P2P,MER_392,BEN_540,DEV_803,c7e72f84ea95305d,"London, UK",2026-08-27 02:47:06.269031+00:00,0,A
TX10933,USR_1138,ACC_2138,82.53,USD,CARD,MER_312,BEN_725,DEV_350,895fb4d15f41d577,"Tokyo, JP",2026-08-27 02:51:06.269031+00:00,0,A
TX10436,USR_1248,ACC_2248,42.68,USD,P2P,MER_390,BEN_860,DEV_280,aed85343eab6ce68,"Tokyo, JP",2026-08-27 02:55:06.269031+00:00,0,A
TX10330,USR_1069,ACC_2069,168.05,USD,ACH,MER_222,BEN_664,DEV_252,ed4b5a832416af09,"Tokyo, JP",2026-08-27 02:56:06.269031+00:00,0,A
TX11766,USR_1131,ACC_2131,46.97,USD,P2P,MER_189,BEN_863,DEV_783,1a4bad185111ed79,"Tokyo, JP",2026-08-27 02:56:06.269031+00:00,0,A
TX10453,USR_1084,ACC_2084,425.94,USD,CARD,MER_208,BEN_CAR_DEALER_184,DEV_UPGRADE_3730,1208c228f12bd6c4,"Tokyo, JP",2026-08-27 02:57:06.269031+00:00,0,E
TX12071,USR_1077,ACC_2077,1392.37,USD,WIRE,MER_217,BEN_NEW_9169,DEV_ATO_8392,59234e457e382827,Unknown / Proxy IP,2026-08-27 02:58:06.269031+00:00,1,C
TX10955,USR_1052,ACC_2052,27.82,USD,P2P,MER_383,BEN_797,DEV_911,543d3130925feae7,"Sydney, AU",2026-08-27 03:01:06.269031+00:00,0,A
TX12308,USR_1222,ACC_2222,339.45,USD,WIRE,MER_222,BEN_527,DEV_NEW_5120,44e6d40e8d8d321c,"Sydney, AU",2026-08-27 03:01:06.269031+00:00,1,B
TX12638,USR_1197,ACC_2197,101.68,USD,WIRE,MER_227,BEN_555,DEV_137,4d2fd16a0ade0912,"Toronto, CA",2026-08-27 03:06:06.269031+00:00,0,A
TX10392,USR_1069,ACC_2069,195.94,USD,P2P,MER_392,BEN_664,DEV_252,09cef2768190680f,"Tokyo, JP",2026-08-27 03:07:06.269031+00:00,0,A
TX10950,USR_1069,ACC_2069,2137.68,USD,WIRE,MER_222,BEN_NEW_8384,DEV_ATO_5549,dfb612e1712562bf,Unknown / Proxy IP,2026-08-27 03:10:06.269031+00:00,1,C
TX11310,USR_1010,ACC_2010,3518.35,USD,P2P,MER_252,BEN_RING_777,DEV_RING_999,fd5dc3897b156800,"Tokyo, JP",2026-08-27 03:10:06.269031+00:00,1,D
TX11632,USR_1276,ACC_2276,44.8,USD,P2P,MER_241,BEN_850,DEV_698,5eb2a79f6f553ed2,"Tokyo, JP",2026-08-27 03:13:06.269031+00:00,0,A
TX10989,USR_1120,ACC_2120,79.57,USD,P2P,MER_284,BEN_768,DEV_729,6e6312055dcf2184,"London, UK",2026-08-27 03:17:06.269031+00:00,0,A
TX11199,USR_1211,ACC_2211,72.36,USD,ACH,MER_243,BEN_679,DEV_730,83c17ff4daf45ecd,"London, UK",2026-08-27 03:18:06.269031+00:00,0,A
TX10121,USR_1101,ACC_2101,124.98,USD,CARD,MER_158,BEN_793,DEV_570,67cd47b2a74e105a,"Toronto, CA",2026-08-27 03:20:06.269031+00:00,0,A
TX10552,USR_1251,ACC_2251,262.09,USD,P2P,MER_254,BEN_691,DEV_NEW_8476,d319e3b8b7c777d1,"Tokyo, JP",2026-08-27 03:20:06.269031+00:00,1,B
TX10532,USR_1043,ACC_2043,89.79,USD,CARD,MER_142,BEN_701,DEV_269,a13bd63118e22736,"Toronto, CA",2026-08-27 03:20:06.269031+00:00,0,A
TX11797,USR_1215,ACC_2215,61.5,USD,CARD,MER_275,BEN_780,DEV_323,9d3410d1f125e1df,"Tokyo, JP",2026-08-27 03:21:06.269031+00:00,0,A
TX10431,USR_1057,ACC_2057,161.58,USD,ACH,MER_330,BEN_897,DEV_354,9ea722f8987c3433,"Toronto, CA",2026-08-27 03:22:06.269031+00:00,0,A
TX10118,USR_1128,ACC_2128,46.13,USD,CARD,MER_139,BEN_689,DEV_492,e116857d689b3cac,"London, UK",2026-08-27 03:24:06.269031+00:00,0,A
TX10654,USR_1006,ACC_2006,8855.34,USD,P2P,MER_305,BEN_RING_777,DEV_RING_999,fd5dc3897b156800,"New York, US",2026-08-27 03:26:06.269031+00:00,1,D
TX11896,USR_1211,ACC_2211,1270.21,USD,WIRE,MER_243,BEN_NEW_9452,DEV_ATO_7393,63f691aa4698eb70,Unknown / Proxy IP,2026-08-27 03:29:06.269031+00:00,1,C
TX10157,USR_1056,ACC_2056,88.09,USD,P2P,MER_177,BEN_558,DEV_551,292e1d1a2fc9ded3,"Tokyo, JP",2026-08-27 03:29:06.269031+00:00,0,A
TX10780,USR_1125,ACC_2125,39.09,USD,ACH,MER_192,BEN_872,DEV_608,9d968dc522301427,"Toronto, CA",2026-08-27 03:32:06.269031+00:00,0,A
TX11101,USR_1066,ACC_2066,7.53,USD,ACH,MER_147,BEN_782,DEV_745,8e173b21ad577306,"London, UK",2026-08-27 03:32:06.269031+00:00,0,A
TX10422,USR_1079,ACC_2079,119.46,USD,CARD,MER_273,BEN_967,DEV_305,03e70a2d37a6fbd7,"Tokyo, JP",2026-08-27 03:35:06.269031+00:00,0,A
TX10364,USR_1182,ACC_2182,83.82,USD,WIRE,MER_307,BEN_703,DEV_346,a8f4b31a7881bbaf,"Tokyo, JP",2026-08-27 03:38:06.269031+00:00,0,A
TX10785,USR_1121,ACC_2121,72.27,USD,CARD,MER_223,BEN_629,DEV_499,c5be08c76a7060ec,"Sydney, AU",2026-08-27 03:42:06.269031+00:00,0,A
TX10447,USR_1105,ACC_2105,52.37,USD,ACH,MER_240,BEN_740,DEV_678,0cc56806395d3d2b,"Tokyo, JP",2026-08-27 03:44:06.269031+00:00,0,A
TX10354,USR_1261,ACC_2261,442.14,USD,ACH,MER_237,BEN_CAR_DEALER_180,DEV_UPGRADE_3236,811834c71f1d4f06,"Sydney, AU",2026-08-27 03:45:06.269031+00:00,0,E
TX11333,USR_1216,ACC_2216,174.43,USD,CARD,MER_181,BEN_725,DEV_741,119ef96e716612dc,"New York, US",2026-08-27 03:46:06.269031+00:00,0,A
TX11068,USR_1192,ACC_2192,56.16,USD,CARD,MER_255,BEN_569,DEV_469,20356fb5faf580cb,"Sydney, AU",2026-08-27 03:47:06.269031+00:00,0,A
TX10181,USR_1299,ACC_2299,87.32,USD,ACH,MER_311,BEN_754,DEV_570,8bdd36f5ed2bd26b,"New York, US",2026-08-27 03:48:06.269031+00:00,0,A
TX10696,USR_1006,ACC_2006,5.41,USD,CARD,MER_208,BEN_912,DEV_801,7b9b363b102f9355,"New York, US",2026-08-27 03:50:06.269031+00:00,0,A
TX10362,USR_1180,ACC_2180,5.0,USD,WIRE,MER_347,BEN_691,DEV_169,4e3c89636a5903ac,"Toronto, CA",2026-08-27 03:54:06.269031+00:00,0,A
TX11777,USR_1009,ACC_2009,10.09,USD,WIRE,MER_274,BEN_953,DEV_357,3db2a3b19d9769cc,"New York, US",2026-08-27 03:55:06.269031+00:00,0,A
TX11432,USR_1220,ACC_2220,132.57,USD,P2P,MER_211,BEN_815,DEV_724,653a1acc24d310b4,"London, UK",2026-08-27 03:56:06.269031+00:00,0,A
TX11227,USR_1176,ACC_2176,29.16,USD,CARD,MER_263,BEN_754,DEV_489,922b57721fe4262e,"Tokyo, JP",2026-08-27 03:56:06.269031+00:00,0,A
TX10469,USR_1248,ACC_2248,93.62,USD,ACH,MER_390,BEN_858,DEV_280,aed85343eab6ce68,"Tokyo, JP",2026-08-27 03:57:06.269031+00:00,0,A
TX11071,USR_1279,ACC_2279,60.78,USD,WIRE,MER_145,BEN_565,DEV_965,98f7d33c8fc726ac,"London, UK",2026-08-27 03:58:06.269031+00:00,0,A
TX10669,USR_1126,ACC_2126,456.92,USD,P2P,MER_280,BEN_CAR_DEALER_175,DEV_UPGRADE_3875,5f77f6179e67d445,"Sydney, AU",2026-08-27 03:59:06.269031+00:00,0,E
TX10588,USR_1124,ACC_2124,38.53,USD,CARD,MER_325,BEN_909,DEV_982,b4895ee1beb11ace,"Tokyo, JP",2026-08-27 04:01:06.269031+00:00,0,A
TX10414,USR_1013,ACC_2013,5405.42,USD,P2P,MER_364,BEN_RING_777,DEV_RING_999,fd5dc3897b156800,"Tokyo, JP",2026-08-27 04:06:06.269031+00:00,1,D
TX12319,USR_1220,ACC_2220,2261.96,USD,WIRE,MER_151,BEN_NEW_9455,DEV_ATO_7517,1e031565d54a8794,Unknown / Proxy IP,2026-08-27 04:06:06.269031+00:00,1,C
TX11078,USR_1238,ACC_2238,307.54,USD,ACH,MER_257,BEN_774,DEV_208,b8d2d5c142188c1d,"Sydney, AU",2026-08-27 04:14:06.269031+00:00,0,A
TX11141,USR_1115,ACC_2115,155.62,USD,ACH,MER_239,BEN_645,DEV_756,4d8f3a7ab28f30b0,"New York, US",2026-08-27 04:19:06.269031+00:00,0,A
TX10321,USR_1217,ACC_2217,58.35,USD,ACH,MER_148,BEN_702,DEV_195,e7d64b667c42d07d,"London, UK",2026-08-27 04:19:06.269031+00:00,0,A
TX11234,USR_1094,ACC_2094,118.1,USD,CARD,MER_393,BEN_642,DEV_967,f891e28a9482853e,"Tokyo, JP",2026-08-27 04:20:06.269031+00:00,0,A
TX10825,USR_1181,ACC_2181,81.5,USD,P2P,MER_149,BEN_916,DEV_112,9e61c93a56ccb2d7,"Tokyo, JP",2026-08-27 04:27:06.269031+00:00,0,A
TX10280,USR_1106,ACC_2106,98.01,USD,CARD,MER_359,BEN_539,DEV_417,0c68f51756e95452,"Tokyo, JP",2026-08-27 04:28:06.269031+00:00,0,A
TX11464,USR_1080,ACC_2080,94.46,USD,CARD,MER_374,BEN_507,DEV_244,483e41a558764e8a,"Sydney, AU",2026-08-27 04:37:06.269031+00:00,0,A
TX11865,USR_1132,ACC_2132,5.0,USD,P2P,MER_166,BEN_688,DEV_911,01ed69d6118ed97c,"New York, US",2026-08-27 04:38:06.269031+00:00,0,A
TX10177,USR_1201,ACC_2201,98.08,USD,CARD,MER_336,BEN_764,DEV_123,6c4d778432e31286,"London, UK",2026-08-27 04:42:06.269031+00:00,0,A
TX10421,USR_1095,ACC_2095,124.67,USD,P2P,MER_258,BEN_592,DEV_723,47dee88f32dc4e73,"Tokyo, JP",2026-08-27 04:43:06.269031+00:00,0,A
TX11085,USR_1192,ACC_2192,96.23,USD,P2P,MER_103,BEN_554,DEV_469,20356fb5faf580cb,"Sydney, AU",2026-08-27 04:44:06.269031+00:00,0,A
TX10324,USR_1195,ACC_2195,84.27,USD,P2P,MER_135,BEN_908,DEV_798,b025a857ef22e380,"Sydney, AU",2026-08-27 04:45:06.269031+00:00,0,A
TX11028,USR_1282,ACC_2282,106.9,USD,ACH,MER_102,BEN_660,DEV_423,d3d65ee8b2408bc7,"New York, US",2026-08-27 04:48:06.269031+00:00,0,A
TX10923,USR_1250,ACC_2250,89.74,USD,P2P,MER_130,BEN_867,DEV_439,8bc5ca6f1c58f90a,"London, UK",2026-08-27 04:54:06.269031+00:00,0,A
TX10992,USR_1144,ACC_2144,89.85,USD,P2P,MER_119,BEN_808,DEV_482,1738decb44c32509,"Tokyo, JP",2026-08-27 04:55:06.269031+00:00,0,A
TX10663,USR_1202,ACC_2202,99.54,USD,WIRE,MER_330,BEN_877,DEV_916,9dfdf13e2de836ee,"Sydney, AU",2026-08-27 04:56:06.269031+00:00,0,A
TX10683,USR_1260,ACC_2260,132.92,USD,P2P,MER_146,BEN_703,DEV_126,c2fc49a7af3910a3,"New York, US",2026-08-27 04:58:06.269031+00:00,0,A
TX11042,USR_1264,ACC_2264,41.74,USD,P2P,MER_203,BEN_913,DEV_223,9df8a95ed3de918a,"London, UK",2026-08-27 05:00:06.269031+00:00,0,A
TX11238,USR_1253,ACC_2253,80.32,USD,P2P,MER_389,BEN_935,DEV_281,45f4a1d19d86b658,"Toronto, CA",2026-08-27 05:00:06.269031+00:00,0,A
TX10745,USR_1219,ACC_2219,362.11,USD,WIRE,MER_168,BEN_951,DEV_NEW_9773,cdbc196f2eb61754,"New York, US",2026-08-27 05:01:06.269031+00:00,1,B
TX13013,USR_1233,ACC_2233,187.62,USD,WIRE,MER_379,BEN_878,DEV_NEW_4650,0f926437fe0698e4,"Tokyo, JP",2026-08-27 05:03:06.269031+00:00,1,B
TX10651,USR_1272,ACC_2272,39.77,USD,CARD,MER_328,BEN_825,DEV_469,86889ce0a7e296c8,"Sydney, AU",2026-08-27 05:08:06.269031+00:00,0,A
TX12441,USR_1281,ACC_2281,75.83,USD,WIRE,MER_309,BEN_937,DEV_583,442e216561464da9,"Sydney, AU",2026-08-27 05:11:06.269031+00:00,0,A
TX10932,USR_1126,ACC_2126,111.78,USD,WIRE,MER_121,BEN_679,DEV_181,5f77f6179e67d445,"Sydney, AU",2026-08-27 05:13:06.269031+00:00,0,A
TX10938,USR_1254,ACC_2254,100.29,USD,WIRE,MER_235,BEN_993,DEV_244,ce7d41e693885b0f,"Tokyo, JP",2026-08-27 05:19:06.269031+00:00,0,A
TX10656,USR_1291,ACC_2291,108.7,USD,ACH,MER_352,BEN_843,DEV_804,73383021c91189cd,"New York, US",2026-08-27 05:24:06.269031+00:00,0,A
TX11880,USR_1206,ACC_2206,102.35,USD,P2P,MER_127,BEN_750,DEV_NEW_7985,19d4d2715c5c7f3a,"London, UK",2026-08-27 05:26:06.269031+00:00,1,B
TX11261,USR_1119,ACC_2119,162.25,USD,ACH,MER_319,BEN_763,DEV_213,ef4697ab732d72a0,"Toronto, CA",2026-08-27 05:27:06.269031+00:00,0,A
TX10914,USR_1259,ACC_2259,44.46,USD,WIRE,MER_345,BEN_501,DEV_198,a286ac7c278aa0b4,"Sydney, AU",2026-08-27 05:28:06.269031+00:00,0,A
TX10350,USR_1267,ACC_2267,144.75,USD,CARD,MER_119,BEN_748,DEV_648,9d27a1fb075270c8,"Tokyo, JP",2026-08-27 05:29:06.269031+00:00,0,A
TX10259,USR_1054,ACC_2054,60.95,USD,WIRE,MER_216,BEN_551,DEV_321,25bcd6ffa38deb1b,"Toronto, CA",2026-08-27 05:29:06.269031+00:00,0,A
TX11805,USR_1086,ACC_2086,104.14,USD,ACH,MER_189,BEN_776,DEV_892,ee2876480c330c83,"Tokyo, JP",2026-08-27 05:32:06.269031+00:00,0,A
TX13186,USR_1233,ACC_2233,269.38,USD,ACH,MER_225,BEN_CAR_DEALER_159,DEV_UPGRADE_3668,0f926437fe0698e4,"Tokyo, JP",2026-08-27 05:32:06.269031+00:00,0,E
TX10963,USR_1168,ACC_2168,190.32,USD,WIRE,MER_223,BEN_914,DEV_258,75dc671fb1371347,"New York, US",2026-08-27 05:33:06.269031+00:00,0,A
TX11129,USR_1221,ACC_2221,65.67,USD,CARD,MER_227,BEN_571,DEV_703,decd57703473e273,"Sydney, AU",2026-08-27 05:34:06.269031+00:00,0,A
TX12726,USR_1220,ACC_2220,154.62,USD,CARD,MER_171,BEN_970,DEV_724,72d96e413d4e06fb,"London, UK",2026-08-27 05:34:06.269031+00:00,0,A
TX11644,USR_1015,ACC_2015,77.36,USD,WIRE,MER_392,BEN_978,DEV_626,2e61687fd308ee3f,"London, UK",2026-08-27 05:40:06.269031+00:00,0,A
TX11961,USR_1086,ACC_2086,123.48,USD,CARD,MER_189,BEN_776,DEV_892,21cf3e421285e1fa,"Tokyo, JP",2026-08-27 05:41:06.269031+00:00,0,A
TX11093,USR_1031,ACC_2031,40.97,USD,ACH,MER_233,BEN_774,DEV_985,ee85905019f3301c,"Tokyo, JP",2026-08-27 05:43:06.269031+00:00,0,A
TX10815,USR_1265,ACC_2265,121.33,USD,CARD,MER_382,BEN_784,DEV_954,3a9ef89cf7f2e266,"New York, US",2026-08-27 05:45:06.269031+00:00,0,A
TX10765,USR_1183,ACC_2183,973.45,USD,ACH,MER_382,BEN_CAR_DEALER_200,DEV_UPGRADE_3826,d736971f0298770e,"New York, US",2026-08-27 05:47:06.269031+00:00,0,E
TX10348,USR_1159,ACC_2159,63.92,USD,P2P,MER_233,BEN_793,DEV_106,9be4689c28b9a2b0,"Tokyo, JP",2026-08-27 05:49:06.269031+00:00,0,A
TX12310,USR_1206,ACC_2206,123.83,USD,CARD,MER_195,BEN_CAR_DEALER_189,DEV_UPGRADE_3674,17673fd32798d605,"London, UK",2026-08-27 05:51:06.269031+00:00,0,E
TX10826,USR_1159,ACC_2159,881.35,USD,WIRE,MER_284,BEN_NEW_8175,DEV_ATO_9540,ac15231954ec0647,Unknown / Proxy IP,2026-08-27 05:52:06.269031+00:00,1,C
TX10871,USR_1187,ACC_2187,88.83,USD,WIRE,MER_330,BEN_824,DEV_958,a14175d14a3639c0,"Toronto, CA",2026-08-27 06:03:06.269031+00:00,0,A
TX11617,USR_1177,ACC_2177,132.47,USD,ACH,MER_178,BEN_633,DEV_523,d0954936adb6f994,"London, UK",2026-08-27 06:04:06.269031+00:00,0,A
TX10569,USR_1210,ACC_2210,896.69,USD,P2P,MER_160,BEN_724,DEV_NEW_7366,c9ceeb8e9250506f,"Tokyo, JP",2026-08-27 06:04:06.269031+00:00,1,B
TX11123,USR_1052,ACC_2052,58.24,USD,WIRE,MER_342,BEN_797,DEV_911,543d3130925feae7,"Sydney, AU",2026-08-27 06:07:06.269031+00:00,0,A
TX10529,USR_1269,ACC_2269,13.3,USD,P2P,MER_313,BEN_653,DEV_963,4ce705bd91f4650b,"New York, US",2026-08-27 06:09:06.269031+00:00,0,A
TX10613,USR_1274,ACC_2274,45.92,USD,P2P,MER_188,BEN_899,DEV_762,04d0d4de5d036722,"Sydney, AU",2026-08-27 06:10:06.269031+00:00,0,A
TX11976,USR_1229,ACC_2229,39.34,USD,WIRE,MER_230,BEN_755,DEV_369,07ada08765729ec2,"New York, US",2026-08-27 06:11:06.269031+00:00,0,A
TX10712,USR_1028,ACC_2028,128.55,USD,CARD,MER_281,BEN_841,DEV_415,2ae2dd1e0363c949,"New York, US",2026-08-27 06:12:06.269031+00:00,0,A
TX10547,USR_1035,ACC_2035,89.0,USD,CARD,MER_342,BEN_738,DEV_411,366dd80803ad332d,"Toronto, CA",2026-08-27 06:15:06.269031+00:00,0,A
TX11281,USR_1024,ACC_2024,172.09,USD,WIRE,MER_168,BEN_553,DEV_926,8a0759df3a3a9f03,"Toronto, CA",2026-08-27 06:17:06.269031+00:00,0,A
TX11867,USR_1149,ACC_2149,228.84,USD,ACH,MER_292,BEN_839,DEV_993,54aa31bdb6a655de,"London, UK",2026-08-27 06:19:06.269031+00:00,0,A
TX10681,USR_1214,ACC_2214,66.83,USD,CARD,MER_334,BEN_501,DEV_867,daf2584bc2d0a66d,"Tokyo, JP",2026-08-27 06:21:06.269031+00:00,0,A
TX12414,USR_1103,ACC_2103,43.69,USD,P2P,MER_278,BEN_761,DEV_505,3bd6c9e1e86aa4e1,"London, UK",2026-08-27 06:22:06.269031+00:00,0,A
TX10317,USR_1113,ACC_2113,135.54,USD,ACH,MER_329,BEN_812,DEV_838,98eccdccd122648d,"London, UK",2026-08-27 06:28:06.269031+00:00,0,A
TX10610,USR_1251,ACC_2251,40.8,USD,WIRE,MER_400,BEN_691,DEV_892,d319e3b8b7c777d1,"Tokyo, JP",2026-08-27 06:30:06.269031+00:00,0,A
TX11343,USR_1207,ACC_2207,114.99,USD,ACH,MER_185,BEN_850,DEV_596,7743ecec2e2aaec1,"Toronto, CA",2026-08-27 06:31:06.269031+00:00,0,A
TX11051,USR_1026,ACC_2026,74.28,USD,CARD,MER_326,BEN_634,DEV_749,644cd2e14ee2c85b,"New York, US",2026-08-27 06:32:06.269031+00:00,0,A
TX10212,USR_1008,ACC_2008,3061.68,USD,P2P,MER_316,BEN_RING_777,DEV_RING_999,fd5dc3897b156800,"New York, US",2026-08-27 06:33:06.269031+00:00,1,D
TX11428,USR_1020,ACC_2020,988.11,USD,P2P,MER_141,BEN_760,DEV_NEW_3242,b5ff272adcc184f7,"Toronto, CA",2026-08-27 06:34:06.269031+00:00,0,B
TX11819,USR_1114,ACC_2114,139.63,USD,CARD,MER_370,BEN_644,DEV_955,a96525fe39fe5020,"Sydney, AU",2026-08-27 06:36:06.269031+00:00,0,A
TX10851,USR_1293,ACC_2293,25.87,USD,ACH,MER_268,BEN_570,DEV_218,aebc04d764177518,"New York, US",2026-08-27 06:39:06.269031+00:00,0,A
TX12098,USR_1207,ACC_2207,65.35,USD,CARD,MER_389,BEN_709,DEV_596,ba65fed7c7170164,"Toronto, CA",2026-08-27 06:41:06.269031+00:00,0,A
TX10323,USR_1139,ACC_2139,55.2,USD,ACH,MER_162,BEN_763,DEV_420,d3d65ee8b2408bc7,"Tokyo, JP",2026-08-27 06:43:06.269031+00:00,0,A
TX11472,USR_1279,ACC_2279,21.0,USD,WIRE,MER_271,BEN_741,DEV_274,1954f8dacd6f403a,"London, UK",2026-08-27 06:47:06.269031+00:00,0,A
TX10246,USR_1295,ACC_2295,21.32,USD,CARD,MER_114,BEN_910,DEV_964,4263555a333d9831,"Toronto, CA",2026-08-27 07:02:06.269031+00:00,0,A
TX12548,USR_1077,ACC_2077,82.99,USD,WIRE,MER_212,BEN_926,DEV_108,e3a313e033bb8984,"New York, US",2026-08-27 07:06:06.269031+00:00,0,A
TX10972,USR_1046,ACC_2046,74.83,USD,CARD,MER_185,BEN_858,DEV_344,753d8b158f374251,"Toronto, CA",2026-08-27 07:09:06.269031+00:00,0,A
TX11179,USR_1250,ACC_2250,605.13,USD,ACH,MER_400,BEN_970,DEV_NEW_7524,8bc5ca6f1c58f90a,"London, UK",2026-08-27 07:15:06.269031+00:00,0,B
TX10837,USR_1258,ACC_2258,5.0,USD,P2P,MER_383,BEN_605,DEV_721,f1b7ece9155caeaa,"New York, US",2026-08-27 07:17:06.269031+00:00,0,A
TX10106,USR_1011,ACC_2011,8816.92,USD,P2P,MER_223,BEN_RING_777,DEV_RING_999,fd5dc3897b156800,"New York, US",2026-08-27 07:17:06.269031+00:00,1,D
TX12933,USR_1213,ACC_2213,51.07,USD,ACH,MER_147,BEN_823,DEV_249,53711f667bdda254,"Sydney, AU",2026-08-27 07:27:06.269031+00:00,0,A
TX11121,USR_1232,ACC_2232,66.0,USD,CARD,MER_244,BEN_705,DEV_614,218257120f7025ad,"London, UK",2026-08-27 07:28:06.269031+00:00,0,A
TX11633,USR_1038,ACC_2038,68.18,USD,CARD,MER_386,BEN_737,DEV_151,d1561592aad7dc92,"Sydney, AU",2026-08-27 07:42:06.269031+00:00,0,A
TX11175,USR_1022,ACC_2022,131.41,USD,ACH,MER_334,BEN_843,DEV_785,3c01e3e24c52cd5e,"Sydney, AU",2026-08-27 07:44:06.269031+00:00,0,A
TX10982,USR_1172,ACC_2172,32.15,USD,CARD,MER_337,BEN_615,DEV_526,418ca1e6507f5057,"London, UK",2026-08-27 07:50:06.269031+00:00,0,A
TX10881,USR_1007,ACC_2007,104.33,USD,WIRE,MER_387,BEN_635,DEV_771,62b5698b674c63cc,"Sydney, AU",2026-08-27 08:00:06.269031+00:00,0,A
TX13048,USR_1091,ACC_2091,5.0,USD,P2P,MER_134,BEN_660,DEV_947,22d65b867187739e,"New York, US",2026-08-27 08:06:06.269031+00:00,0,A
TX10735,USR_1160,ACC_2160,5.0,USD,CARD,MER_212,BEN_969,DEV_576,6cbbb8d9648be29a,"Toronto, CA",2026-08-27 08:07:06.269031+00:00,0,A
TX10726,USR_1182,ACC_2182,131.59,USD,CARD,MER_389,BEN_691,DEV_346,a8f4b31a7881bbaf,"Tokyo, JP",2026-08-27 08:08:06.269031+00:00,0,A
TX10775,USR_1150,ACC_2150,47.03,USD,P2P,MER_247,BEN_785,DEV_450,ef6f595e325406c8,"Tokyo, JP",2026-08-27 08:08:06.269031+00:00,0,A
TX10064,USR_1003,ACC_2003,120.68,USD,CARD,MER_285,BEN_998,DEV_452,5fb8c19f162b2fd9,"Sydney, AU",2026-08-27 08:11:06.269031+00:00,0,A
TX10858,USR_1183,ACC_2183,129.04,USD,ACH,MER_343,BEN_707,DEV_800,73e4ace72d513ef6,"New York, US",2026-08-27 08:11:06.269031+00:00,0,A
TX12005,USR_1164,ACC_2164,100.28,USD,WIRE,MER_137,BEN_881,DEV_926,eb6318d23a29cdd4,"Tokyo, JP",2026-08-27 08:14:06.269031+00:00,0,A
TX10579,USR_1090,ACC_2090,112.89,USD,ACH,MER_320,BEN_859,DEV_711,d37b2f3a3e8b1e76,"Toronto, CA",2026-08-27 08:15:06.269031+00:00,0,A
TX10070,USR_1241,ACC_2241,78.58,USD,P2P,MER_305,BEN_566,DEV_923,fbd7d4ee4caf9386,"New York, US",2026-08-27 08:16:06.269031+00:00,0,A
TX10892,USR_1150,ACC_2150,747.14,USD,WIRE,MER_215,BEN_NEW_8433,DEV_ATO_9843,3759c361c36df468,Unknown / Proxy IP,2026-08-27 08:18:06.269031+00:00,1,C
TX10697,USR_1245,ACC_2245,163.32,USD,P2P,MER_295,BEN_910,DEV_240,c234b94963614182,"Toronto, CA",2026-08-27 08:21:06.269031+00:00,0,A
TX11133,USR_1170,ACC_2170,11.42,USD,ACH,MER_254,BEN_895,DEV_615,6d3f2c0efed53fd2,"Toronto, CA",2026-08-27 08:22:06.269031+00:00,0,A
TX10956,USR_1001,ACC_2001,85.61,USD,ACH,MER_379,BEN_859,DEV_323,34128ce15708ffd5,"Toronto, CA",2026-08-27 08:26:06.269031+00:00,0,A
TX11037,USR_1175,ACC_2175,30.66,USD,P2P,MER_222,BEN_809,DEV_316,15bf1c91432da6c2,"New York, US",2026-08-27 08:26:06.269031+00:00,0,A
TX11000,USR_1230,ACC_2230,139.38,USD,WIRE,MER_341,BEN_939,DEV_687,e0b1369be54e04f0,"Toronto, CA",2026-08-27 08:27:06.269031+00:00,0,A
TX10918,USR_1034,ACC_2034,83.98,USD,ACH,MER_189,BEN_598,DEV_518,95848e58ee16c597,"Toronto, CA",2026-08-27 08:34:06.269031+00:00,0,A
TX10859,USR_1029,ACC_2029,73.47,USD,CARD,MER_155,BEN_973,DEV_985,900cad8b471e7cc0,"London, UK",2026-08-27 08:35:06.269031+00:00,0,A
TX13221,USR_1055,ACC_2055,127.74,USD,ACH,MER_152,BEN_826,DEV_380,747453dffe2e3b17,"Tokyo, JP",2026-08-27 08:36:06.269031+00:00,0,A
TX10367,USR_1240,ACC_2240,80.95,USD,CARD,MER_381,BEN_707,DEV_150,87a1a3b014960188,"London, UK",2026-08-27 08:37:06.269031+00:00,0,A
TX11388,USR_1269,ACC_2269,5.0,USD,WIRE,MER_264,BEN_568,DEV_963,4ce705bd91f4650b,"New York, US",2026-08-27 08:40:06.269031+00:00,0,A
TX10706,USR_1218,ACC_2218,75.55,USD,ACH,MER_161,BEN_856,DEV_318,d7226c000046452f,"London, UK",2026-08-27 08:41:06.269031+00:00,0,A
TX10457,USR_1064,ACC_2064,146.99,USD,WIRE,MER_159,BEN_661,DEV_510,8f4332526fb22e4a,"Sydney, AU",2026-08-27 08:43:06.269031+00:00,0,A
TX10578,USR_1064,ACC_2064,2247.23,USD,WIRE,MER_100,BEN_NEW_8404,DEV_ATO_8826,059bb14dabacd90e,Unknown / Proxy IP,2026-08-27 08:45:06.269031+00:00,1,C
TX12776,USR_1058,ACC_2058,98.15,USD,ACH,MER_382,BEN_635,DEV_724,4ca18e2dc49b3667,"London, UK",2026-08-27 08:45:06.269031+00:00,0,A
TX10784,USR_1140,ACC_2140,101.99,USD,CARD,MER_267,BEN_961,DEV_560,4af4f4dcf8282d9e,"Sydney, AU",2026-08-27 08:48:06.269031+00:00,0,A
TX10719,USR_1205,ACC_2205,169.51,USD,CARD,MER_170,BEN_698,DEV_420,17a963387deb159b,"London, UK",2026-08-27 08:50:06.269031+00:00,0,A
TX11552,USR_1263,ACC_2263,50.64,USD,WIRE,MER_364,BEN_653,DEV_803,c7e72f84ea95305d,"London, UK",2026-08-27 08:54:06.269031+00:00,0,A
TX11029,USR_1102,ACC_2102,41.27,USD,ACH,MER_323,BEN_723,DEV_920,bcef80d0e40d9da3,"Tokyo, JP",2026-08-27 08:57:06.269031+00:00,0,A
TX10509,USR_1005,ACC_2005,105.95,USD,P2P,MER_238,BEN_873,DEV_479,153c3b2b0c4f6c24,"New York, US",2026-08-27 09:00:06.269031+00:00,0,A
TX10749,USR_1096,ACC_2096,225.73,USD,ACH,MER_274,BEN_771,DEV_679,6427c36c4f3ddfa5,"New York, US",2026-08-27 09:01:06.269031+00:00,0,A
TX11508,USR_1214,ACC_2214,103.53,USD,CARD,MER_283,BEN_986,DEV_867,daf2584bc2d0a66d,"Tokyo, JP",2026-08-27 09:03:06.269031+00:00,0,A
TX10704,USR_1255,ACC_2255,61.82,USD,WIRE,MER_185,BEN_524,DEV_355,ccfdb0e012ebf470,"New York, US",2026-08-27 09:05:06.269031+00:00,0,A
TX10381,USR_1186,ACC_2186,75.52,USD,CARD,MER_127,BEN_886,DEV_178,01212de5b81c350b,"Sydney, AU",2026-08-27 09:08:06.269031+00:00,0,A
TX11723,USR_1184,ACC_2184,33.34,USD,WIRE,MER_390,BEN_958,DEV_184,4a1afa885aeef4cc,"Tokyo, JP",2026-08-27 09:09:06.269031+00:00,0,A
TX10572,USR_1063,ACC_2063,104.05,USD,ACH,MER_310,BEN_709,DEV_699,201c1973492a8659,"New York, US",2026-08-27 09:12:06.269031+00:00,0,A
TX10968,USR_1099,ACC_2099,1224.37,USD,CARD,MER_248,BEN_CAR_DEALER_192,DEV_UPGRADE_3600,7f3bb771f0573b6f,"New York, US",2026-08-27 09:13:06.269031+00:00,0,E
TX10905,USR_1189,ACC_2189,545.47,USD,P2P,MER_329,BEN_638,DEV_NEW_5576,d0509ec5865f2372,"Tokyo, JP",2026-08-27 09:13:06.269031+00:00,1,B
TX10372,USR_1154,ACC_2154,59.86,USD,WIRE,MER_264,BEN_743,DEV_105,821fce86e69adfe0,"London, UK",2026-08-27 09:16:06.269031+00:00,0,A
TX10843,USR_1181,ACC_2181,83.35,USD,P2P,MER_149,BEN_916,DEV_112,31b63d4339095769,"Tokyo, JP",2026-08-27 09:17:06.269031+00:00,0,A
TX10131,USR_1165,ACC_2165,180.31,USD,WIRE,MER_192,BEN_646,DEV_654,6a209799414ac9ae,"Sydney, AU",2026-08-27 09:18:06.269031+00:00,0,A
TX11553,USR_1230,ACC_2230,95.63,USD,P2P,MER_286,BEN_939,DEV_687,e0b1369be54e04f0,"Toronto, CA",2026-08-27 09:18:06.269031+00:00,0,A
TX10445,USR_1285,ACC_2285,74.71,USD,ACH,MER_368,BEN_921,DEV_232,f508248cccfe83c8,"London, UK",2026-08-27 09:21:06.269031+00:00,0,A
TX10978,USR_1107,ACC_2107,32.61,USD,WIRE,MER_152,BEN_743,DEV_560,0260ce68191b235c,"London, UK",2026-08-27 09:22:06.269031+00:00,0,A
TX10615,USR_1151,ACC_2151,210.07,USD,P2P,MER_174,BEN_793,DEV_591,b48b3f861a1e313c,"Tokyo, JP",2026-08-27 09:22:06.269031+00:00,0,A
TX11869,USR_1025,ACC_2025,193.99,USD,ACH,MER_228,BEN_851,DEV_378,2488659b8d6070e6,"Tokyo, JP",2026-08-27 09:23:06.269031+00:00,0,A
TX10797,USR_1270,ACC_2270,215.65,USD,WIRE,MER_259,BEN_905,DEV_552,1c3a07e244071917,"Sydney, AU",2026-08-27 09:30:06.269031+00:00,0,A
TX11804,USR_1176,ACC_2176,32.76,USD,ACH,MER_289,BEN_762,DEV_489,922b57721fe4262e,"Tokyo, JP",2026-08-27 09:32:06.269031+00:00,0,A
TX11645,USR_1209,ACC_2209,34.37,USD,CARD,MER_379,BEN_889,DEV_686,038309423bd0f69b,"Tokyo, JP",2026-08-27 09:35:06.269031+00:00,0,A
TX12017,USR_1108,ACC_2108,224.51,USD,ACH,MER_273,BEN_969,DEV_140,63da350cf0be46c5,"Sydney, AU",2026-08-27 09:39:06.269031+00:00,0,A
TX11643,USR_1021,ACC_2021,159.39,USD,CARD,MER_233,BEN_714,DEV_683,54c8e13af5852b70,"Toronto, CA",2026-08-27 09:43:06.269031+00:00,0,A
TX10886,USR_1141,ACC_2141,82.88,USD,P2P,MER_334,BEN_983,DEV_627,c2490af88173eb58,"New York, US",2026-08-27 09:43:06.269031+00:00,0,A
TX12765,USR_1059,ACC_2059,57.26,USD,P2P,MER_332,BEN_861,DEV_102,5ec654ffc81f21ab,"Sydney, AU",2026-08-27 09:46:06.269031+00:00,0,A
TX10997,USR_1203,ACC_2203,162.44,USD,CARD,MER_266,BEN_909,DEV_385,7f425fb15ab04329,"New York, US",2026-08-27 09:48:06.269031+00:00,0,A
TX10626,USR_1088,ACC_2088,70.0,USD,P2P,MER_366,BEN_901,DEV_707,bb2cb8fd7aba67e8,"Toronto, CA",2026-08-27 09:49:06.269031+00:00,0,A
TX10885,USR_1040,ACC_2040,21.05,USD,WIRE,MER_218,BEN_577,DEV_179,db45800d487a786b,"Tokyo, JP",2026-08-27 09:54:06.269031+00:00,0,A
TX10951,USR_1048,ACC_2048,82.98,USD,P2P,MER_321,BEN_506,DEV_455,2b9102c1b5c23e99,"New York, US",2026-08-27 09:56:06.269031+00:00,0,A
TX10891,USR_1167,ACC_2167,21.85,USD,WIRE,MER_294,BEN_778,DEV_845,6550e5bfba9b0a52,"New York, US",2026-08-27 09:56:06.269031+00:00,0,A
TX11256,USR_1067,ACC_2067,48.62,USD,CARD,MER_382,BEN_747,DEV_610,f80d4ec22628293a,"Tokyo, JP",2026-08-27 09:59:06.269031+00:00,0,A
TX11585,USR_1070,ACC_2070,104.98,USD,P2P,MER_357,BEN_839,DEV_425,34aa4d9d426ce603,"Sydney, AU",2026-08-27 09:59:06.269031+00:00,0,A
TX10678,USR_1054,ACC_2054,105.9,USD,CARD,MER_216,BEN_926,DEV_321,99ea77d9ff8fe312,"Toronto, CA",2026-08-27 10:01:06.269031+00:00,0,A
TX10675,USR_1143,ACC_2143,252.16,USD,CARD,MER_165,BEN_697,DEV_510,4ae101e33ed41f66,"Tokyo, JP",2026-08-27 10:03:06.269031+00:00,0,A
TX10665,USR_1204,ACC_2204,38.45,USD,P2P,MER_334,BEN_812,DEV_216,d31bda7984910180,"Tokyo, JP",2026-08-27 10:10:06.269031+00:00,0,A
TX12439,USR_1278,ACC_2278,830.3,USD,CARD,MER_283,BEN_CAR_DEALER_174,DEV_UPGRADE_3361,075be44c74c91461,"New York, US",2026-08-27 10:11:06.269031+00:00,0,E
TX10614,USR_1113,ACC_2113,133.32,USD,P2P,MER_329,BEN_901,DEV_838,422acfea258515ca,"London, UK",2026-08-27 10:11:06.269031+00:00,0,A
TX11277,USR_1078,ACC_2078,90.22,USD,CARD,MER_251,BEN_796,DEV_743,ea138d321b39fb53,"New York, US",2026-08-27 10:12:06.269031+00:00,0,A
TX10513,USR_1223,ACC_2223,201.42,USD,WIRE,MER_287,BEN_662,DEV_753,df97912a7c965b5f,"New York, US",2026-08-27 10:13:06.269031+00:00,0,A
TX10640,USR_1098,ACC_2098,1534.46,USD,ACH,MER_245,BEN_CAR_DEALER_177,DEV_UPGRADE_3987,7067171c373fc612,"Tokyo, JP",2026-08-27 10:14:06.269031+00:00,0,E
TX10397,USR_1002,ACC_2002,2888.84,USD,P2P,MER_272,BEN_RING_777,DEV_RING_999,fd5dc3897b156800,"Tokyo, JP",2026-08-27 10:14:06.269031+00:00,1,D
TX10188,USR_1243,ACC_2243,52.89,USD,P2P,MER_209,BEN_695,DEV_687,3ff853a1c744a0b6,"Sydney, AU",2026-08-27 10:19:06.269031+00:00,0,A
TX10691,USR_1202,ACC_2202,85.39,USD,P2P,MER_319,BEN_952,DEV_916,6479e01d7b163595,"Sydney, AU",2026-08-27 10:19:06.269031+00:00,0,A
TX11465,USR_1085,ACC_2085,113.69,USD,WIRE,MER_210,BEN_535,DEV_905,df3739cee9a7f836,"Toronto, CA",2026-08-27 10:20:06.269031+00:00,0,A
TX10855,USR_1242,ACC_2242,247.75,USD,WIRE,MER_121,BEN_933,DEV_932,16b1981054412bbd,"Sydney, AU",2026-08-27 10:21:06.269031+00:00,0,A
TX13732,USR_1246,ACC_2246,108.6,USD,P2P,MER_129,BEN_663,DEV_679,192b972b0eadbc2d,"London, UK",2026-08-27 10:21:06.269031+00:00,0,A
TX13118,USR_1213,ACC_2213,109.74,USD,WIRE,MER_292,BEN_637,DEV_249,53711f667bdda254,"Sydney, AU",2026-08-27 10:21:06.269031+00:00,0,A
TX12440,USR_1252,ACC_2252,104.41,USD,CARD,MER_257,BEN_995,DEV_261,2976e699c0947510,"Sydney, AU",2026-08-27 10:23:06.269031+00:00,0,A
TX10541,USR_1285,ACC_2285,70.29,USD,WIRE,MER_248,BEN_921,DEV_205,647fdc8c126a42c4,"London, UK",2026-08-27 10:27:06.269031+00:00,0,A
TX10692,USR_1047,ACC_2047,1522.19,USD,ACH,MER_161,BEN_866,DEV_NEW_3955,a800010fef16c5ea,"Sydney, AU",2026-08-27 10:28:06.269031+00:00,1,B
TX12556,USR_1206,ACC_2206,5.0,USD,WIRE,MER_127,BEN_647,DEV_598,17673fd32798d605,"London, UK",2026-08-27 10:28:06.269031+00:00,0,A
TX12266,USR_1108,ACC_2108,176.27,USD,P2P,MER_273,BEN_969,DEV_140,63da350cf0be46c5,"Sydney, AU",2026-08-27 10:29:06.269031+00:00,0,A
TX11030,USR_1235,ACC_2235,161.86,USD,P2P,MER_147,BEN_997,DEV_310,726bb384b3c414ca,"Sydney, AU",2026-08-27 10:30:06.269031+00:00,0,A
TX11270,USR_1092,ACC_2092,5.0,USD,ACH,MER_162,BEN_800,DEV_195,db390d7c153b30d4,"Tokyo, JP",2026-08-27 10:34:06.269031+00:00,0,A
TX10594,USR_1147,ACC_2147,30.5,USD,ACH,MER_187,BEN_526,DEV_711,aad4dc93bf3e811d,"Toronto, CA",2026-08-27 10:35:06.269031+00:00,0,A
TX10583,USR_1156,ACC_2156,32.75,USD,WIRE,MER_332,BEN_790,DEV_290,62075f8be723f4c2,"New York, US",2026-08-27 10:37:06.269031+00:00,0,A
TX11186,USR_1115,ACC_2115,123.11,USD,ACH,MER_330,BEN_542,DEV_153,144ef9b1edd50150,"New York, US",2026-08-27 10:40:06.269031+00:00,0,A
TX11760,USR_1179,ACC_2179,122.74,USD,CARD,MER_138,BEN_768,DEV_243,f373adddf6679640,"Toronto, CA",2026-08-27 10:40:06.269031+00:00,0,A
TX10459,USR_1155,ACC_2155,84.88,USD,CARD,MER_189,BEN_971,DEV_887,ce61f694417a43be,"Toronto, CA",2026-08-27 10:41:06.269031+00:00,0,A
TX10424,USR_1023,ACC_2023,108.11,USD,CARD,MER_378,BEN_625,DEV_175,549711726c0cadf1,"London, UK",2026-08-27 10:43:06.269031+00:00,0,A
TX12227,USR_1266,ACC_2266,7.89,USD,WIRE,MER_151,BEN_790,DEV_994,7285e174966eb919,"Toronto, CA",2026-08-27 10:49:06.269031+00:00,0,A
TX10236,USR_1019,ACC_2019,86.23,USD,P2P,MER_377,BEN_579,DEV_903,169234b0f36be910,"Toronto, CA",2026-08-27 10:49:06.269031+00:00,0,A
TX10930,USR_1110,ACC_2110,112.27,USD,ACH,MER_292,BEN_658,DEV_417,aadad9bce1f7e80b,"Toronto, CA",2026-08-27 10:50:06.269031+00:00,0,A
TX11475,USR_1275,ACC_2275,137.98,USD,WIRE,MER_229,BEN_735,DEV_358,cff6f731a3aa7735,"Tokyo, JP",2026-08-27 10:52:06.269031+00:00,0,A
TX11015,USR_1285,ACC_2285,96.63,USD,WIRE,MER_333,BEN_523,DEV_205,f508248cccfe83c8,"London, UK",2026-08-27 10:57:06.269031+00:00,0,A
TX10771,USR_1290,ACC_2290,168.93,USD,CARD,MER_251,BEN_860,DEV_NEW_9953,b3203dec1bd8e624,"Tokyo, JP",2026-08-27 11:00:06.269031+00:00,0,B
TX10721,USR_1217,ACC_2217,95.21,USD,WIRE,MER_256,BEN_702,DEV_195,120fb4e11b005dae,"London, UK",2026-08-27 11:02:06.269031+00:00,0,A
TX11262,USR_1202,ACC_2202,20.12,USD,WIRE,MER_102,BEN_514,DEV_916,6479e01d7b163595,"Sydney, AU",2026-08-27 11:03:06.269031+00:00,0,A
TX10743,USR_1090,ACC_2090,88.99,USD,ACH,MER_382,BEN_859,DEV_711,d37b2f3a3e8b1e76,"Toronto, CA",2026-08-27 11:11:06.269031+00:00,0,A
TX10607,USR_1280,ACC_2280,75.62,USD,ACH,MER_127,BEN_690,DEV_463,c80da5be8e1c3709,"Sydney, AU",2026-08-27 11:16:06.269031+00:00,0,A
TX10433,USR_1011,ACC_2011,120.78,USD,ACH,MER_257,BEN_975,DEV_652,77c76c6de779a4b4,"New York, US",2026-08-27 11:20:06.269031+00:00,0,A
TX10265,USR_1196,ACC_2196,42.08,USD,ACH,MER_305,BEN_806,DEV_358,f0c9d1ca368b0809,"Sydney, AU",2026-08-27 11:21:06.269031+00:00,0,A
TX11785,USR_1009,ACC_2009,4080.76,USD,P2P,MER_374,BEN_RING_777,DEV_RING_999,fd5dc3897b156800,"New York, US",2026-08-27 11:22:06.269031+00:00,1,D
TX11066,USR_1257,ACC_2257,185.7,USD,WIRE,MER_147,BEN_780,DEV_175,7e192a1d985ae69e,"London, UK",2026-08-27 11:23:06.269031+00:00,0,A
TX11188,USR_1033,ACC_2033,89.59,USD,CARD,MER_359,BEN_535,DEV_632,d04c1334ba31bc7c,"London, UK",2026-08-27 11:25:06.269031+00:00,0,A
TX10379,USR_1139,ACC_2139,59.57,USD,CARD,MER_223,BEN_689,DEV_420,d3d65ee8b2408bc7,"Tokyo, JP",2026-08-27 11:27:06.269031+00:00,0,A
TX10406,USR_1065,ACC_2065,98.04,USD,WIRE,MER_324,BEN_636,DEV_155,d04e3cabd94c53fe,"Sydney, AU",2026-08-27 11:34:06.269031+00:00,0,A
TX10100,USR_1162,ACC_2162,162.71,USD,WIRE,MER_366,BEN_576,DEV_677,93b1c2216db49997,"Toronto, CA",2026-08-27 11:34:06.269031+00:00,0,A
TX11759,USR_1214,ACC_2214,109.06,USD,P2P,MER_373,BEN_667,DEV_627,ca649f404e150fd6,"Tokyo, JP",2026-08-27 11:36:06.269031+00:00,0,A
TX11611,USR_1239,ACC_2239,83.78,USD,P2P,MER_267,BEN_610,DEV_192,8b7c8c2ee21f71d6,"Toronto, CA",2026-08-27 11:38:06.269031+00:00,0,A
TX11075,USR_1270,ACC_2270,218.76,USD,WIRE,MER_181,BEN_905,DEV_552,3631663658218087,"Sydney, AU",2026-08-27 11:38:06.269031+00:00,0,A
TX10867,USR_1121,ACC_2121,566.39,USD,CARD,MER_397,BEN_629,DEV_NEW_9785,c5be08c76a7060ec,"Sydney, AU",2026-08-27 11:42:06.269031+00:00,1,B
TX11822,USR_1198,ACC_2198,56.98,USD,ACH,MER_365,BEN_632,DEV_870,e9f7c9e4f8358d4f,"New York, US",2026-08-27 11:44:06.269031+00:00,0,A
TX12209,USR_1275,ACC_2275,87.29,USD,WIRE,MER_366,BEN_735,DEV_358,cff6f731a3aa7735,"Tokyo, JP",2026-08-27 11:51:06.269031+00:00,0,A
TX12074,USR_1009,ACC_2009,3421.3,USD,P2P,MER_157,BEN_RING_777,DEV_RING_999,fd5dc3897b156800,"New York, US",2026-08-27 11:52:06.269031+00:00,1,D
TX11485,USR_1270,ACC_2270,1514.37,USD,WIRE,MER_259,BEN_528,DEV_NEW_5079,3631663658218087,"Sydney, AU",2026-08-27 11:53:06.269031+00:00,1,B
TX11366,USR_1158,ACC_2158,17.8,USD,ACH,MER_148,BEN_763,DEV_279,992c28be99efb351,"Sydney, AU",2026-08-27 11:54:06.269031+00:00,0,A
TX10101,USR_1185,ACC_2185,753.24,USD,P2P,MER_400,BEN_591,DEV_NEW_4844,47545ed8e2a937ee,"Toronto, CA",2026-08-27 11:55:06.269031+00:00,1,B
TX10778,USR_1219,ACC_2219,35.24,USD,WIRE,MER_173,BEN_688,DEV_492,8ac9ec0ab7625d5e,"New York, US",2026-08-27 11:55:06.269031+00:00,0,A
TX11861,USR_1179,ACC_2179,8.5,USD,P2P,MER_311,BEN_768,DEV_273,adb4f2be356e2898,"Toronto, CA",2026-08-27 11:56:06.269031+00:00,0,A
TX11950,USR_1114,ACC_2114,136.0,USD,CARD,MER_370,BEN_644,DEV_955,c9dd0282c5c3f36e,"Sydney, AU",2026-08-27 12:02:06.269031+00:00,0,A
TX11510,USR_1219,ACC_2219,1001.9,USD,WIRE,MER_371,BEN_NEW_8395,DEV_ATO_5147,b7f18592dc3d6eed,Unknown / Proxy IP,2026-08-27 12:02:06.269031+00:00,1,C
TX11441,USR_1030,ACC_2030,179.68,USD,WIRE,MER_214,BEN_946,DEV_993,60044722c469d400,"Sydney, AU",2026-08-27 12:03:06.269031+00:00,0,A
TX11507,USR_1080,ACC_2080,80.14,USD,ACH,MER_235,BEN_904,DEV_244,483e41a558764e8a,"Sydney, AU",2026-08-27 12:03:06.269031+00:00,0,A
TX11317,USR_1202,ACC_2202,111.83,USD,ACH,MER_299,BEN_952,DEV_916,6479e01d7b163595,"Sydney, AU",2026-08-27 12:04:06.269031+00:00,0,A
TX11041,USR_1298,ACC_2298,190.07,USD,ACH,MER_220,BEN_996,DEV_269,77f386399a2800ee,"London, UK",2026-08-27 12:04:06.269031+00:00,0,A
TX10806,USR_1051,ACC_2051,142.95,USD,ACH,MER_343,BEN_868,DEV_710,b397558ee799977c,"New York, US",2026-08-27 12:14:06.269031+00:00,0,A
TX10595,USR_1093,ACC_2093,93.23,USD,CARD,MER_179,BEN_659,DEV_994,fa54c7e2e8ed5049,"New York, US",2026-08-27 12:20:06.269031+00:00,0,A
TX13176,USR_1059,ACC_2059,65.82,USD,WIRE,MER_332,BEN_618,DEV_102,5ec654ffc81f21ab,"Sydney, AU",2026-08-27 12:23:06.269031+00:00,0,A
TX12779,USR_1265,ACC_2265,109.13,USD,CARD,MER_303,BEN_698,DEV_954,f0ccc1c898e8a10b,"New York, US",2026-08-27 12:24:06.269031+00:00,0,A
TX12610,USR_1194,ACC_2194,49.82,USD,ACH,MER_286,BEN_692,DEV_852,9f8604cb7e467670,"Toronto, CA",2026-08-27 12:27:06.269031+00:00,0,A
TX10779,USR_1261,ACC_2261,283.34,USD,P2P,MER_215,BEN_725,DEV_NEW_6286,4d4cf90ee85528e0,"Sydney, AU",2026-08-27 12:28:06.269031+00:00,1,B
TX11454,USR_1111,ACC_2111,53.57,USD,CARD,MER_215,BEN_748,DEV_620,6b00b3fa091b36e5,"London, UK",2026-08-27 12:32:06.269031+00:00,0,A
TX11944,USR_1041,ACC_2041,93.76,USD,WIRE,MER_103,BEN_699,DEV_517,6f38731baa6eaa18,"London, UK",2026-08-27 12:33:06.269031+00:00,0,A
TX10894,USR_1040,ACC_2040,20.58,USD,ACH,MER_132,BEN_577,DEV_179,3eb4005ac7b49cb1,"Tokyo, JP",2026-08-27 12:37:06.269031+00:00,0,A
TX11693,USR_1092,ACC_2092,52.59,USD,P2P,MER_268,BEN_784,DEV_195,07552f573d57467d,"Tokyo, JP",2026-08-27 12:38:06.269031+00:00,0,A
TX11348,USR_1046,ACC_2046,53.66,USD,CARD,MER_259,BEN_631,DEV_344,af7aa7cef426f5ac,"Toronto, CA",2026-08-27 12:39:06.269031+00:00,0,A
TX10519,USR_1169,ACC_2169,110.96,USD,ACH,MER_211,BEN_879,DEV_708,3f124d1fb7b436f7,"New York, US",2026-08-27 12:41:06.269031+00:00,0,A
TX10423,USR_1244,ACC_2244,504.2,USD,ACH,MER_381,BEN_755,DEV_NEW_5841,fcc47ac65be5665e,"Toronto, CA",2026-08-27 12:43:06.269031+00:00,1,B
TX10984,USR_1124,ACC_2124,86.79,USD,WIRE,MER_273,BEN_688,DEV_899,b4895ee1beb11ace,"Tokyo, JP",2026-08-27 12:43:06.269031+00:00,0,A
TX10737,USR_1204,ACC_2204,15.37,USD,ACH,MER_252,BEN_558,DEV_216,66517d42729f749a,"Tokyo, JP",2026-08-27 12:44:06.269031+00:00,0,A
TX11229,USR_1045,ACC_2045,153.59,USD,WIRE,MER_110,BEN_899,DEV_867,51a85a28c34ed363,"London, UK",2026-08-27 12:45:06.269031+00:00,0,A
TX10942,USR_1129,ACC_2129,74.4,USD,WIRE,MER_234,BEN_755,DEV_421,cab280aa6bbedc20,"New York, US",2026-08-27 12:46:06.269031+00:00,0,A
TX13194,USR_1220,ACC_2220,156.72,USD,P2P,MER_144,BEN_970,DEV_724,653a1acc24d310b4,"London, UK",2026-08-27 12:47:06.269031+00:00,0,A
TX11536,USR_1037,ACC_2037,91.08,USD,CARD,MER_212,BEN_835,DEV_524,9f3f7703a4677692,"Sydney, AU",2026-08-27 12:47:06.269031+00:00,0,A
TX10248,USR_1074,ACC_2074,84.37,USD,P2P,MER_295,BEN_540,DEV_249,167806ab11382ccb,"London, UK",2026-08-27 12:50:06.269031+00:00,0,A
TX11146,USR_1116,ACC_2116,174.82,USD,ACH,MER_214,BEN_757,DEV_193,0afa7d2175280287,"New York, US",2026-08-27 12:51:06.269031+00:00,0,A
TX11108,USR_1249,ACC_2249,214.49,USD,P2P,MER_128,BEN_519,DEV_956,c24ea062cf3c7968,"Sydney, AU",2026-08-27 12:51:06.269031+00:00,0,A
TX11290,USR_1232,ACC_2232,62.94,USD,ACH,MER_135,BEN_988,DEV_614,57cd4dd75ee045c8,"London, UK",2026-08-27 12:51:06.269031+00:00,0,A
TX12530,USR_1281,ACC_2281,5.0,USD,ACH,MER_202,BEN_527,DEV_583,442e216561464da9,"Sydney, AU",2026-08-27 12:55:06.269031+00:00,0,A
TX10836,USR_1061,ACC_2061,72.56,USD,CARD,MER_265,BEN_541,DEV_579,a8a0e5e079ff595f,"Tokyo, JP",2026-08-27 12:55:06.269031+00:00,0,A
TX10699,USR_1151,ACC_2151,201.76,USD,P2P,MER_302,BEN_562,DEV_424,b48b3f861a1e313c,"Tokyo, JP",2026-08-27 12:57:06.269031+00:00,0,A
TX11677,USR_1219,ACC_2219,157.65,USD,WIRE,MER_135,BEN_653,DEV_492,8ac9ec0ab7625d5e,"New York, US",2026-08-27 12:59:06.269031+00:00,0,A
TX11216,USR_1175,ACC_2175,38.32,USD,WIRE,MER_222,BEN_860,DEV_115,15bf1c91432da6c2,"New York, US",2026-08-27 13:02:06.269031+00:00,0,A
TX11330,USR_1232,ACC_2232,726.52,USD,WIRE,MER_267,BEN_NEW_8221,DEV_ATO_8503,f4d527bf3bbcc8b9,Unknown / Proxy IP,2026-08-27 13:06:06.269031+00:00,1,C
TX11787,USR_1153,ACC_2153,67.57,USD,CARD,MER_311,BEN_526,DEV_730,ba2e33cde981ff14,"New York, US",2026-08-27 13:08:06.269031+00:00,0,A
TX10921,USR_1057,ACC_2057,126.48,USD,P2P,MER_319,BEN_767,DEV_187,c45d5c6c769f2b69,"Toronto, CA",2026-08-27 13:15:06.269031+00:00,0,A
TX11921,USR_1072,ACC_2072,102.58,USD,WIRE,MER_118,BEN_662,DEV_738,ee002e7632564a9f,"Tokyo, JP",2026-08-27 13:15:06.269031+00:00,0,A
TX10550,USR_1294,ACC_2294,108.14,USD,ACH,MER_167,BEN_927,DEV_481,c6bb668bbeb4bf8e,"Sydney, AU",2026-08-27 13:19:06.269031+00:00,0,A
TX12012,USR_1015,ACC_2015,126.45,USD,ACH,MER_392,BEN_951,DEV_626,5457ab5de7f73ba3,"London, UK",2026-08-27 13:20:06.269031+00:00,0,A
TX13073,USR_1091,ACC_2091,101.34,USD,WIRE,MER_134,BEN_840,DEV_447,22d65b867187739e,"New York, US",2026-08-27 13:23:06.269031+00:00,0,A
TX11402,USR_1100,ACC_2100,433.56,USD,CARD,MER_121,BEN_926,DEV_NEW_6449,0b550abed4d63847,"Sydney, AU",2026-08-27 13:26:06.269031+00:00,0,B
TX12055,USR_1163,ACC_2163,69.44,USD,CARD,MER_333,BEN_732,DEV_834,09344d7a13118986,"Toronto, CA",2026-08-27 13:32:06.269031+00:00,0,A
TX10869,USR_1125,ACC_2125,68.71,USD,ACH,MER_250,BEN_717,DEV_608,3bd97ae68c3711b6,"Toronto, CA",2026-08-27 13:35:06.269031+00:00,0,A
TX11379,USR_1078,ACC_2078,88.82,USD,WIRE,MER_251,BEN_796,DEV_743,0fb9c57e09bf3897,"New York, US",2026-08-27 13:38:06.269031+00:00,0,A
TX11048,USR_1126,ACC_2126,59.74,USD,WIRE,MER_280,BEN_853,DEV_205,7e948913ca4ff0f9,"Sydney, AU",2026-08-27 13:39:06.269031+00:00,0,A
TX12554,USR_1174,ACC_2174,85.54,USD,P2P,MER_345,BEN_800,DEV_789,0cc746ed483b6373,"New York, US",2026-08-27 13:39:06.269031+00:00,0,A
TX10716,USR_1006,ACC_2006,25.81,USD,CARD,MER_305,BEN_920,DEV_801,7b9b363b102f9355,"New York, US",2026-08-27 13:42:06.269031+00:00,0,A
TX10163,USR_1234,ACC_2234,159.08,USD,CARD,MER_104,BEN_929,DEV_106,d7655a7f672ad362,"Toronto, CA",2026-08-27 13:44:06.269031+00:00,0,A
TX11597,USR_1073,ACC_2073,114.93,USD,CARD,MER_128,BEN_514,DEV_332,58254c0adfed6a9f,"New York, US",2026-08-27 13:44:06.269031+00:00,0,A
TX12230,USR_1163,ACC_2163,1527.95,USD,WIRE,MER_312,BEN_NEW_8017,DEV_ATO_6414,2ff7102d5eb9dfdf,Unknown / Proxy IP,2026-08-27 13:44:06.269031+00:00,1,C
TX11561,USR_1066,ACC_2066,53.55,USD,WIRE,MER_160,BEN_782,DEV_745,8e173b21ad577306,"London, UK",2026-08-27 13:47:06.269031+00:00,0,A
TX10276,USR_1145,ACC_2145,73.63,USD,P2P,MER_267,BEN_810,DEV_830,c615bf10c0f6ef80,"Sydney, AU",2026-08-27 13:48:06.269031+00:00,0,A
TX10130,USR_1032,ACC_2032,134.59,USD,P2P,MER_197,BEN_960,DEV_211,0bbd6e1752497cd8,"Tokyo, JP",2026-08-27 13:48:06.269031+00:00,0,A
TX11327,USR_1088,ACC_2088,79.13,USD,WIRE,MER_254,BEN_872,DEV_707,e81465da5a78a239,"Toronto, CA",2026-08-27 13:54:06.269031+00:00,0,A
TX12004,USR_1073,ACC_2073,1379.78,USD,WIRE,MER_250,BEN_NEW_8709,DEV_ATO_9469,d22151c357e11a8d,Unknown / Proxy IP,2026-08-27 13:55:06.269031+00:00,1,C
TX10545,USR_1155,ACC_2155,169.88,USD,ACH,MER_189,BEN_967,DEV_887,ce61f694417a43be,"Toronto, CA",2026-08-27 13:56:06.269031+00:00,0,A
TX12733,USR_1016,ACC_2016,5.0,USD,ACH,MER_131,BEN_527,DEV_196,77b38a90ef972e5e,"Sydney, AU",2026-08-27 13:57:06.269031+00:00,0,A
TX11265,USR_1144,ACC_2144,712.9,USD,WIRE,MER_119,BEN_808,DEV_NEW_5198,cc8bd0b7935b5734,"Tokyo, JP",2026-08-27 14:04:06.269031+00:00,1,B
TX10540,USR_1043,ACC_2043,96.76,USD,ACH,MER_319,BEN_701,DEV_841,ddb6fca6c2d4c785,"Toronto, CA",2026-08-27 14:06:06.269031+00:00,0,A
TX11654,USR_1129,ACC_2129,53.05,USD,CARD,MER_234,BEN_698,DEV_421,4541428cfc1cd62e,"New York, US",2026-08-27 14:07:06.269031+00:00,0,A
TX11898,USR_1132,ACC_2132,61.09,USD,P2P,MER_144,BEN_793,DEV_911,01ed69d6118ed97c,"New York, US",2026-08-27 14:07:06.269031+00:00,0,A
TX12322,USR_1179,ACC_2179,20.17,USD,ACH,MER_311,BEN_768,DEV_273,f373adddf6679640,"Toronto, CA",2026-08-27 14:08:06.269031+00:00,0,A
TX11795,USR_1094,ACC_2094,699.15,USD,CARD,MER_387,BEN_642,DEV_NEW_3448,f891e28a9482853e,"Tokyo, JP",2026-08-27 14:10:06.269031+00:00,0,B
TX11338,USR_1157,ACC_2157,67.93,USD,P2P,MER_272,BEN_874,DEV_237,82338ff02e297db6,"New York, US",2026-08-27 14:12:06.269031+00:00,0,A
TX10328,USR_1289,ACC_2289,87.76,USD,WIRE,MER_244,BEN_960,DEV_777,5baf3a00f86a9976,"Toronto, CA",2026-08-27 14:12:06.269031+00:00,0,A
TX11144,USR_1120,ACC_2120,111.73,USD,WIRE,MER_284,BEN_768,DEV_729,acf4e5f702d3cb66,"London, UK",2026-08-27 14:17:06.269031+00:00,0,A
TX13413,USR_1213,ACC_2213,37.0,USD,CARD,MER_331,BEN_637,DEV_249,53711f667bdda254,"Sydney, AU",2026-08-27 14:30:06.269031+00:00,0,A
TX11480,USR_1193,ACC_2193,992.68,USD,WIRE,MER_202,BEN_664,DEV_NEW_3014,127a00e0f5c3b6fc,"Toronto, CA",2026-08-27 14:30:06.269031+00:00,0,B
TX11537,USR_1226,ACC_2226,117.62,USD,P2P,MER_129,BEN_857,DEV_700,ad7846d8a635bc19,"New York, US",2026-08-27 14:31:06.269031+00:00,0,A
TX11267,USR_1262,ACC_2262,67.13,USD,ACH,MER_383,BEN_913,DEV_254,142617e48d73374c,"New York, US",2026-08-27 14:32:06.269031+00:00,0,A
TX11251,USR_1075,ACC_2075,161.63,USD,P2P,MER_253,BEN_647,DEV_572,7a29d09e4d3a3ef7,"New York, US",2026-08-27 14:32:06.269031+00:00,0,A
TX10283,USR_1014,ACC_2014,128.58,USD,CARD,MER_130,BEN_503,DEV_446,f808d0e331397ae0,"Toronto, CA",2026-08-27 14:37:06.269031+00:00,0,A
TX10834,USR_1287,ACC_2287,27.03,USD,ACH,MER_230,BEN_833,DEV_851,3c8fe058cbb41642,"New York, US",2026-08-27 14:41:06.269031+00:00,0,A
TX10715,USR_1071,ACC_2071,134.98,USD,WIRE,MER_340,BEN_573,DEV_995,7eebaedd1b534afc,"Sydney, AU",2026-08-27 14:42:06.269031+00:00,0,A
TX11686,USR_1049,ACC_2049,23.98,USD,WIRE,MER_237,BEN_723,DEV_545,e6501bb34f10bbec,"Tokyo, JP",2026-08-27 14:42:06.269031+00:00,0,A
TX10474,USR_1292,ACC_2292,5.0,USD,WIRE,MER_260,BEN_651,DEV_840,f30808d48ce3f5f0,"London, UK",2026-08-27 14:45:06.269031+00:00,0,A
TX10833,USR_1169,ACC_2169,52.64,USD,CARD,MER_128,BEN_705,DEV_708,3e8b39ef9a3b81ca,"New York, US",2026-08-27 14:50:06.269031+00:00,0,A
TX11964,USR_1082,ACC_2082,120.21,USD,ACH,MER_289,BEN_752,DEV_764,28af3e505676849d,"New York, US",2026-08-27 14:52:06.269031+00:00,0,A
TX10707,USR_1180,ACC_2180,12.11,USD,P2P,MER_103,BEN_826,DEV_169,d33c733d20cd7646,"Toronto, CA",2026-08-27 14:52:06.269031+00:00,0,A
TX10967,USR_1061,ACC_2061,5.0,USD,P2P,MER_321,BEN_806,DEV_579,a8a0e5e079ff595f,"Tokyo, JP",2026-08-27 14:54:06.269031+00:00,0,A
TX11727,USR_1161,ACC_2161,115.24,USD,ACH,MER_369,BEN_887,DEV_565,5cdd1dd4ffdabd3f,"Sydney, AU",2026-08-27 14:54:06.269031+00:00,0,A
TX13324,USR_1247,ACC_2247,18.77,USD,ACH,MER_394,BEN_773,DEV_885,ed62994153dcc26c,"London, UK",2026-08-27 14:55:06.269031+00:00,0,A
TX10937,USR_1208,ACC_2208,85.54,USD,WIRE,MER_381,BEN_647,DEV_914,bf683377a3f8fe47,"Tokyo, JP",2026-08-27 14:58:06.269031+00:00,0,A
TX12169,USR_1134,ACC_2134,173.02,USD,P2P,MER_365,BEN_566,DEV_231,8fa3e619e9acd6ae,"Toronto, CA",2026-08-27 15:01:06.269031+00:00,0,A
TX10553,USR_1152,ACC_2152,143.78,USD,ACH,MER_239,BEN_745,DEV_394,145d8ecfad10b8a6,"Sydney, AU",2026-08-27 15:02:06.269031+00:00,0,A
TX12660,USR_1222,ACC_2222,55.71,USD,P2P,MER_157,BEN_959,DEV_630,0320c343468f3a66,"Sydney, AU",2026-08-27 15:02:06.269031+00:00,0,A
TX11482,USR_1087,ACC_2087,42.23,USD,P2P,MER_369,BEN_526,DEV_907,8a702229afb09dbe,"London, UK",2026-08-27 15:05:06.269031+00:00,0,A
TX10586,USR_1019,ACC_2019,99.57,USD,P2P,MER_260,BEN_597,DEV_902,cc8a8481c7d3d479,"Toronto, CA",2026-08-27 15:08:06.269031+00:00,0,A
TX10644,USR_1178,ACC_2178,83.7,USD,WIRE,MER_186,BEN_983,DEV_437,7a1f096984df4b45,"London, UK",2026-08-27 15:10:06.269031+00:00,0,A
TX10943,USR_1208,ACC_2208,65.15,USD,WIRE,MER_389,BEN_586,DEV_914,bf683377a3f8fe47,"Tokyo, JP",2026-08-27 15:14:06.269031+00:00,0,A
TX10333,USR_1185,ACC_2185,166.76,USD,WIRE,MER_108,BEN_591,DEV_147,f8fadad8ba4fa2c6,"Toronto, CA",2026-08-27 15:16:06.269031+00:00,0,A
TX11774,USR_1203,ACC_2203,98.32,USD,ACH,MER_200,BEN_909,DEV_385,7f425fb15ab04329,"New York, US",2026-08-27 15:19:06.269031+00:00,0,A
TX11451,USR_1123,ACC_2123,53.95,USD,WIRE,MER_197,BEN_703,DEV_144,3c20fd93e10a2c4d,"Tokyo, JP",2026-08-27 15:22:06.269031+00:00,0,A
TX10584,USR_1240,ACC_2240,105.45,USD,ACH,MER_384,BEN_987,DEV_625,87a1a3b014960188,"London, UK",2026-08-27 15:22:06.269031+00:00,0,A
TX10744,USR_1231,ACC_2231,122.78,USD,ACH,MER_139,BEN_664,DEV_253,f3e6e6aad46a7ebd,"Toronto, CA",2026-08-27 15:24:06.269031+00:00,0,A
TX10684,USR_1081,ACC_2081,126.64,USD,ACH,MER_337,BEN_817,DEV_698,2aad58fdf2327f88,"New York, US",2026-08-27 15:25:06.269031+00:00,0,A
TX12073,USR_1015,ACC_2015,72.25,USD,CARD,MER_224,BEN_870,DEV_626,5457ab5de7f73ba3,"London, UK",2026-08-27 15:27:06.269031+00:00,0,A
TX11667,USR_1070,ACC_2070,29.26,USD,CARD,MER_357,BEN_920,DEV_425,34aa4d9d426ce603,"Sydney, AU",2026-08-27 15:33:06.269031+00:00,0,A
TX11025,USR_1171,ACC_2171,88.43,USD,ACH,MER_384,BEN_847,DEV_523,5e3e0fd56beb0b68,"Toronto, CA",2026-08-27 15:36:06.269031+00:00,0,A
TX10585,USR_1212,ACC_2212,5.0,USD,WIRE,MER_164,BEN_884,DEV_686,ecfbae456439a3ec,"New York, US",2026-08-27 15:36:06.269031+00:00,0,A
TX11521,USR_1267,ACC_2267,7.26,USD,ACH,MER_173,BEN_792,DEV_648,4a5972ea9c44bd37,"Tokyo, JP",2026-08-27 15:39:06.269031+00:00,0,A
TX10849,USR_1089,ACC_2089,157.56,USD,P2P,MER_264,BEN_960,DEV_NEW_2194,abe8616dca369737,"Sydney, AU",2026-08-27 15:40:06.269031+00:00,1,B
TX10890,USR_1166,ACC_2166,136.84,USD,WIRE,MER_301,BEN_834,DEV_486,c8ad27d26d0d4858,"Toronto, CA",2026-08-27 15:43:06.269031+00:00,0,A
TX12281,USR_1275,ACC_2275,129.61,USD,P2P,MER_254,BEN_735,DEV_358,ca3268b5ffd16cb7,"Tokyo, JP",2026-08-27 15:44:06.269031+00:00,0,A
TX11309,USR_1228,ACC_2228,98.14,USD,WIRE,MER_368,BEN_960,DEV_480,50966cad90e19486,"Tokyo, JP",2026-08-27 15:45:06.269031+00:00,0,A
TX11027,USR_1166,ACC_2166,3492.59,USD,WIRE,MER_191,BEN_NEW_9617,DEV_ATO_5186,42d6ffc44572d17e,Unknown / Proxy IP,2026-08-27 15:53:06.269031+00:00,1,C
TX11194,USR_1221,ACC_2221,49.9,USD,ACH,MER_143,BEN_641,DEV_703,2ba65b50195c3319,"Sydney, AU",2026-08-27 15:53:06.269031+00:00,0,A
TX11200,USR_1221,ACC_2221,868.97,USD,WIRE,MER_143,BEN_NEW_8823,DEV_ATO_9615,6cd37c19ed474437,Unknown / Proxy IP,2026-08-27 15:56:06.269031+00:00,1,C
TX10636,USR_1050,ACC_2050,69.62,USD,CARD,MER_349,BEN_514,DEV_349,176a14ccea5b7c33,"Sydney, AU",2026-08-27 15:57:06.269031+00:00,0,A
TX10994,USR_1000,ACC_2000,114.69,USD,P2P,MER_379,BEN_846,DEV_125,e5b5a7e8cd8467b3,"London, UK",2026-08-27 16:02:06.269031+00:00,0,A
TX11049,USR_1136,ACC_2136,69.37,USD,WIRE,MER_178,BEN_797,DEV_228,bde624019cb538ca,"Toronto, CA",2026-08-27 16:06:06.269031+00:00,0,A
TX11387,USR_1098,ACC_2098,235.58,USD,P2P,MER_245,BEN_886,DEV_534,7067171c373fc612,"Tokyo, JP",2026-08-27 16:07:06.269031+00:00,0,A
TX10878,USR_1178,ACC_2178,46.29,USD,WIRE,MER_351,BEN_672,DEV_437,7a1f096984df4b45,"London, UK",2026-08-27 16:08:06.269031+00:00,0,A
TX11641,USR_1030,ACC_2030,155.44,USD,CARD,MER_216,BEN_920,DEV_993,60044722c469d400,"Sydney, AU",2026-08-27 16:10:06.269031+00:00,0,A
TX11903,USR_1211,ACC_2211,87.65,USD,WIRE,MER_186,BEN_791,DEV_730,1c69e66247a30c97,"London, UK",2026-08-27 16:12:06.269031+00:00,0,A
TX11076,USR_1251,ACC_2251,60.33,USD,WIRE,MER_302,BEN_691,DEV_892,1967d4b96d6bf678,"Tokyo, JP",2026-08-27 16:13:06.269031+00:00,0,A
TX11694,USR_1036,ACC_2036,61.03,USD,CARD,MER_343,BEN_615,DEV_627,cea311fcad472a9b,"London, UK",2026-08-27 16:19:06.269031+00:00,0,A
TX11459,USR_1284,ACC_2284,198.93,USD,ACH,MER_109,BEN_887,DEV_138,ccbf846be6c6de2e,"New York, US",2026-08-27 16:20:06.269031+00:00,0,A
TX11016,USR_1255,ACC_2255,50.8,USD,ACH,MER_311,BEN_697,DEV_355,ccfdb0e012ebf470,"New York, US",2026-08-27 16:21:06.269031+00:00,0,A
TX10682,USR_1289,ACC_2289,114.41,USD,ACH,MER_244,BEN_925,DEV_777,d86fed0966b732bb,"Toronto, CA",2026-08-27 16:21:06.269031+00:00,0,A
TX10802,USR_1260,ACC_2260,35.28,USD,CARD,MER_146,BEN_657,DEV_126,c2fc49a7af3910a3,"New York, US",2026-08-27 16:26:06.269031+00:00,0,A
TX11684,USR_1022,ACC_2022,616.21,USD,WIRE,MER_334,BEN_CAR_DEALER_189,DEV_UPGRADE_3849,3c01e3e24c52cd5e,"Sydney, AU",2026-08-27 16:30:06.269031+00:00,0,E
TX11430,USR_1126,ACC_2126,466.97,USD,WIRE,MER_280,BEN_853,DEV_NEW_3075,5f77f6179e67d445,"Sydney, AU",2026-08-27 16:31:06.269031+00:00,0,B
TX11956,USR_1092,ACC_2092,13.05,USD,ACH,MER_162,BEN_784,DEV_195,07552f573d57467d,"Tokyo, JP",2026-08-27 16:31:06.269031+00:00,0,A
TX12620,USR_1252,ACC_2252,114.41,USD,ACH,MER_189,BEN_589,DEV_261,35a23db528a30342,"Sydney, AU",2026-08-27 16:35:06.269031+00:00,0,A
TX10496,USR_1185,ACC_2185,1495.88,USD,WIRE,MER_400,BEN_CAR_DEALER_150,DEV_UPGRADE_3653,47545ed8e2a937ee,"Toronto, CA",2026-08-27 16:36:06.269031+00:00,0,E
TX10186,USR_1004,ACC_2004,6669.2,USD,P2P,MER_151,BEN_RING_777,DEV_RING_999,fd5dc3897b156800,"Tokyo, JP",2026-08-27 16:38:06.269031+00:00,1,D
TX11608,USR_1237,ACC_2237,134.93,USD,ACH,MER_203,BEN_619,DEV_342,8b11224c92458caf,"Sydney, AU",2026-08-27 16:38:06.269031+00:00,0,A
TX12377,USR_1207,ACC_2207,71.99,USD,WIRE,MER_327,BEN_850,DEV_596,7743ecec2e2aaec1,"Toronto, CA",2026-08-27 16:38:06.269031+00:00,0,A
TX11040,USR_1065,ACC_2065,56.06,USD,WIRE,MER_348,BEN_604,DEV_523,50f80dd021cf6a7a,"Sydney, AU",2026-08-27 16:39:06.269031+00:00,0,A
TX10307,USR_1271,ACC_2271,151.89,USD,P2P,MER_116,BEN_948,DEV_899,bcd2c88a9c3ee93c,"New York, US",2026-08-27 16:42:06.269031+00:00,0,A
TX11408,USR_1199,ACC_2199,45.98,USD,WIRE,MER_251,BEN_747,DEV_556,cec3b891aa0766f8,"Toronto, CA",2026-08-27 16:45:06.269031+00:00,0,A
TX10488,USR_1273,ACC_2273,5.0,USD,CARD,MER_183,BEN_645,DEV_664,ead1ba663b08014c,"Tokyo, JP",2026-08-27 16:46:06.269031+00:00,0,A
TX10759,USR_1212,ACC_2212,5.0,USD,CARD,MER_310,BEN_992,DEV_686,6c2af72bb9543d43,"New York, US",2026-08-27 16:47:06.269031+00:00,0,A
TX10623,USR_1294,ACC_2294,75.53,USD,ACH,MER_157,BEN_927,DEV_481,c6bb668bbeb4bf8e,"Sydney, AU",2026-08-27 16:52:06.269031+00:00,0,A
TX11173,USR_1104,ACC_2104,184.06,USD,ACH,MER_337,BEN_588,DEV_844,66e643e8a810cdda,"New York, US",2026-08-27 16:54:06.269031+00:00,0,A
TX10935,USR_1159,ACC_2159,111.16,USD,P2P,MER_131,BEN_654,DEV_106,9be4689c28b9a2b0,"Tokyo, JP",2026-08-27 16:59:06.269031+00:00,0,A
TX13012,USR_1265,ACC_2265,94.56,USD,P2P,MER_366,BEN_784,DEV_954,f0ccc1c898e8a10b,"New York, US",2026-08-27 16:59:06.269031+00:00,0,A
TX11729,USR_1067,ACC_2067,11.5,USD,ACH,MER_360,BEN_624,DEV_610,f80d4ec22628293a,"Tokyo, JP",2026-08-27 17:01:06.269031+00:00,0,A
TX11373,USR_1033,ACC_2033,56.23,USD,CARD,MER_163,BEN_840,DEV_632,46aa30724ea1e038,"London, UK",2026-08-27 17:04:06.269031+00:00,0,A
TX11411,USR_1277,ACC_2277,239.27,USD,CARD,MER_129,BEN_764,DEV_771,0776f8ca060cb5a9,"London, UK",2026-08-27 17:06:06.269031+00:00,0,A
TX10895,USR_1268,ACC_2268,75.53,USD,P2P,MER_110,BEN_743,DEV_139,5580895259e008e5,"London, UK",2026-08-27 17:12:06.269031+00:00,0,A
TX11189,USR_1053,ACC_2053,99.89,USD,ACH,MER_198,BEN_869,DEV_863,b6ccfe2c28a47580,"Tokyo, JP",2026-08-27 17:16:06.269031+00:00,0,A
TX11105,USR_1121,ACC_2121,92.61,USD,P2P,MER_223,BEN_629,DEV_499,c5be08c76a7060ec,"Sydney, AU",2026-08-27 17:18:06.269031+00:00,0,A
TX12555,USR_1258,ACC_2258,5.0,USD,ACH,MER_376,BEN_709,DEV_721,f1b7ece9155caeaa,"New York, US",2026-08-27 17:28:06.269031+00:00,0,A
TX11257,USR_1120,ACC_2120,128.66,USD,WIRE,MER_369,BEN_999,DEV_729,6e6312055dcf2184,"London, UK",2026-08-27 17:30:06.269031+00:00,0,A
TX11083,USR_1035,ACC_2035,53.19,USD,WIRE,MER_361,BEN_726,DEV_411,366dd80803ad332d,"Toronto, CA",2026-08-27 17:30:06.269031+00:00,0,A
TX11375,USR_1190,ACC_2190,5.0,USD,WIRE,MER_224,BEN_506,DEV_126,b887672fb3b147e6,"Toronto, CA",2026-08-27 17:36:06.269031+00:00,0,A
TX10591,USR_1084,ACC_2084,21.46,USD,WIRE,MER_146,BEN_597,DEV_975,0f2642a2d4f0e8ea,"Tokyo, JP",2026-08-27 17:36:06.269031+00:00,0,A
TX10830,USR_1154,ACC_2154,76.06,USD,WIRE,MER_202,BEN_743,DEV_105,821fce86e69adfe0,"London, UK",2026-08-27 17:37:06.269031+00:00,0,A
TX11306,USR_1188,ACC_2188,77.07,USD,CARD,MER_294,BEN_537,DEV_542,4dc54b085bc7cf37,"New York, US",2026-08-27 17:38:06.269031+00:00,0,A
TX10673,USR_1155,ACC_2155,193.49,USD,WIRE,MER_190,BEN_971,DEV_887,ce61f694417a43be,"Toronto, CA",2026-08-27 17:46:06.269031+00:00,0,A
TX11118,USR_1099,ACC_2099,127.41,USD,WIRE,MER_170,BEN_654,DEV_325,7f3bb771f0573b6f,"New York, US",2026-08-27 17:47:06.269031+00:00,0,A
TX10393,USR_1127,ACC_2127,42.07,USD,ACH,MER_220,BEN_934,DEV_787,d9ec58cb702d403f,"London, UK",2026-08-27 17:50:06.269031+00:00,0,A
TX11003,USR_1189,ACC_2189,84.52,USD,P2P,MER_320,BEN_638,DEV_424,a15c24663e9716f9,"Tokyo, JP",2026-08-27 17:54:06.269031+00:00,0,A
TX11742,USR_1137,ACC_2137,188.92,USD,P2P,MER_313,BEN_833,DEV_183,28af3e505676849d,"Toronto, CA",2026-08-27 17:54:06.269031+00:00,0,A
TX11879,USR_1045,ACC_2045,79.18,USD,WIRE,MER_120,BEN_899,DEV_867,51a85a28c34ed363,"London, UK",2026-08-27 17:56:06.269031+00:00,0,A
TX10774,USR_1064,ACC_2064,162.55,USD,WIRE,MER_363,BEN_661,DEV_778,8f4332526fb22e4a,"Sydney, AU",2026-08-27 17:58:06.269031+00:00,0,A
TX12517,USR_1041,ACC_2041,64.87,USD,P2P,MER_344,BEN_963,DEV_517,7f20688d205e30a1,"London, UK",2026-08-27 17:58:06.269031+00:00,0,A
TX11496,USR_1110,ACC_2110,113.25,USD,WIRE,MER_268,BEN_786,DEV_771,aadad9bce1f7e80b,"Toronto, CA",2026-08-27 18:02:06.269031+00:00,0,A
TX11524,USR_1288,ACC_2288,150.56,USD,CARD,MER_104,BEN_629,DEV_769,b840d900f540b080,"New York, US",2026-08-27 18:07:06.269031+00:00,0,A
TX10461,USR_1297,ACC_2297,164.93,USD,ACH,MER_180,BEN_CAR_DEALER_194,DEV_UPGRADE_3532,7aa269778c11feae,"Tokyo, JP",2026-08-27 18:08:06.269031+00:00,0,E
TX10703,USR_1076,ACC_2076,5.0,USD,WIRE,MER_302,BEN_695,DEV_356,af0d92457cc9a553,"Sydney, AU",2026-08-27 18:09:06.269031+00:00,0,A
TX10256,USR_1165,ACC_2165,176.76,USD,ACH,MER_192,BEN_709,DEV_654,1c8f363bdf87e8ad,"Sydney, AU",2026-08-27 18:10:06.269031+00:00,0,A
TX10979,USR_1107,ACC_2107,56.79,USD,ACH,MER_275,BEN_756,DEV_560,9e958d16e65a5abe,"London, UK",2026-08-27 18:15:06.269031+00:00,0,A
TX11278,USR_1238,ACC_2238,303.52,USD,ACH,MER_206,BEN_774,DEV_208,b8d2d5c142188c1d,"Sydney, AU",2026-08-27 18:23:06.269031+00:00,0,A
TX12104,USR_1009,ACC_2009,13.5,USD,WIRE,MER_374,BEN_849,DEV_357,3db2a3b19d9769cc,"New York, US",2026-08-27 18:24:06.269031+00:00,0,A
TX11060,USR_1107,ACC_2107,1177.6,USD,WIRE,MER_152,BEN_NEW_8666,DEV_ATO_6293,ffe3768af2988e96,Unknown / Proxy IP,2026-08-27 18:25:06.269031+00:00,1,C
TX10728,USR_1047,ACC_2047,256.89,USD,ACH,MER_152,BEN_866,DEV_692,b8407f9f90f8f46f,"Sydney, AU",2026-08-27 18:27:06.269031+00:00,0,A
TX11245,USR_1136,ACC_2136,111.94,USD,P2P,MER_388,BEN_803,DEV_740,bde624019cb538ca,"Toronto, CA",2026-08-27 18:28:06.269031+00:00,0,A
TX13782,USR_1233,ACC_2233,21.59,USD,P2P,MER_379,BEN_818,DEV_666,7a77d66cbd8271ef,"Tokyo, JP",2026-08-27 18:30:06.269031+00:00,0,A
TX10658,USR_1095,ACC_2095,148.62,USD,WIRE,MER_258,BEN_592,DEV_723,47dee88f32dc4e73,"Tokyo, JP",2026-08-27 18:31:06.269031+00:00,0,A
TX10486,USR_1148,ACC_2148,84.89,USD,ACH,MER_314,BEN_725,DEV_132,01035ad56c314015,"London, UK",2026-08-27 18:31:06.269031+00:00,0,A
TX11708,USR_1264,ACC_2264,71.74,USD,P2P,MER_322,BEN_564,DEV_223,9df8a95ed3de918a,"London, UK",2026-08-27 18:36:06.269031+00:00,0,A
TX11530,USR_1110,ACC_2110,109.97,USD,P2P,MER_369,BEN_658,DEV_417,aadad9bce1f7e80b,"Toronto, CA",2026-08-27 18:37:06.269031+00:00,0,A
TX11710,USR_1209,ACC_2209,26.95,USD,ACH,MER_317,BEN_889,DEV_686,038309423bd0f69b,"Tokyo, JP",2026-08-27 18:38:06.269031+00:00,0,A
TX10260,USR_1128,ACC_2128,126.98,USD,CARD,MER_371,BEN_689,DEV_470,899e2fbba4cdd118,"London, UK",2026-08-27 18:42:06.269031+00:00,0,A
TX10827,USR_1236,ACC_2236,105.43,USD,ACH,MER_131,BEN_568,DEV_817,c521e90a1ba7a600,"Toronto, CA",2026-08-27 18:46:06.269031+00:00,0,A
TX11672,USR_1200,ACC_2200,101.37,USD,P2P,MER_331,BEN_549,DEV_456,1084998dfd6f5f0a,"London, UK",2026-08-27 18:47:06.269031+00:00,0,A
TX12724,USR_1194,ACC_2194,66.26,USD,WIRE,MER_301,BEN_643,DEV_398,dfece048aff84a9e,"Toronto, CA",2026-08-27 18:47:06.269031+00:00,0,A
TX10374,USR_1109,ACC_2109,72.41,USD,P2P,MER_141,BEN_993,DEV_167,53cef7037ed47034,"Tokyo, JP",2026-08-27 18:55:06.269031+00:00,0,A
TX11291,USR_1156,ACC_2156,328.59,USD,P2P,MER_245,BEN_652,DEV_NEW_1509,21ee76f01e88620b,"New York, US",2026-08-27 18:57:06.269031+00:00,0,B
TX10596,USR_1093,ACC_2093,92.21,USD,WIRE,MER_179,BEN_553,DEV_994,fa54c7e2e8ed5049,"New York, US",2026-08-27 18:57:06.269031+00:00,0,A
TX11534,USR_1199,ACC_2199,193.32,USD,CARD,MER_153,BEN_512,DEV_NEW_4167,cec3b891aa0766f8,"Toronto, CA",2026-08-27 18:58:06.269031+00:00,1,B
TX14629,USR_1278,ACC_2278,75.3,USD,P2P,MER_373,BEN_865,DEV_402,075be44c74c91461,"New York, US",2026-08-27 18:58:06.269031+00:00,0,A
TX10252,USR_1004,ACC_2004,65.94,USD,CARD,MER_332,BEN_937,DEV_821,d138b30e9053a8c8,"Tokyo, JP",2026-08-27 19:02:06.269031+00:00,0,A
TX10689,USR_1002,ACC_2002,8525.19,USD,P2P,MER_149,BEN_RING_777,DEV_RING_999,fd5dc3897b156800,"Tokyo, JP",2026-08-27 19:03:06.269031+00:00,1,D
TX11088,USR_1183,ACC_2183,102.77,USD,P2P,MER_382,BEN_707,DEV_800,73e4ace72d513ef6,"New York, US",2026-08-27 19:04:06.269031+00:00,0,A
TX11739,USR_1038,ACC_2038,76.39,USD,CARD,MER_371,BEN_737,DEV_670,d1561592aad7dc92,"Sydney, AU",2026-08-27 19:05:06.269031+00:00,0,A
TX11356,USR_1232,ACC_2232,54.74,USD,CARD,MER_338,BEN_988,DEV_614,57cd4dd75ee045c8,"London, UK",2026-08-27 19:09:06.269031+00:00,0,A
TX10986,USR_1083,ACC_2083,164.62,USD,ACH,MER_211,BEN_643,DEV_701,175fedd283ce6476,"New York, US",2026-08-27 19:10:06.269031+00:00,0,A
TX10571,USR_1299,ACC_2299,85.46,USD,P2P,MER_118,BEN_661,DEV_570,99545487af393e67,"New York, US",2026-08-27 19:12:06.269031+00:00,0,A
TX11111,USR_1042,ACC_2042,69.58,USD,ACH,MER_299,BEN_639,DEV_405,4deedbb583918fca,"Sydney, AU",2026-08-27 19:26:06.269031+00:00,0,A
TX11334,USR_1141,ACC_2141,82.92,USD,P2P,MER_334,BEN_983,DEV_627,4d95437c84830bda,"New York, US",2026-08-27 19:30:06.269031+00:00,0,A
TX10908,USR_1145,ACC_2145,95.64,USD,CARD,MER_263,BEN_957,DEV_830,c615bf10c0f6ef80,"Sydney, AU",2026-08-27 19:32:06.269031+00:00,0,A
TX10510,USR_1013,ACC_2013,14.18,USD,WIRE,MER_215,BEN_832,DEV_652,c113e887aa08ae7f,"Tokyo, JP",2026-08-27 19:40:06.269031+00:00,0,A
TX12516,USR_1103,ACC_2103,50.12,USD,P2P,MER_278,BEN_586,DEV_505,3bd6c9e1e86aa4e1,"London, UK",2026-08-27 19:42:06.269031+00:00,0,A
TX11038,USR_1071,ACC_2071,89.84,USD,WIRE,MER_309,BEN_869,DEV_995,7eebaedd1b534afc,"Sydney, AU",2026-08-27 19:50:06.269031+00:00,0,A
TX11168,USR_1251,ACC_2251,56.48,USD,WIRE,MER_254,BEN_860,DEV_892,d319e3b8b7c777d1,"Tokyo, JP",2026-08-27 19:51:06.269031+00:00,0,A
TX11296,USR_1251,ACC_2251,548.54,USD,WIRE,MER_302,BEN_NEW_9701,DEV_ATO_5754,b446aeb596531190,Unknown / Proxy IP,2026-08-27 19:52:06.269031+00:00,1,C
TX10901,USR_1012,ACC_2012,118.09,USD,ACH,MER_381,BEN_565,DEV_187,a36b945469e26e05,"Toronto, CA",2026-08-27 19:52:06.269031+00:00,0,A
TX11314,USR_1283,ACC_2283,202.33,USD,CARD,MER_306,BEN_824,DEV_690,dbb28b3f2cec6d9a,"New York, US",2026-08-27 19:57:06.269031+00:00,0,A
TX11125,USR_1042,ACC_2042,522.43,USD,CARD,MER_299,BEN_CAR_DEALER_134,DEV_UPGRADE_3681,4deedbb583918fca,"Sydney, AU",2026-08-27 19:57:06.269031+00:00,0,E
TX11490,USR_1020,ACC_2020,108.72,USD,WIRE,MER_134,BEN_529,DEV_151,b5ff272adcc184f7,"Toronto, CA",2026-08-27 19:58:06.269031+00:00,0,A
TX11706,USR_1199,ACC_2199,5.0,USD,CARD,MER_153,BEN_676,DEV_556,cec3b891aa0766f8,"Toronto, CA",2026-08-27 19:59:06.269031+00:00,0,A
TX10959,USR_1181,ACC_2181,109.68,USD,WIRE,MER_368,BEN_757,DEV_112,31b63d4339095769,"Tokyo, JP",2026-08-27 20:00:06.269031+00:00,0,A
TX12651,USR_1103,ACC_2103,49.66,USD,ACH,MER_278,BEN_539,DEV_505,3bd6c9e1e86aa4e1,"London, UK",2026-08-27 20:00:06.269031+00:00,0,A
TX11707,USR_1257,ACC_2257,113.3,USD,P2P,MER_147,BEN_780,DEV_175,7e192a1d985ae69e,"London, UK",2026-08-27 20:02:06.269031+00:00,0,A
TX10621,USR_1297,ACC_2297,52.75,USD,WIRE,MER_358,BEN_929,DEV_543,1cb62c794d6cfd4e,"Tokyo, JP",2026-08-27 20:03:06.269031+00:00,0,A
TX10152,USR_1101,ACC_2101,119.13,USD,P2P,MER_266,BEN_707,DEV_570,9ad7f3c439662655,"Toronto, CA",2026-08-27 20:04:06.269031+00:00,0,A
TX11904,USR_1021,ACC_2021,139.69,USD,WIRE,MER_233,BEN_836,DEV_683,54c8e13af5852b70,"Toronto, CA",2026-08-27 20:06:06.269031+00:00,0,A
TX13106,USR_1281,ACC_2281,5.0,USD,P2P,MER_275,BEN_937,DEV_583,068cee71cfaa6c66,"Sydney, AU",2026-08-27 20:07:06.269031+00:00,0,A
TX12941,USR_1252,ACC_2252,89.17,USD,WIRE,MER_293,BEN_862,DEV_239,35a23db528a30342,"Sydney, AU",2026-08-27 20:08:06.269031+00:00,0,A
TX12101,USR_1198,ACC_2198,325.89,USD,CARD,MER_361,BEN_CAR_DEALER_112,DEV_UPGRADE_3121,e9f7c9e4f8358d4f,"New York, US",2026-08-27 20:10:06.269031+00:00,0,E
TX10766,USR_1133,ACC_2133,108.81,USD,CARD,MER_330,BEN_564,DEV_834,9e158f3b51d224a0,"Sydney, AU",2026-08-27 20:10:06.269031+00:00,0,A
TX11682,USR_1037,ACC_2037,21.22,USD,CARD,MER_190,BEN_624,DEV_744,9f3f7703a4677692,"Sydney, AU",2026-08-27 20:11:06.269031+00:00,0,A
TX12616,USR_1225,ACC_2225,112.49,USD,WIRE,MER_374,BEN_542,DEV_818,096ece57ca1c0963,"Toronto, CA",2026-08-27 20:14:06.269031+00:00,0,A
TX11335,USR_1181,ACC_2181,1143.94,USD,WIRE,MER_191,BEN_NEW_8035,DEV_ATO_8139,9266256a76a95109,Unknown / Proxy IP,2026-08-27 20:14:06.269031+00:00,1,C
TX11298,USR_1282,ACC_2282,106.38,USD,ACH,MER_207,BEN_660,DEV_246,d3d65ee8b2408bc7,"New York, US",2026-08-27 20:17:06.269031+00:00,0,A
TX10286,USR_1074,ACC_2074,350.21,USD,P2P,MER_223,BEN_540,DEV_NEW_4181,cce06b3c7fc49509,"London, UK",2026-08-27 20:17:06.269031+00:00,1,B
TX10958,USR_1167,ACC_2167,28.66,USD,CARD,MER_372,BEN_778,DEV_845,6550e5bfba9b0a52,"New York, US",2026-08-27 20:20:06.269031+00:00,0,A
TX11031,USR_1169,ACC_2169,41.17,USD,ACH,MER_211,BEN_705,DEV_708,3e8b39ef9a3b81ca,"New York, US",2026-08-27 20:21:06.269031+00:00,0,A
TX11219,USR_1121,ACC_2121,76.2,USD,CARD,MER_134,BEN_629,DEV_499,257492fb34368b9a,"Sydney, AU",2026-08-27 20:21:06.269031+00:00,0,A
TX11741,USR_1115,ACC_2115,55.06,USD,CARD,MER_362,BEN_542,DEV_153,144ef9b1edd50150,"New York, US",2026-08-27 20:22:06.269031+00:00,0,A
TX11494,USR_1256,ACC_2256,63.43,USD,ACH,MER_110,BEN_731,DEV_459,1ef60236fe347e83,"Toronto, CA",2026-08-27 20:25:06.269031+00:00,0,A
TX11761,USR_1237,ACC_2237,186.37,USD,CARD,MER_169,BEN_731,DEV_342,8b11224c92458caf,"Sydney, AU",2026-08-27 20:26:06.269031+00:00,0,A
TX12174,USR_1229,ACC_2229,343.78,USD,P2P,MER_288,BEN_CAR_DEALER_187,DEV_UPGRADE_3386,07ada08765729ec2,"New York, US",2026-08-27 20:29:06.269031+00:00,0,E
TX11614,USR_1135,ACC_2135,445.01,USD,P2P,MER_382,BEN_958,DEV_NEW_7098,eddad66c8f2b7404,"London, UK",2026-08-27 20:30:06.269031+00:00,1,B
TX11148,USR_1029,ACC_2029,84.19,USD,P2P,MER_227,BEN_512,DEV_985,900cad8b471e7cc0,"London, UK",2026-08-27 20:31:06.269031+00:00,0,A
TX10952,USR_1034,ACC_2034,24.78,USD,ACH,MER_391,BEN_840,DEV_782,2a9d9783bdddca1f,"Toronto, CA",2026-08-27 20:36:06.269031+00:00,0,A
TX10448,USR_1186,ACC_2186,58.98,USD,ACH,MER_140,BEN_886,DEV_406,eb7f2ef45fdc1ca3,"Sydney, AU",2026-08-27 20:38:06.269031+00:00,0,A
TX11282,USR_1191,ACC_2191,5.0,USD,WIRE,MER_347,BEN_574,DEV_801,1720b6347df01502,"Tokyo, JP",2026-08-27 20:39:06.269031+00:00,0,A
TX12800,USR_1296,ACC_2296,77.69,USD,P2P,MER_395,BEN_944,DEV_215,98eccdccd122648d,"Tokyo, JP",2026-08-27 20:40:06.269031+00:00,0,A
TX11285,USR_1170,ACC_2170,133.76,USD,P2P,MER_173,BEN_806,DEV_NEW_3376,f0cd8fb7596faa02,"Toronto, CA",2026-08-27 20:41:06.269031+00:00,1,B
TX11749,USR_1184,ACC_2184,5.0,USD,WIRE,MER_121,BEN_770,DEV_184,4a1afa885aeef4cc,"Tokyo, JP",2026-08-27 20:41:06.269031+00:00,0,A
TX10247,USR_1243,ACC_2243,43.92,USD,P2P,MER_195,BEN_695,DEV_687,374dcf84a838dbb4,"Sydney, AU",2026-08-27 20:41:06.269031+00:00,0,A
TX10920,USR_1248,ACC_2248,99.08,USD,P2P,MER_388,BEN_858,DEV_280,aed85343eab6ce68,"Tokyo, JP",2026-08-27 20:45:06.269031+00:00,0,A
TX10948,USR_1138,ACC_2138,764.06,USD,WIRE,MER_274,BEN_CAR_DEALER_126,DEV_UPGRADE_3701,895fb4d15f41d577,"Tokyo, JP",2026-08-27 20:46:06.269031+00:00,0,E
TX11120,USR_1268,ACC_2268,85.32,USD,P2P,MER_290,BEN_743,DEV_505,520b3672ae9f6d8e,"London, UK",2026-08-27 20:47:06.269031+00:00,0,A
TX12905,USR_1131,ACC_2131,70.85,USD,WIRE,MER_285,BEN_580,DEV_455,1f64066193cd0ee5,"Tokyo, JP",2026-08-27 20:48:06.269031+00:00,0,A
TX12380,USR_1122,ACC_2122,49.91,USD,ACH,MER_169,BEN_915,DEV_236,f5a9eef8abf31c92,"London, UK",2026-08-27 20:48:06.269031+00:00,0,A
TX13224,USR_1059,ACC_2059,641.6,USD,P2P,MER_235,BEN_618,DEV_NEW_6379,4ab11de2ff530d35,"Sydney, AU",2026-08-27 20:52:06.269031+00:00,1,B
TX10342,USR_1142,ACC_2142,171.1,USD,WIRE,MER_235,BEN_504,DEV_149,bcd8541d04723bde,"Sydney, AU",2026-08-27 20:58:06.269031+00:00,0,A
TX11519,USR_1146,ACC_2146,138.94,USD,ACH,MER_269,BEN_688,DEV_444,c33c25d83dc44ad3,"Sydney, AU",2026-08-27 21:03:06.269031+00:00,0,A
TX11458,USR_1117,ACC_2117,179.57,USD,WIRE,MER_341,BEN_646,DEV_959,f0d3fb6b451af130,"London, UK",2026-08-27 21:12:06.269031+00:00,0,A
TX10757,USR_1063,ACC_2063,95.63,USD,P2P,MER_310,BEN_664,DEV_699,553ed483ad5e1493,"New York, US",2026-08-27 21:15:06.269031+00:00,0,A
TX10750,USR_1097,ACC_2097,89.51,USD,CARD,MER_125,BEN_526,DEV_478,900cbd71f690a490,"Toronto, CA",2026-08-27 21:15:06.269031+00:00,0,A
TX11784,USR_1118,ACC_2118,62.29,USD,CARD,MER_162,BEN_556,DEV_119,26b6f82074f626ec,"Toronto, CA",2026-08-27 21:18:06.269031+00:00,0,A
TX10936,USR_1051,ACC_2051,85.11,USD,P2P,MER_223,BEN_623,DEV_710,3e9b67fa112f4e75,"New York, US",2026-08-27 21:20:06.269031+00:00,0,A
TX11669,USR_1242,ACC_2242,193.41,USD,P2P,MER_269,BEN_547,DEV_932,bda908a866f4be63,"Sydney, AU",2026-08-27 21:21:06.269031+00:00,0,A
TX11096,USR_1169,ACC_2169,25.42,USD,P2P,MER_324,BEN_705,DEV_708,3f124d1fb7b436f7,"New York, US",2026-08-27 21:24:06.269031+00:00,0,A
TX12435,USR_1073,ACC_2073,68.43,USD,P2P,MER_123,BEN_962,DEV_332,58254c0adfed6a9f,"New York, US",2026-08-27 21:30:06.269031+00:00,0,A
TX11360,USR_1191,ACC_2191,36.32,USD,WIRE,MER_253,BEN_574,DEV_801,5b58332294cb63d5,"Tokyo, JP",2026-08-27 21:32:06.269031+00:00,0,A
TX12899,USR_1296,ACC_2296,57.32,USD,WIRE,MER_368,BEN_944,DEV_521,56dc5c0a9d1e223b,"Tokyo, JP",2026-08-27 21:32:06.269031+00:00,0,A
TX13056,USR_1016,ACC_2016,23.71,USD,P2P,MER_155,BEN_942,DEV_294,77b38a90ef972e5e,"Sydney, AU",2026-08-27 21:34:06.269031+00:00,0,A
TX10676,USR_1155,ACC_2155,90.72,USD,CARD,MER_189,BEN_967,DEV_887,ce61f694417a43be,"Toronto, CA",2026-08-27 21:39:06.269031+00:00,0,A
TX10616,USR_1017,ACC_2017,35.24,USD,WIRE,MER_381,BEN_627,DEV_296,12ddf45271aaaaa6,"Sydney, AU",2026-08-27 21:41:06.269031+00:00,0,A
TX10761,USR_1295,ACC_2295,68.74,USD,ACH,MER_166,BEN_791,DEV_964,a64a19e570d11404,"Toronto, CA",2026-08-27 21:45:06.269031+00:00,0,A
TX11623,USR_1053,ACC_2053,57.42,USD,ACH,MER_198,BEN_628,DEV_863,384061d4871fda2e,"Tokyo, JP",2026-08-27 21:46:06.269031+00:00,0,A
TX10441,USR_1044,ACC_2044,136.2,USD,P2P,MER_315,BEN_889,DEV_286,57b5ef6ca2f69bab,"Sydney, AU",2026-08-27 21:47:06.269031+00:00,0,A
TX11354,USR_1166,ACC_2166,138.92,USD,WIRE,MER_370,BEN_834,DEV_990,c8ad27d26d0d4858,"Toronto, CA",2026-08-27 21:49:06.269031+00:00,0,A
TX10227,USR_1162,ACC_2162,211.58,USD,WIRE,MER_326,BEN_576,DEV_677,085f174413030ecf,"Toronto, CA",2026-08-27 21:52:06.269031+00:00,0,A
TX10976,USR_1151,ACC_2151,209.82,USD,P2P,MER_276,BEN_562,DEV_591,c1de55ccf4ebef4d,"Tokyo, JP",2026-08-27 21:53:06.269031+00:00,0,A
TX10829,USR_1210,ACC_2210,113.64,USD,CARD,MER_319,BEN_724,DEV_404,c9ceeb8e9250506f,"Tokyo, JP",2026-08-27 21:53:06.269031+00:00,0,A
TX10604,USR_1023,ACC_2023,165.89,USD,P2P,MER_245,BEN_625,DEV_175,549711726c0cadf1,"London, UK",2026-08-27 21:54:06.269031+00:00,0,A
TX11250,USR_1104,ACC_2104,208.04,USD,WIRE,MER_178,BEN_631,DEV_938,66e643e8a810cdda,"New York, US",2026-08-27 21:54:06.269031+00:00,0,A
TX10866,USR_1060,ACC_2060,97.16,USD,WIRE,MER_391,BEN_572,DEV_535,3c49e5003110f2c6,"London, UK",2026-08-27 21:58:06.269031+00:00,0,A
TX10964,USR_1245,ACC_2245,131.35,USD,CARD,MER_283,BEN_910,DEV_492,de4ba9a4b949b1d3,"Toronto, CA",2026-08-27 22:01:06.269031+00:00,0,A
TX10961,USR_1187,ACC_2187,114.64,USD,WIRE,MER_216,BEN_896,DEV_337,a14175d14a3639c0,"Toronto, CA",2026-08-27 22:02:06.269031+00:00,0,A
TX11841,USR_1228,ACC_2228,34.48,USD,CARD,MER_271,BEN_894,DEV_480,3f70b2135cc48ade,"Tokyo, JP",2026-08-27 22:02:06.269031+00:00,0,A
TX11988,USR_1276,ACC_2276,66.45,USD,ACH,MER_241,BEN_746,DEV_204,5eb2a79f6f553ed2,"Tokyo, JP",2026-08-27 22:06:06.269031+00:00,0,A
TX12284,USR_1229,ACC_2229,86.33,USD,CARD,MER_180,BEN_733,DEV_369,07ada08765729ec2,"New York, US",2026-08-27 22:08:06.269031+00:00,0,A
TX11547,USR_1202,ACC_2202,83.39,USD,CARD,MER_330,BEN_952,DEV_916,9dfdf13e2de836ee,"Sydney, AU",2026-08-27 22:11:06.269031+00:00,0,A
TX13000,USR_1197,ACC_2197,114.49,USD,WIRE,MER_227,BEN_893,DEV_137,c5d9afcc6e182623,"Toronto, CA",2026-08-27 22:15:06.269031+00:00,0,A
TX10931,USR_1248,ACC_2248,103.31,USD,ACH,MER_388,BEN_858,DEV_280,f39d9230d2c100e0,"Tokyo, JP",2026-08-27 22:16:06.269031+00:00,0,A
TX11658,USR_1224,ACC_2224,139.56,USD,CARD,MER_356,BEN_972,DEV_174,69fcc96fe39173c6,"Tokyo, JP",2026-08-27 22:19:06.269031+00:00,0,A
TX11355,USR_1024,ACC_2024,105.3,USD,ACH,MER_235,BEN_839,DEV_926,8a0759df3a3a9f03,"Toronto, CA",2026-08-27 22:22:06.269031+00:00,0,A
TX10493,USR_1227,ACC_2227,288.79,USD,CARD,MER_183,BEN_862,DEV_NEW_1138,5b3522464b586141,"London, UK",2026-08-27 22:22:06.269031+00:00,0,B
TX11012,USR_1208,ACC_2208,74.58,USD,CARD,MER_381,BEN_586,DEV_914,bf683377a3f8fe47,"Tokyo, JP",2026-08-27 22:23:06.269031+00:00,0,A
TX10746,USR_1223,ACC_2223,159.27,USD,P2P,MER_391,BEN_662,DEV_753,cbc3291fb0da28bd,"New York, US",2026-08-27 22:24:06.269031+00:00,0,A
TX12350,USR_1229,ACC_2229,27.17,USD,ACH,MER_180,BEN_755,DEV_369,5a074f4242f6d172,"New York, US",2026-08-27 22:25:06.269031+00:00,0,A
TX11004,USR_1182,ACC_2182,69.88,USD,CARD,MER_224,BEN_540,DEV_346,a8f4b31a7881bbaf,"Tokyo, JP",2026-08-27 22:27:06.269031+00:00,0,A
TX11344,USR_1010,ACC_2010,6287.42,USD,P2P,MER_252,BEN_RING_777,DEV_RING_999,fd5dc3897b156800,"Tokyo, JP",2026-08-27 22:28:06.269031+00:00,1,D
TX12686,USR_1229,ACC_2229,546.51,USD,WIRE,MER_185,BEN_NEW_8835,DEV_ATO_8458,750b22c9442f8156,Unknown / Proxy IP,2026-08-27 22:35:06.269031+00:00,1,C
TX11887,USR_1215,ACC_2215,99.95,USD,P2P,MER_124,BEN_795,DEV_539,9d3410d1f125e1df,"Tokyo, JP",2026-08-27 22:35:06.269031+00:00,0,A
TX10910,USR_1105,ACC_2105,14.39,USD,ACH,MER_326,BEN_577,DEV_797,0cc56806395d3d2b,"Tokyo, JP",2026-08-27 22:39:06.269031+00:00,0,A
TX10807,USR_1112,ACC_2112,57.49,USD,WIRE,MER_183,BEN_838,DEV_619,21a2fd522723acff,"Toronto, CA",2026-08-27 22:39:06.269031+00:00,0,A
TX11447,USR_1144,ACC_2144,115.16,USD,ACH,MER_119,BEN_760,DEV_482,1738decb44c32509,"Tokyo, JP",2026-08-27 22:45:06.269031+00:00,0,A
TX11174,USR_1105,ACC_2105,699.89,USD,WIRE,MER_240,BEN_NEW_9879,DEV_ATO_8194,e77cea2f5962ff93,Unknown / Proxy IP,2026-08-27 22:54:06.269031+00:00,1,C
TX13136,USR_1197,ACC_2197,91.36,USD,ACH,MER_281,BEN_893,DEV_137,c5d9afcc6e182623,"Toronto, CA",2026-08-27 22:54:06.269031+00:00,0,A
TX11062,USR_1189,ACC_2189,50.72,USD,WIRE,MER_320,BEN_638,DEV_469,a15c24663e9716f9,"Tokyo, JP",2026-08-27 22:55:06.269031+00:00,0,A
TX10819,USR_1290,ACC_2290,36.08,USD,WIRE,MER_251,BEN_683,DEV_609,7a232aa325593eec,"Tokyo, JP",2026-08-27 22:55:06.269031+00:00,0,A
TX11047,USR_1168,ACC_2168,183.53,USD,CARD,MER_223,BEN_914,DEV_454,ca649f404e150fd6,"New York, US",2026-08-27 22:57:06.269031+00:00,0,A
TX10360,USR_1056,ACC_2056,87.15,USD,P2P,MER_176,BEN_751,DEV_551,b8d9f40734eb5d68,"Tokyo, JP",2026-08-27 22:59:06.269031+00:00,0,A
TX12997,USR_1252,ACC_2252,97.28,USD,P2P,MER_282,BEN_862,DEV_239,2976e699c0947510,"Sydney, AU",2026-08-27 22:59:06.269031+00:00,0,A
TX10336,USR_1008,ACC_2008,87.0,USD,WIRE,MER_132,BEN_821,DEV_470,86ec58ef83a3a12c,"New York, US",2026-08-27 23:00:06.269031+00:00,0,A
TX10477,USR_1011,ACC_2011,58.77,USD,P2P,MER_257,BEN_975,DEV_652,77c76c6de779a4b4,"New York, US",2026-08-27 23:01:06.269031+00:00,0,A
TX13044,USR_1258,ACC_2258,26.8,USD,CARD,MER_235,BEN_597,DEV_721,5edcd001a917a101,"New York, US",2026-08-27 23:03:06.269031+00:00,0,A
TX10639,USR_1130,ACC_2130,155.01,USD,P2P,MER_331,BEN_569,DEV_726,a132455f8aba0763,"London, UK",2026-08-27 23:03:06.269031+00:00,0,A
TX11467,USR_1192,ACC_2192,68.25,USD,P2P,MER_255,BEN_569,DEV_469,5dd32c369dca9f43,"Sydney, AU",2026-08-27 23:05:06.269031+00:00,0,A
TX12716,USR_1100,ACC_2100,107.71,USD,ACH,MER_323,BEN_756,DEV_609,0b550abed4d63847,"Sydney, AU",2026-08-27 23:05:06.269031+00:00,0,A
TX10822,USR_1063,ACC_2063,83.63,USD,P2P,MER_268,BEN_678,DEV_699,553ed483ad5e1493,"New York, US",2026-08-27 23:08:06.269031+00:00,0,A
TX10664,USR_1004,ACC_2004,7633.17,USD,P2P,MER_332,BEN_RING_777,DEV_RING_999,fd5dc3897b156800,"Tokyo, JP",2026-08-27 23:10:06.269031+00:00,1,D
TX11569,USR_1277,ACC_2277,223.24,USD,WIRE,MER_263,BEN_891,DEV_828,0776f8ca060cb5a9,"London, UK",2026-08-27 23:11:06.269031+00:00,0,A
TX10643,USR_1113,ACC_2113,90.76,USD,CARD,MER_329,BEN_645,DEV_838,422acfea258515ca,"London, UK",2026-08-27 23:11:06.269031+00:00,0,A
TX11923,USR_1087,ACC_2087,53.19,USD,CARD,MER_158,BEN_879,DEV_908,8a702229afb09dbe,"London, UK",2026-08-27 23:11:06.269031+00:00,0,A
TX11648,USR_1272,ACC_2272,62.58,USD,WIRE,MER_328,BEN_848,DEV_469,43d8fae6420bbe4b,"Sydney, AU",2026-08-27 23:14:06.269031+00:00,0,A
TX11631,USR_1232,ACC_2232,62.26,USD,ACH,MER_244,BEN_988,DEV_614,218257120f7025ad,"London, UK",2026-08-27 23:16:06.269031+00:00,0,A
TX11715,USR_1239,ACC_2239,109.58,USD,ACH,MER_175,BEN_610,DEV_192,4fac9047a43ceafc,"Toronto, CA",2026-08-27 23:16:06.269031+00:00,0,A
TX11322,USR_1286,ACC_2286,5.0,USD,ACH,MER_214,BEN_985,DEV_544,67dbe69b22e1a125,"Tokyo, JP",2026-08-27 23:21:06.269031+00:00,0,A
TX11215,USR_1018,ACC_2018,102.23,USD,WIRE,MER_101,BEN_609,DEV_195,42b646eb5a141864,"London, UK",2026-08-27 23:28:06.269031+00:00,0,A
TX12297,USR_1068,ACC_2068,125.42,USD,WIRE,MER_101,BEN_759,DEV_984,28b558237a8ce9a4,"Sydney, AU",2026-08-27 23:31:06.269031+00:00,0,A
TX12109,USR_1200,ACC_2200,131.02,USD,CARD,MER_122,BEN_549,DEV_456,1084998dfd6f5f0a,"London, UK",2026-08-27 23:40:06.269031+00:00,0,A
TX12531,USR_1199,ACC_2199,105.76,USD,ACH,MER_312,BEN_747,DEV_556,cec3b891aa0766f8,"Toronto, CA",2026-08-27 23:44:06.269031+00:00,0,A
TX11005,USR_1182,ACC_2182,121.81,USD,P2P,MER_335,BEN_703,DEV_346,a8f4b31a7881bbaf,"Tokyo, JP",2026-08-27 23:46:06.269031+00:00,0,A
TX11112,USR_1113,ACC_2113,77.55,USD,ACH,MER_373,BEN_901,DEV_838,98eccdccd122648d,"London, UK",2026-08-27 23:50:06.269031+00:00,0,A
TX11872,USR_1036,ACC_2036,107.34,USD,P2P,MER_123,BEN_575,DEV_627,cea311fcad472a9b,"London, UK",2026-08-27 23:54:06.269031+00:00,0,A
TX12761,USR_1092,ACC_2092,36.85,USD,P2P,MER_387,BEN_800,DEV_195,07552f573d57467d,"Tokyo, JP",2026-08-27 23:59:06.269031+00:00,0,A
TX12431,USR_1149,ACC_2149,206.89,USD,ACH,MER_344,BEN_666,DEV_993,54aa31bdb6a655de,"London, UK",2026-08-28 00:01:06.269031+00:00,0,A
TX12464,USR_1275,ACC_2275,169.03,USD,P2P,MER_254,BEN_958,DEV_358,cff6f731a3aa7735,"Tokyo, JP",2026-08-28 00:15:06.269031+00:00,0,A
TX10792,USR_1155,ACC_2155,106.82,USD,WIRE,MER_190,BEN_971,DEV_887,12a2612a581bf810,"Toronto, CA",2026-08-28 00:17:06.269031+00:00,0,A
TX12354,USR_1030,ACC_2030,1311.52,USD,CARD,MER_214,BEN_CAR_DEALER_120,DEV_UPGRADE_3347,a24862cb3a0ddabd,"Sydney, AU",2026-08-28 00:20:06.269031+00:00,0,E
TX10631,USR_1274,ACC_2274,5.0,USD,P2P,MER_104,BEN_942,DEV_762,04d0d4de5d036722,"Sydney, AU",2026-08-28 00:20:06.269031+00:00,0,A
TX10238,USR_1039,ACC_2039,208.13,USD,WIRE,MER_240,BEN_632,DEV_661,b60f32873a6a1158,"Sydney, AU",2026-08-28 00:22:06.269031+00:00,0,A
TX11252,USR_1140,ACC_2140,111.14,USD,WIRE,MER_395,BEN_581,DEV_353,4af4f4dcf8282d9e,"Sydney, AU",2026-08-28 00:26:06.269031+00:00,0,A
TX11424,USR_1157,ACC_2157,78.19,USD,P2P,MER_231,BEN_583,DEV_971,aafc24df024560d9,"New York, US",2026-08-28 00:31:06.269031+00:00,0,A
TX11209,USR_1069,ACC_2069,142.52,USD,WIRE,MER_219,BEN_977,DEV_986,09cef2768190680f,"Tokyo, JP",2026-08-28 00:33:06.269031+00:00,0,A
TX12603,USR_1164,ACC_2164,101.95,USD,CARD,MER_316,BEN_881,DEV_788,eb6318d23a29cdd4,"Tokyo, JP",2026-08-28 00:35:06.269031+00:00,0,A
TX10773,USR_1186,ACC_2186,139.86,USD,ACH,MER_140,BEN_878,DEV_178,01212de5b81c350b,"Sydney, AU",2026-08-28 00:38:06.269031+00:00,0,A
TX11357,USR_1069,ACC_2069,1256.12,USD,WIRE,MER_219,BEN_CAR_DEALER_151,DEV_UPGRADE_3743,ed4b5a832416af09,"Tokyo, JP",2026-08-28 00:39:06.269031+00:00,0,E
TX12398,USR_1067,ACC_2067,5.0,USD,WIRE,MER_197,BEN_927,DEV_610,f80d4ec22628293a,"Tokyo, JP",2026-08-28 00:41:06.269031+00:00,0,A
TX10925,USR_1217,ACC_2217,112.89,USD,WIRE,MER_256,BEN_820,DEV_770,e7d64b667c42d07d,"London, UK",2026-08-28 00:43:06.269031+00:00,0,A
TX10724,USR_1291,ACC_2291,169.93,USD,CARD,MER_146,BEN_545,DEV_804,07e6b2518940233a,"New York, US",2026-08-28 00:45:06.269031+00:00,0,A
TX11157,USR_1031,ACC_2031,61.57,USD,CARD,MER_233,BEN_847,DEV_385,ee85905019f3301c,"Tokyo, JP",2026-08-28 00:48:06.269031+00:00,0,A
TX10899,USR_1060,ACC_2060,124.93,USD,P2P,MER_247,BEN_572,DEV_535,204afa4b255ccaef,"London, UK",2026-08-28 00:49:06.269031+00:00,0,A
TX11156,USR_1116,ACC_2116,88.87,USD,CARD,MER_291,BEN_691,DEV_193,0afa7d2175280287,"New York, US",2026-08-28 00:55:06.269031+00:00,0,A
TX13416,USR_1247,ACC_2247,25.0,USD,P2P,MER_298,BEN_636,DEV_885,b323e19bdbec4d4c,"London, UK",2026-08-28 00:58:06.269031+00:00,0,A
TX11019,USR_1299,ACC_2299,5.0,USD,WIRE,MER_118,BEN_754,DEV_570,99545487af393e67,"New York, US",2026-08-28 00:58:06.269031+00:00,0,A
TX11628,USR_1167,ACC_2167,61.64,USD,ACH,MER_226,BEN_868,DEV_845,b9416ceca6a04ceb,"New York, US",2026-08-28 01:00:06.269031+00:00,0,A
TX11575,USR_1250,ACC_2250,54.61,USD,WIRE,MER_175,BEN_970,DEV_100,8bc5ca6f1c58f90a,"London, UK",2026-08-28 01:02:06.269031+00:00,0,A
TX11926,USR_1211,ACC_2211,49.51,USD,P2P,MER_372,BEN_679,DEV_730,83c17ff4daf45ecd,"London, UK",2026-08-28 01:07:06.269031+00:00,0,A
TX11058,USR_1048,ACC_2048,83.19,USD,WIRE,MER_335,BEN_934,DEV_455,7f3a79b76518f784,"New York, US",2026-08-28 01:08:06.269031+00:00,0,A
TX12205,USR_1020,ACC_2020,122.17,USD,WIRE,MER_135,BEN_991,DEV_151,ea54cd4ad8cdf904,"Toronto, CA",2026-08-28 01:18:06.269031+00:00,0,A
TX11920,USR_1062,ACC_2062,65.81,USD,P2P,MER_326,BEN_890,DEV_790,3cef47ffd66e1e9f,"New York, US",2026-08-28 01:18:06.269031+00:00,0,A
TX11587,USR_1172,ACC_2172,13.63,USD,WIRE,MER_129,BEN_939,DEV_526,a857062f049ebbf9,"London, UK",2026-08-28 01:19:06.269031+00:00,0,A
TX11390,USR_1173,ACC_2173,121.11,USD,ACH,MER_197,BEN_730,DEV_642,c0e29ff8398c9ef4,"London, UK",2026-08-28 01:22:06.269031+00:00,0,A
TX13384,USR_1086,ACC_2086,117.85,USD,P2P,MER_167,BEN_776,DEV_892,21cf3e421285e1fa,"Tokyo, JP",2026-08-28 01:23:06.269031+00:00,0,A
TX11877,USR_1183,ACC_2183,107.33,USD,CARD,MER_128,BEN_707,DEV_800,d736971f0298770e,"New York, US",2026-08-28 01:27:06.269031+00:00,0,A
TX11604,USR_1110,ACC_2110,79.49,USD,P2P,MER_268,BEN_658,DEV_417,4c245ca65429c4d7,"Toronto, CA",2026-08-28 01:28:06.269031+00:00,0,A
TX11452,USR_1052,ACC_2052,20.49,USD,ACH,MER_342,BEN_839,DEV_558,666c612e2ac1ca57,"Sydney, AU",2026-08-28 01:29:06.269031+00:00,0,A
TX12122,USR_1215,ACC_2215,6.16,USD,P2P,MER_124,BEN_780,DEV_323,9d3410d1f125e1df,"Tokyo, JP",2026-08-28 01:30:06.269031+00:00,0,A
TX11147,USR_1254,ACC_2254,93.38,USD,P2P,MER_145,BEN_825,DEV_244,ce7d41e693885b0f,"Tokyo, JP",2026-08-28 01:34:06.269031+00:00,0,A
TX13270,USR_1252,ACC_2252,94.52,USD,P2P,MER_282,BEN_995,DEV_261,2976e699c0947510,"Sydney, AU",2026-08-28 01:36:06.269031+00:00,0,A
TX12433,USR_1256,ACC_2256,81.03,USD,WIRE,MER_250,BEN_731,DEV_659,1ef60236fe347e83,"Toronto, CA",2026-08-28 01:36:06.269031+00:00,0,A
TX12085,USR_1183,ACC_2183,1426.77,USD,WIRE,MER_293,BEN_NEW_9956,DEV_ATO_9710,329da72c3dae726c,Unknown / Proxy IP,2026-08-28 01:37:06.269031+00:00,1,C
TX10947,USR_1280,ACC_2280,87.11,USD,P2P,MER_337,BEN_799,DEV_463,b6053954f622ffb5,"Sydney, AU",2026-08-28 01:37:06.269031+00:00,0,A
TX12384,USR_1226,ACC_2226,128.25,USD,P2P,MER_322,BEN_857,DEV_500,ad7846d8a635bc19,"New York, US",2026-08-28 01:38:06.269031+00:00,0,A
TX11616,USR_1154,ACC_2154,100.65,USD,P2P,MER_344,BEN_743,DEV_105,821fce86e69adfe0,"London, UK",2026-08-28 01:45:06.269031+00:00,0,A
TX12467,USR_1226,ACC_2226,118.21,USD,WIRE,MER_222,BEN_723,DEV_500,ad7846d8a635bc19,"New York, US",2026-08-28 01:49:06.269031+00:00,0,A
TX10974,USR_1097,ACC_2097,137.06,USD,WIRE,MER_179,BEN_526,DEV_478,50903041fbb7424c,"Toronto, CA",2026-08-28 01:51:06.269031+00:00,0,A
TX11866,USR_1107,ACC_2107,74.45,USD,ACH,MER_330,BEN_743,DEV_560,9e958d16e65a5abe,"London, UK",2026-08-28 01:53:06.269031+00:00,0,A
TX11222,USR_1040,ACC_2040,18.05,USD,WIRE,MER_132,BEN_570,DEV_830,3eb4005ac7b49cb1,"Tokyo, JP",2026-08-28 01:54:06.269031+00:00,0,A
TX11155,USR_1090,ACC_2090,28.13,USD,WIRE,MER_331,BEN_550,DEV_490,4307ddaed7752a92,"Toronto, CA",2026-08-28 01:57:06.269031+00:00,0,A
TX13198,USR_1164,ACC_2164,100.66,USD,ACH,MER_276,BEN_881,DEV_788,eb6318d23a29cdd4,"Tokyo, JP",2026-08-28 01:58:06.269031+00:00,0,A
TX11746,USR_1232,ACC_2232,56.31,USD,P2P,MER_259,BEN_988,DEV_614,57cd4dd75ee045c8,"London, UK",2026-08-28 01:59:06.269031+00:00,0,A
TX11150,USR_1231,ACC_2231,146.93,USD,WIRE,MER_139,BEN_664,DEV_283,f3e6e6aad46a7ebd,"Toronto, CA",2026-08-28 02:03:06.269031+00:00,0,A
TX11883,USR_1106,ACC_2106,74.47,USD,WIRE,MER_359,BEN_539,DEV_417,0c68f51756e95452,"Tokyo, JP",2026-08-28 02:05:06.269031+00:00,0,A
TX10230,USR_1201,ACC_2201,107.97,USD,WIRE,MER_318,BEN_589,DEV_123,6c4d778432e31286,"London, UK",2026-08-28 02:07:06.269031+00:00,0,A
TX10387,USR_1027,ACC_2027,199.91,USD,ACH,MER_175,BEN_689,DEV_214,ead699ed5e370d8a,"London, UK",2026-08-28 02:09:06.269031+00:00,0,A
TX11351,USR_1026,ACC_2026,31.4,USD,ACH,MER_382,BEN_634,DEV_749,4e21fe86b4614f9c,"New York, US",2026-08-28 02:09:06.269031+00:00,0,A
TX13811,USR_1233,ACC_2233,77.02,USD,WIRE,MER_288,BEN_878,DEV_666,0f926437fe0698e4,"Tokyo, JP",2026-08-28 02:12:06.269031+00:00,0,A
TX13984,USR_1220,ACC_2220,170.4,USD,P2P,MER_171,BEN_710,DEV_724,653a1acc24d310b4,"London, UK",2026-08-28 02:15:06.269031+00:00,0,A
TX11397,USR_1216,ACC_2216,143.54,USD,WIRE,MER_181,BEN_500,DEV_741,119ef96e716612dc,"New York, US",2026-08-28 02:19:06.269031+00:00,0,A
TX11595,USR_1066,ACC_2066,9.7,USD,ACH,MER_158,BEN_782,DEV_745,722c81b0c225405a,"London, UK",2026-08-28 02:22:06.269031+00:00,0,A
TX11573,USR_1175,ACC_2175,315.52,USD,ACH,MER_264,BEN_624,DEV_NEW_4641,2f1a03b6b66eb09f,"New York, US",2026-08-28 02:23:06.269031+00:00,1,B
TX11545,USR_1279,ACC_2279,31.37,USD,WIRE,MER_271,BEN_549,DEV_965,98f7d33c8fc726ac,"London, UK",2026-08-28 02:26:06.269031+00:00,0,A
TX12574,USR_1176,ACC_2176,31.71,USD,WIRE,MER_289,BEN_754,DEV_489,b185032c6b58239c,"Tokyo, JP",2026-08-28 02:26:06.269031+00:00,0,A
TX11140,USR_1079,ACC_2079,121.48,USD,WIRE,MER_346,BEN_967,DEV_279,03e70a2d37a6fbd7,"Tokyo, JP",2026-08-28 02:27:06.269031+00:00,0,A
TX10763,USR_1081,ACC_2081,96.81,USD,ACH,MER_387,BEN_741,DEV_698,2aad58fdf2327f88,"New York, US",2026-08-28 02:30:06.269031+00:00,0,A
TX11021,USR_1063,ACC_2063,108.5,USD,P2P,MER_182,BEN_709,DEV_699,553ed483ad5e1493,"New York, US",2026-08-28 02:31:06.269031+00:00,0,A
TX11341,USR_1259,ACC_2259,89.13,USD,P2P,MER_345,BEN_501,DEV_198,a286ac7c278aa0b4,"Sydney, AU",2026-08-28 02:33:06.269031+00:00,0,A
TX12596,USR_1174,ACC_2174,80.47,USD,WIRE,MER_206,BEN_911,DEV_789,21166a9c799f8c9a,"New York, US",2026-08-28 02:35:06.269031+00:00,0,A
TX12670,USR_1206,ACC_2206,24.15,USD,CARD,MER_330,BEN_647,DEV_598,17673fd32798d605,"London, UK",2026-08-28 02:39:06.269031+00:00,0,A
TX11489,USR_1270,ACC_2270,215.4,USD,ACH,MER_181,BEN_763,DEV_552,1c3a07e244071917,"Sydney, AU",2026-08-28 02:40:06.269031+00:00,0,A
TX11675,USR_1193,ACC_2193,220.69,USD,CARD,MER_190,BEN_808,DEV_442,127a00e0f5c3b6fc,"Toronto, CA",2026-08-28 02:40:06.269031+00:00,0,A
TX10446,USR_1056,ACC_2056,99.84,USD,CARD,MER_176,BEN_558,DEV_590,292e1d1a2fc9ded3,"Tokyo, JP",2026-08-28 02:40:06.269031+00:00,0,A
TX10971,USR_1287,ACC_2287,50.93,USD,CARD,MER_373,BEN_519,DEV_851,3c8fe058cbb41642,"New York, US",2026-08-28 02:44:06.269031+00:00,0,A
TX11099,USR_1000,ACC_2000,108.56,USD,P2P,MER_116,BEN_879,DEV_125,e5b5a7e8cd8467b3,"London, UK",2026-08-28 02:44:06.269031+00:00,0,A
TX11505,USR_1294,ACC_2294,147.28,USD,CARD,MER_167,BEN_639,DEV_481,c6bb668bbeb4bf8e,"Sydney, AU",2026-08-28 02:44:06.269031+00:00,0,A
TX12235,USR_1134,ACC_2134,135.9,USD,CARD,MER_365,BEN_994,DEV_999,fcac5511c1942848,"Toronto, CA",2026-08-28 02:47:06.269031+00:00,0,A
TX11471,USR_1251,ACC_2251,31.02,USD,ACH,MER_400,BEN_691,DEV_892,d319e3b8b7c777d1,"Tokyo, JP",2026-08-28 02:57:06.269031+00:00,0,A
TX11162,USR_1159,ACC_2159,105.42,USD,CARD,MER_284,BEN_798,DEV_106,1127f31f85cad88c,"Tokyo, JP",2026-08-28 03:00:06.269031+00:00,0,A
TX11728,USR_1129,ACC_2129,70.31,USD,ACH,MER_387,BEN_755,DEV_765,cab280aa6bbedc20,"New York, US",2026-08-28 03:03:06.269031+00:00,0,A
TX10597,USR_1043,ACC_2043,118.18,USD,CARD,MER_142,BEN_964,DEV_269,a13bd63118e22736,"Toronto, CA",2026-08-28 03:04:06.269031+00:00,0,A
TX11578,USR_1267,ACC_2267,126.27,USD,ACH,MER_241,BEN_835,DEV_988,9d27a1fb075270c8,"Tokyo, JP",2026-08-28 03:07:06.269031+00:00,0,A
TX10787,USR_1212,ACC_2212,5.0,USD,WIRE,MER_241,BEN_884,DEV_686,ecfbae456439a3ec,"New York, US",2026-08-28 03:08:06.269031+00:00,0,A
TX12939,USR_1179,ACC_2179,30.66,USD,WIRE,MER_170,BEN_768,DEV_243,f373adddf6679640,"Toronto, CA",2026-08-28 03:09:06.269031+00:00,0,A
TX10611,USR_1195,ACC_2195,366.79,USD,P2P,MER_309,BEN_724,DEV_NEW_2824,e6d664e190e0dcae,"Sydney, AU",2026-08-28 03:09:06.269031+00:00,0,B
TX10975,USR_1289,ACC_2289,144.53,USD,P2P,MER_361,BEN_714,DEV_203,d86fed0966b732bb,"Toronto, CA",2026-08-28 03:12:06.269031+00:00,0,A
TX10772,USR_1130,ACC_2130,85.71,USD,ACH,MER_144,BEN_569,DEV_726,77f41dc0ae42f3da,"London, UK",2026-08-28 03:17:06.269031+00:00,0,A
TX11959,USR_1228,ACC_2228,72.74,USD,P2P,MER_368,BEN_960,DEV_270,50966cad90e19486,"Tokyo, JP",2026-08-28 03:21:06.269031+00:00,0,A
TX11517,USR_1119,ACC_2119,191.54,USD,WIRE,MER_319,BEN_823,DEV_213,9c57e81541391015,"Toronto, CA",2026-08-28 03:33:06.269031+00:00,0,A
TX11579,USR_1157,ACC_2157,118.39,USD,WIRE,MER_107,BEN_831,DEV_237,aafc24df024560d9,"New York, US",2026-08-28 03:36:06.269031+00:00,0,A
TX11253,USR_1065,ACC_2065,107.82,USD,CARD,MER_167,BEN_889,DEV_155,d04e3cabd94c53fe,"Sydney, AU",2026-08-28 03:45:06.269031+00:00,0,A
TX11586,USR_1230,ACC_2230,154.96,USD,P2P,MER_123,BEN_939,DEV_687,e0b1369be54e04f0,"Toronto, CA",2026-08-28 03:46:06.269031+00:00,0,A
TX11205,USR_1155,ACC_2155,183.31,USD,ACH,MER_313,BEN_967,DEV_887,12a2612a581bf810,"Toronto, CA",2026-08-28 03:49:06.269031+00:00,0,A
TX11809,USR_1110,ACC_2110,134.67,USD,P2P,MER_147,BEN_658,DEV_771,aadad9bce1f7e80b,"Toronto, CA",2026-08-28 03:50:06.269031+00:00,0,A
TX12176,USR_1070,ACC_2070,26.69,USD,ACH,MER_118,BEN_577,DEV_425,34aa4d9d426ce603,"Sydney, AU",2026-08-28 03:51:06.269031+00:00,0,A
TX12608,USR_1077,ACC_2077,62.23,USD,WIRE,MER_280,BEN_926,DEV_108,e3a313e033bb8984,"New York, US",2026-08-28 03:52:06.269031+00:00,0,A
TX11656,USR_1033,ACC_2033,87.71,USD,ACH,MER_269,BEN_985,DEV_632,d04c1334ba31bc7c,"London, UK",2026-08-28 03:57:06.269031+00:00,0,A
TX11273,USR_1155,ACC_2155,2440.64,USD,WIRE,MER_303,BEN_NEW_9794,DEV_ATO_6562,01894d1eb43318a1,Unknown / Proxy IP,2026-08-28 03:57:06.269031+00:00,1,C
TX12844,USR_1132,ACC_2132,5.0,USD,P2P,MER_166,BEN_793,DEV_911,638af4639b73a0ed,"New York, US",2026-08-28 03:57:06.269031+00:00,0,A
TX11395,USR_1098,ACC_2098,224.28,USD,CARD,MER_276,BEN_886,DEV_534,7067171c373fc612,"Tokyo, JP",2026-08-28 03:58:06.269031+00:00,0,A
TX11520,USR_1293,ACC_2293,26.54,USD,P2P,MER_237,BEN_570,DEV_218,aebc04d764177518,"New York, US",2026-08-28 04:01:06.269031+00:00,0,A
TX10642,USR_1185,ACC_2185,179.31,USD,WIRE,MER_108,BEN_591,DEV_176,47545ed8e2a937ee,"Toronto, CA",2026-08-28 04:04:06.269031+00:00,0,A
TX11284,USR_1253,ACC_2253,69.68,USD,P2P,MER_213,BEN_790,DEV_230,017862b631264848,"Toronto, CA",2026-08-28 04:08:06.269031+00:00,0,A
TX13191,USR_1225,ACC_2225,75.86,USD,P2P,MER_204,BEN_542,DEV_511,096ece57ca1c0963,"Toronto, CA",2026-08-28 04:09:06.269031+00:00,0,A
TX12586,USR_1122,ACC_2122,119.23,USD,ACH,MER_132,BEN_915,DEV_145,f5a9eef8abf31c92,"London, UK",2026-08-28 04:09:06.269031+00:00,0,A
TX11260,USR_1028,ACC_2028,83.49,USD,CARD,MER_152,BEN_849,DEV_415,367de0248003677f,"New York, US",2026-08-28 04:17:06.269031+00:00,0,A
TX10876,USR_1196,ACC_2196,41.44,USD,CARD,MER_373,BEN_806,DEV_358,f56b9b8e7db62522,"Sydney, AU",2026-08-28 04:20:06.269031+00:00,0,A
TX10384,USR_1109,ACC_2109,5.0,USD,P2P,MER_398,BEN_836,DEV_167,bdf9188e7358c140,"Tokyo, JP",2026-08-28 04:22:06.269031+00:00,0,A
TX12607,USR_1264,ACC_2264,47.43,USD,WIRE,MER_322,BEN_913,DEV_223,9df8a95ed3de918a,"London, UK",2026-08-28 04:23:06.269031+00:00,0,A
TX11053,USR_1057,ACC_2057,83.99,USD,ACH,MER_256,BEN_694,DEV_354,9ea722f8987c3433,"Toronto, CA",2026-08-28 04:26:06.269031+00:00,0,A
TX11782,USR_1177,ACC_2177,550.56,USD,WIRE,MER_251,BEN_783,DEV_NEW_9066,2d9eae9ad589ed38,"London, UK",2026-08-28 04:29:06.269031+00:00,0,B
TX12521,USR_1256,ACC_2256,78.19,USD,CARD,MER_263,BEN_537,DEV_459,1ef60236fe347e83,"Toronto, CA",2026-08-28 04:31:06.269031+00:00,0,A
TX10652,USR_1273,ACC_2273,27.17,USD,ACH,MER_209,BEN_645,DEV_664,ead1ba663b08014c,"Tokyo, JP",2026-08-28 04:37:06.269031+00:00,0,A
TX10702,USR_1043,ACC_2043,124.33,USD,ACH,MER_113,BEN_701,DEV_269,a13bd63118e22736,"Toronto, CA",2026-08-28 04:37:06.269031+00:00,0,A
TX11081,USR_1102,ACC_2102,35.56,USD,WIRE,MER_368,BEN_723,DEV_920,bcef80d0e40d9da3,"Tokyo, JP",2026-08-28 04:38:06.269031+00:00,0,A
TX12641,USR_1264,ACC_2264,854.22,USD,WIRE,MER_322,BEN_NEW_8186,DEV_ATO_8692,8580ebf16274f245,Unknown / Proxy IP,2026-08-28 04:38:06.269031+00:00,1,C
TX10953,USR_1218,ACC_2218,94.06,USD,WIRE,MER_167,BEN_918,DEV_318,55488a4c24a30597,"London, UK",2026-08-28 04:42:06.269031+00:00,0,A
TX11497,USR_1113,ACC_2113,117.91,USD,CARD,MER_329,BEN_812,DEV_838,422acfea258515ca,"London, UK",2026-08-28 04:44:06.269031+00:00,0,A
TX11259,USR_1280,ACC_2280,58.07,USD,ACH,MER_127,BEN_633,DEV_463,b6053954f622ffb5,"Sydney, AU",2026-08-28 04:45:06.269031+00:00,0,A
TX10512,USR_1227,ACC_2227,62.63,USD,ACH,MER_105,BEN_506,DEV_564,d402ea784b1d456b,"London, UK",2026-08-28 04:47:06.269031+00:00,0,A
TX11084,USR_1138,ACC_2138,154.74,USD,ACH,MER_337,BEN_537,DEV_594,8d45592dae9f59a0,"Tokyo, JP",2026-08-28 04:48:06.269031+00:00,0,A
TX11927,USR_1211,ACC_2211,54.99,USD,ACH,MER_375,BEN_791,DEV_730,83c17ff4daf45ecd,"London, UK",2026-08-28 04:48:06.269031+00:00,0,A
TX11243,USR_1121,ACC_2121,81.11,USD,P2P,MER_397,BEN_682,DEV_499,c5be08c76a7060ec,"Sydney, AU",2026-08-28 04:56:06.269031+00:00,0,A
TX11762,USR_1022,ACC_2022,85.85,USD,ACH,MER_104,BEN_843,DEV_785,3dcf2f0b24fe3401,"Sydney, AU",2026-08-28 04:57:06.269031+00:00,0,A
TX11304,USR_1298,ACC_2298,173.33,USD,ACH,MER_306,BEN_996,DEV_990,0fd111a4a145066f,"London, UK",2026-08-28 04:59:06.269031+00:00,0,A
TX12986,USR_1058,ACC_2058,88.74,USD,P2P,MER_180,BEN_635,DEV_724,4ca18e2dc49b3667,"London, UK",2026-08-28 05:10:06.269031+00:00,0,A
TX10090,USR_1241,ACC_2241,55.13,USD,WIRE,MER_143,BEN_566,DEV_923,0b35119407a28848,"New York, US",2026-08-28 05:16:06.269031+00:00,0,A
TX11792,USR_1191,ACC_2191,11.91,USD,CARD,MER_322,BEN_585,DEV_801,1720b6347df01502,"Tokyo, JP",2026-08-28 05:17:06.269031+00:00,0,A
TX11139,USR_1150,ACC_2150,33.92,USD,CARD,MER_252,BEN_990,DEV_450,ef6f595e325406c8,"Tokyo, JP",2026-08-28 05:19:06.269031+00:00,0,A
TX11948,USR_1193,ACC_2193,164.16,USD,WIRE,MER_260,BEN_808,DEV_550,e4ba75bf79fdcb04,"Toronto, CA",2026-08-28 05:20:06.269031+00:00,0,A
TX10598,USR_1244,ACC_2244,53.66,USD,CARD,MER_310,BEN_831,DEV_556,fcc47ac65be5665e,"Toronto, CA",2026-08-28 05:21:06.269031+00:00,0,A
TX11483,USR_1123,ACC_2123,47.19,USD,P2P,MER_246,BEN_917,DEV_144,3c20fd93e10a2c4d,"Tokyo, JP",2026-08-28 05:27:06.269031+00:00,0,A
TX11538,USR_1138,ACC_2138,125.91,USD,P2P,MER_204,BEN_580,DEV_350,8d45592dae9f59a0,"Tokyo, JP",2026-08-28 05:27:06.269031+00:00,0,A
TX10390,USR_1241,ACC_2241,2046.04,USD,WIRE,MER_143,BEN_NEW_8861,DEV_ATO_7137,6f06ba922843a490,Unknown / Proxy IP,2026-08-28 05:28:06.269031+00:00,1,C
TX12327,USR_1240,ACC_2240,100.17,USD,WIRE,MER_331,BEN_987,DEV_150,ca36ba145e753c8c,"London, UK",2026-08-28 05:33:06.269031+00:00,0,A
TX11690,USR_1053,ACC_2053,64.64,USD,WIRE,MER_194,BEN_618,DEV_663,384061d4871fda2e,"Tokyo, JP",2026-08-28 05:34:06.269031+00:00,0,A
TX11132,USR_1285,ACC_2285,104.47,USD,WIRE,MER_366,BEN_523,DEV_232,f508248cccfe83c8,"London, UK",2026-08-28 05:42:06.269031+00:00,0,A
TX13042,USR_1179,ACC_2179,5.0,USD,ACH,MER_138,BEN_768,DEV_273,adb4f2be356e2898,"Toronto, CA",2026-08-28 05:44:06.269031+00:00,0,A
TX10732,USR_1143,ACC_2143,233.0,USD,WIRE,MER_160,BEN_537,DEV_146,d9d3e907738609eb,"Tokyo, JP",2026-08-28 05:48:06.269031+00:00,0,A
TX11268,USR_1105,ACC_2105,46.85,USD,WIRE,MER_255,BEN_534,DEV_678,07270622312de951,"Tokyo, JP",2026-08-28 05:48:06.269031+00:00,0,A
TX10770,USR_1160,ACC_2160,11.97,USD,P2P,MER_288,BEN_560,DEV_576,6cbbb8d9648be29a,"Toronto, CA",2026-08-28 05:49:06.269031+00:00,0,A
TX11502,USR_1171,ACC_2171,90.73,USD,CARD,MER_295,BEN_820,DEV_523,8aae49a384ac18fb,"Toronto, CA",2026-08-28 05:50:06.269031+00:00,0,A
TX11515,USR_1268,ACC_2268,58.51,USD,WIRE,MER_237,BEN_881,DEV_139,5580895259e008e5,"London, UK",2026-08-28 05:52:06.269031+00:00,0,A
TX10893,USR_1261,ACC_2261,132.83,USD,WIRE,MER_234,BEN_725,DEV_289,4d4cf90ee85528e0,"Sydney, AU",2026-08-28 05:53:06.269031+00:00,0,A
TX11901,USR_1053,ACC_2053,104.24,USD,P2P,MER_261,BEN_628,DEV_863,b6ccfe2c28a47580,"Tokyo, JP",2026-08-28 05:55:06.269031+00:00,0,A
TX12717,USR_1250,ACC_2250,88.66,USD,WIRE,MER_111,BEN_970,DEV_100,10c7ba9ad4f55369,"London, UK",2026-08-28 05:57:06.269031+00:00,0,A
TX11361,USR_1075,ACC_2075,150.04,USD,ACH,MER_276,BEN_779,DEV_572,48d2d61592213dad,"New York, US",2026-08-28 05:58:06.269031+00:00,0,A
TX11979,USR_1155,ACC_2155,80.11,USD,P2P,MER_303,BEN_971,DEV_887,12a2612a581bf810,"Toronto, CA",2026-08-28 06:10:06.269031+00:00,0,A
TX10282,USR_1128,ACC_2128,58.91,USD,P2P,MER_139,BEN_985,DEV_470,899e2fbba4cdd118,"London, UK",2026-08-28 06:11:06.269031+00:00,0,A
TX10996,USR_1145,ACC_2145,51.2,USD,P2P,MER_183,BEN_810,DEV_830,c615bf10c0f6ef80,"Sydney, AU",2026-08-28 06:14:06.269031+00:00,0,A
TX12613,USR_1149,ACC_2149,220.84,USD,P2P,MER_260,BEN_787,DEV_968,54aa31bdb6a655de,"London, UK",2026-08-28 06:22:06.269031+00:00,0,A
TX11061,USR_1007,ACC_2007,9007.47,USD,P2P,MER_234,BEN_RING_777,DEV_RING_999,fd5dc3897b156800,"Sydney, AU",2026-08-28 06:23:06.269031+00:00,1,D
TX11618,USR_1085,ACC_2085,101.09,USD,WIRE,MER_383,BEN_535,DEV_905,d15e8c587f1dd67a,"Toronto, CA",2026-08-28 06:26:06.269031+00:00,0,A
TX12363,USR_1158,ACC_2158,59.11,USD,P2P,MER_148,BEN_705,DEV_279,992c28be99efb351,"Sydney, AU",2026-08-28 06:28:06.269031+00:00,0,A
TX10831,USR_1201,ACC_2201,139.9,USD,P2P,MER_181,BEN_589,DEV_123,91e7767500f47f48,"London, UK",2026-08-28 06:29:06.269031+00:00,0,A
TX11106,USR_1096,ACC_2096,176.31,USD,P2P,MER_332,BEN_882,DEV_679,6427c36c4f3ddfa5,"New York, US",2026-08-28 06:33:06.269031+00:00,0,A
TX11263,USR_1018,ACC_2018,65.97,USD,ACH,MER_299,BEN_942,DEV_195,42b646eb5a141864,"London, UK",2026-08-28 06:40:06.269031+00:00,0,A
TX11007,USR_1124,ACC_2124,99.44,USD,P2P,MER_323,BEN_909,DEV_899,b4895ee1beb11ace,"Tokyo, JP",2026-08-28 06:40:06.269031+00:00,0,A
TX10564,USR_1127,ACC_2127,147.76,USD,ACH,MER_117,BEN_573,DEV_787,d9ec58cb702d403f,"London, UK",2026-08-28 06:42:06.269031+00:00,0,A
TX11730,USR_1052,ACC_2052,71.55,USD,CARD,MER_276,BEN_839,DEV_558,543d3130925feae7,"Sydney, AU",2026-08-28 06:43:06.269031+00:00,0,A
TX10412,USR_1139,ACC_2139,54.51,USD,ACH,MER_162,BEN_566,DEV_420,81a41f4d213f9ad2,"Tokyo, JP",2026-08-28 06:45:06.269031+00:00,0,A
TX12272,USR_1200,ACC_2200,87.36,USD,ACH,MER_331,BEN_678,DEV_456,0eaf478a35c62952,"London, UK",2026-08-28 06:46:06.269031+00:00,0,A
TX12747,USR_1041,ACC_2041,97.22,USD,ACH,MER_110,BEN_894,DEV_438,7f20688d205e30a1,"London, UK",2026-08-28 06:47:06.269031+00:00,0,A
TX12149,USR_1214,ACC_2214,135.39,USD,CARD,MER_147,BEN_749,DEV_867,daf2584bc2d0a66d,"Tokyo, JP",2026-08-28 06:47:06.269031+00:00,0,A
TX10187,USR_1234,ACC_2234,87.54,USD,P2P,MER_257,BEN_825,DEV_106,7e1e719175d63229,"Toronto, CA",2026-08-28 06:48:06.269031+00:00,0,A
TX14997,USR_1213,ACC_2213,8.83,USD,CARD,MER_292,BEN_821,DEV_249,53711f667bdda254,"Sydney, AU",2026-08-28 06:59:06.269031+00:00,0,A
TX10875,USR_1017,ACC_2017,59.11,USD,WIRE,MER_125,BEN_736,DEV_296,8c715aa596b7f198,"Sydney, AU",2026-08-28 06:59:06.269031+00:00,0,A
TX10808,USR_1147,ACC_2147,159.04,USD,WIRE,MER_345,BEN_869,DEV_711,cc2140b5d86ce2fc,"Toronto, CA",2026-08-28 07:01:06.269031+00:00,0,A
TX12415,USR_1240,ACC_2240,120.47,USD,CARD,MER_227,BEN_987,DEV_625,87a1a3b014960188,"London, UK",2026-08-28 07:03:06.269031+00:00,0,A
TX10504,USR_1014,ACC_2014,117.64,USD,P2P,MER_130,BEN_862,DEV_446,f808d0e331397ae0,"Toronto, CA",2026-08-28 07:04:06.269031+00:00,0,A
TX10175,USR_1003,ACC_2003,8503.47,USD,P2P,MER_140,BEN_RING_777,DEV_RING_999,fd5dc3897b156800,"Sydney, AU",2026-08-28 07:10:06.269031+00:00,1,D
TX11122,USR_1130,ACC_2130,102.43,USD,P2P,MER_327,BEN_569,DEV_726,a132455f8aba0763,"London, UK",2026-08-28 07:13:06.269031+00:00,0,A
TX11248,USR_1274,ACC_2274,64.62,USD,ACH,MER_104,BEN_942,DEV_762,04d0d4de5d036722,"Sydney, AU",2026-08-28 07:14:06.269031+00:00,0,A
TX12028,USR_1153,ACC_2153,85.76,USD,ACH,MER_151,BEN_619,DEV_730,ea01f47d91af8c3e,"New York, US",2026-08-28 07:16:06.269031+00:00,0,A
TX11942,USR_1107,ACC_2107,98.0,USD,WIRE,MER_275,BEN_743,DEV_560,9e958d16e65a5abe,"London, UK",2026-08-28 07:25:06.269031+00:00,0,A
TX11731,USR_1080,ACC_2080,494.85,USD,ACH,MER_374,BEN_546,DEV_NEW_1733,15286ec96ebfbae1,"Sydney, AU",2026-08-28 07:28:06.269031+00:00,1,B
TX11325,USR_1210,ACC_2210,83.29,USD,WIRE,MER_319,BEN_943,DEV_404,c9ceeb8e9250506f,"Tokyo, JP",2026-08-28 07:28:06.269031+00:00,0,A
TX12239,USR_1214,ACC_2214,129.32,USD,ACH,MER_132,BEN_797,DEV_627,ca649f404e150fd6,"Tokyo, JP",2026-08-28 07:35:06.269031+00:00,0,A
TX12576,USR_1266,ACC_2266,214.94,USD,P2P,MER_398,BEN_575,DEV_NEW_7887,7285e174966eb919,"Toronto, CA",2026-08-28 07:38:06.269031+00:00,1,B
TX13442,USR_1225,ACC_2225,97.56,USD,WIRE,MER_140,BEN_542,DEV_511,ab044683f536f8af,"Toronto, CA",2026-08-28 07:40:06.269031+00:00,0,A
TX12422,USR_1114,ACC_2114,113.69,USD,WIRE,MER_370,BEN_898,DEV_955,c9dd0282c5c3f36e,"Sydney, AU",2026-08-28 07:40:06.269031+00:00,0,A
TX11046,USR_1006,ACC_2006,26.56,USD,ACH,MER_305,BEN_516,DEV_801,59cafa1bb8624437,"New York, US",2026-08-28 07:40:06.269031+00:00,0,A
TX11734,USR_1280,ACC_2280,110.7,USD,WIRE,MER_160,BEN_799,DEV_463,c80da5be8e1c3709,"Sydney, AU",2026-08-28 07:41:06.269031+00:00,0,A
TX11790,USR_1219,ACC_2219,107.24,USD,CARD,MER_295,BEN_570,DEV_492,cdbc196f2eb61754,"New York, US",2026-08-28 07:45:06.269031+00:00,0,A
TX11899,USR_1269,ACC_2269,79.91,USD,ACH,MER_264,BEN_568,DEV_387,4ce705bd91f4650b,"New York, US",2026-08-28 07:49:06.269031+00:00,0,A
TX11160,USR_1001,ACC_2001,7297.76,USD,P2P,MER_242,BEN_RING_777,DEV_RING_999,fd5dc3897b156800,"Toronto, CA",2026-08-28 07:50:06.269031+00:00,1,D
TX11661,USR_1263,ACC_2263,35.1,USD,WIRE,MER_392,BEN_937,DEV_648,5b50cb1181290aec,"London, UK",2026-08-28 07:50:06.269031+00:00,0,A
TX12324,USR_1020,ACC_2020,140.5,USD,WIRE,MER_195,BEN_991,DEV_151,b5ff272adcc184f7,"Toronto, CA",2026-08-28 07:51:06.269031+00:00,0,A
TX10906,USR_1152,ACC_2152,116.92,USD,WIRE,MER_375,BEN_603,DEV_394,145d8ecfad10b8a6,"Sydney, AU",2026-08-28 07:57:06.269031+00:00,0,A
TX12206,USR_1115,ACC_2115,105.09,USD,WIRE,MER_330,BEN_645,DEV_153,144ef9b1edd50150,"New York, US",2026-08-28 07:58:06.269031+00:00,0,A
TX10606,USR_1292,ACC_2292,44.95,USD,CARD,MER_120,BEN_525,DEV_840,47a7d5c3ae210030,"London, UK",2026-08-28 08:03:06.269031+00:00,0,A
TX14680,USR_1246,ACC_2246,5.0,USD,CARD,MER_212,BEN_663,DEV_452,192b972b0eadbc2d,"London, UK",2026-08-28 08:03:06.269031+00:00,0,A
TX13839,USR_1055,ACC_2055,192.01,USD,WIRE,MER_245,BEN_885,DEV_380,41be1af591f90cd7,"Tokyo, JP",2026-08-28 08:04:06.269031+00:00,0,A
TX11126,USR_1249,ACC_2249,167.42,USD,P2P,MER_369,BEN_546,DEV_956,c24ea062cf3c7968,"Sydney, AU",2026-08-28 08:04:06.269031+00:00,0,A
TX11220,USR_1235,ACC_2235,161.26,USD,WIRE,MER_243,BEN_997,DEV_310,726bb384b3c414ca,"Sydney, AU",2026-08-28 08:07:06.269031+00:00,0,A
TX10561,USR_1005,ACC_2005,26.06,USD,WIRE,MER_336,BEN_873,DEV_479,18245baac911d82f,"New York, US",2026-08-28 08:12:06.269031+00:00,0,A
TX12124,USR_1198,ACC_2198,63.33,USD,P2P,MER_365,BEN_632,DEV_439,e9f7c9e4f8358d4f,"New York, US",2026-08-28 08:14:06.269031+00:00,0,A
TX11646,USR_1024,ACC_2024,124.26,USD,WIRE,MER_383,BEN_553,DEV_926,8a0759df3a3a9f03,"Toronto, CA",2026-08-28 08:16:06.269031+00:00,0,A
TX10267,USR_1032,ACC_2032,143.05,USD,WIRE,MER_122,BEN_960,DEV_211,0bbd6e1752497cd8,"Tokyo, JP",2026-08-28 08:20:06.269031+00:00,0,A
TX11818,USR_1029,ACC_2029,436.56,USD,ACH,MER_181,BEN_CAR_DEALER_112,DEV_UPGRADE_3598,c7e3f1b326ee84a0,"London, UK",2026-08-28 08:21:06.269031+00:00,0,E
TX10911,USR_1013,ACC_2013,24.03,USD,ACH,MER_161,BEN_960,DEV_652,a46549e884857643,"Tokyo, JP",2026-08-28 08:21:06.269031+00:00,0,A
TX12357,USR_1237,ACC_2237,113.32,USD,P2P,MER_169,BEN_639,DEV_342,c8f4ff7b3b3a1230,"Sydney, AU",2026-08-28 08:25:06.269031+00:00,0,A
TX12218,USR_1272,ACC_2272,5.0,USD,WIRE,MER_290,BEN_563,DEV_469,86889ce0a7e296c8,"Sydney, AU",2026-08-28 08:29:06.269031+00:00,0,A
TX11181,USR_1254,ACC_2254,109.46,USD,ACH,MER_235,BEN_825,DEV_439,ce7d41e693885b0f,"Tokyo, JP",2026-08-28 08:30:06.269031+00:00,0,A
TX11596,USR_1088,ACC_2088,84.63,USD,CARD,MER_254,BEN_872,DEV_625,e81465da5a78a239,"Toronto, CA",2026-08-28 08:31:06.269031+00:00,0,A
TX11057,USR_1260,ACC_2260,86.46,USD,P2P,MER_350,BEN_559,DEV_126,c76f81af2463d382,"New York, US",2026-08-28 08:34:06.269031+00:00,0,A
TX12248,USR_1242,ACC_2242,156.54,USD,WIRE,MER_269,BEN_933,DEV_176,16b1981054412bbd,"Sydney, AU",2026-08-28 08:37:06.269031+00:00,0,A
TX10902,USR_1205,ACC_2205,56.85,USD,ACH,MER_394,BEN_855,DEV_420,4d66e8ede2b3dfa5,"London, UK",2026-08-28 08:42:06.269031+00:00,0,A
TX10713,USR_1054,ACC_2054,124.74,USD,CARD,MER_254,BEN_926,DEV_321,25bcd6ffa38deb1b,"Toronto, CA",2026-08-28 08:43:06.269031+00:00,0,A
TX12667,USR_1015,ACC_2015,84.14,USD,CARD,MER_395,BEN_978,DEV_626,2e61687fd308ee3f,"London, UK",2026-08-28 08:44:06.269031+00:00,0,A
TX10386,USR_1074,ACC_2074,83.46,USD,P2P,MER_354,BEN_540,DEV_541,cce06b3c7fc49509,"London, UK",2026-08-28 08:45:06.269031+00:00,0,A
TX11098,USR_1047,ACC_2047,1800.01,USD,CARD,MER_224,BEN_538,DEV_NEW_9793,b8407f9f90f8f46f,"Sydney, AU",2026-08-28 08:51:06.269031+00:00,1,B
TX11678,USR_1078,ACC_2078,70.24,USD,WIRE,MER_286,BEN_796,DEV_743,ea138d321b39fb53,"New York, US",2026-08-28 08:51:06.269031+00:00,0,A
TX13868,USR_1233,ACC_2233,45.83,USD,ACH,MER_379,BEN_818,DEV_666,7a77d66cbd8271ef,"Tokyo, JP",2026-08-28 08:53:06.269031+00:00,0,A
TX13443,USR_1197,ACC_2197,96.89,USD,WIRE,MER_185,BEN_893,DEV_137,4d2fd16a0ade0912,"Toronto, CA",2026-08-28 09:04:06.269031+00:00,0,A
TX11753,USR_1135,ACC_2135,79.38,USD,WIRE,MER_140,BEN_985,DEV_411,eddad66c8f2b7404,"London, UK",2026-08-28 09:05:06.269031+00:00,0,A
TX11716,USR_1078,ACC_2078,1638.35,USD,WIRE,MER_146,BEN_NEW_9360,DEV_ATO_8261,aaed0593d598dcf7,Unknown / Proxy IP,2026-08-28 09:06:06.269031+00:00,1,C
TX11276,USR_1120,ACC_2120,205.81,USD,WIRE,MER_369,BEN_768,DEV_729,acf4e5f702d3cb66,"London, UK",2026-08-28 09:07:06.269031+00:00,0,A
TX11893,USR_1025,ACC_2025,213.34,USD,WIRE,MER_126,BEN_824,DEV_378,2488659b8d6070e6,"Tokyo, JP",2026-08-28 09:10:06.269031+00:00,0,A
TX11751,USR_1049,ACC_2049,83.35,USD,ACH,MER_225,BEN_738,DEV_545,2d5ca29e2ab18fd2,"Tokyo, JP",2026-08-28 09:16:06.269031+00:00,0,A
TX11581,USR_1268,ACC_2268,83.64,USD,ACH,MER_272,BEN_743,DEV_505,520b3672ae9f6d8e,"London, UK",2026-08-28 09:16:06.269031+00:00,0,A
TX12006,USR_1177,ACC_2177,106.8,USD,WIRE,MER_399,BEN_783,DEV_523,2d9eae9ad589ed38,"London, UK",2026-08-28 09:20:06.269031+00:00,0,A
TX11365,USR_1262,ACC_2262,69.3,USD,P2P,MER_216,BEN_997,DEV_254,142617e48d73374c,"New York, US",2026-08-28 09:26:06.269031+00:00,0,A
TX11094,USR_1089,ACC_2089,57.84,USD,ACH,MER_175,BEN_541,DEV_967,abe8616dca369737,"Sydney, AU",2026-08-28 09:27:06.269031+00:00,0,A
TX10939,USR_1012,ACC_2012,90.11,USD,ACH,MER_370,BEN_837,DEV_187,e909c29bce6a8450,"Toronto, CA",2026-08-28 09:30:06.269031+00:00,0,A
TX13187,USR_1053,ACC_2053,105.87,USD,ACH,MER_161,BEN_561,DEV_863,b6ccfe2c28a47580,"Tokyo, JP",2026-08-28 09:31:06.269031+00:00,0,A
TX12125,USR_1009,ACC_2009,5549.79,USD,P2P,MER_250,BEN_RING_777,DEV_RING_999,fd5dc3897b156800,"New York, US",2026-08-28 09:34:06.269031+00:00,1,D
TX12685,USR_1108,ACC_2108,174.95,USD,ACH,MER_244,BEN_969,DEV_140,8892758077968628,"Sydney, AU",2026-08-28 09:35:06.269031+00:00,0,A
TX12091,USR_1270,ACC_2270,250.45,USD,P2P,MER_306,BEN_528,DEV_552,3631663658218087,"Sydney, AU",2026-08-28 09:37:06.269031+00:00,0,A
TX11266,USR_1133,ACC_2133,9.23,USD,CARD,MER_330,BEN_997,DEV_834,ef76d461bce1b4dc,"Sydney, AU",2026-08-28 09:39:06.269031+00:00,0,A
TX13357,USR_1252,ACC_2252,106.32,USD,WIRE,MER_214,BEN_589,DEV_239,35a23db528a30342,"Sydney, AU",2026-08-28 09:50:06.269031+00:00,0,A
TX10303,USR_1234,ACC_2234,579.58,USD,CARD,MER_292,BEN_929,DEV_NEW_5521,7e1e719175d63229,"Toronto, CA",2026-08-28 09:51:06.269031+00:00,0,B
TX13791,USR_1225,ACC_2225,116.09,USD,ACH,MER_204,BEN_542,DEV_511,ab044683f536f8af,"Toronto, CA",2026-08-28 09:54:06.269031+00:00,0,A
TX11736,USR_1141,ACC_2141,88.96,USD,ACH,MER_334,BEN_701,DEV_578,4d95437c84830bda,"New York, US",2026-08-28 09:57:06.269031+00:00,0,A
TX11484,USR_1031,ACC_2031,64.15,USD,CARD,MER_114,BEN_669,DEV_985,ee85905019f3301c,"Tokyo, JP",2026-08-28 10:01:06.269031+00:00,0,A
TX12595,USR_1094,ACC_2094,109.48,USD,WIRE,MER_387,BEN_890,DEV_967,f891e28a9482853e,"Tokyo, JP",2026-08-28 10:06:06.269031+00:00,0,A
TX11868,USR_1181,ACC_2181,102.27,USD,CARD,MER_149,BEN_757,DEV_117,31b63d4339095769,"Tokyo, JP",2026-08-28 10:08:06.269031+00:00,0,A
TX12700,USR_1237,ACC_2237,212.74,USD,ACH,MER_138,BEN_731,DEV_342,8b11224c92458caf,"Sydney, AU",2026-08-28 10:11:06.269031+00:00,0,A
TX12839,USR_1100,ACC_2100,105.29,USD,WIRE,MER_136,BEN_756,DEV_609,65282a365bdcb914,"Sydney, AU",2026-08-28 10:11:06.269031+00:00,0,A
TX11187,USR_1125,ACC_2125,115.41,USD,WIRE,MER_250,BEN_542,DEV_608,9d968dc522301427,"Toronto, CA",2026-08-28 10:12:06.269031+00:00,0,A
TX11143,USR_1204,ACC_2204,19.92,USD,P2P,MER_188,BEN_800,DEV_368,66517d42729f749a,"Tokyo, JP",2026-08-28 10:13:06.269031+00:00,0,A
TX12906,USR_1062,ACC_2062,20.46,USD,P2P,MER_242,BEN_795,DEV_790,d3f71a2a96f5572f,"New York, US",2026-08-28 10:14:06.269031+00:00,0,A
TX11757,USR_1069,ACC_2069,213.92,USD,P2P,MER_392,BEN_596,DEV_986,ed4b5a832416af09,"Tokyo, JP",2026-08-28 10:14:06.269031+00:00,0,A
TX11135,USR_1248,ACC_2248,34.77,USD,WIRE,MER_172,BEN_858,DEV_280,f39d9230d2c100e0,"Tokyo, JP",2026-08-28 10:19:06.269031+00:00,0,A
TX11258,USR_1035,ACC_2035,104.54,USD,P2P,MER_143,BEN_738,DEV_411,366dd80803ad332d,"Toronto, CA",2026-08-28 10:23:06.269031+00:00,0,A
TX13123,USR_1062,ACC_2062,391.16,USD,WIRE,MER_242,BEN_NEW_9613,DEV_ATO_7160,3cdf8321c56db752,Unknown / Proxy IP,2026-08-28 10:24:06.269031+00:00,1,C
TX10701,USR_1056,ACC_2056,100.08,USD,CARD,MER_127,BEN_533,DEV_590,b8d9f40734eb5d68,"Tokyo, JP",2026-08-28 10:24:06.269031+00:00,0,A
TX12031,USR_1111,ACC_2111,47.84,USD,CARD,MER_170,BEN_748,DEV_470,dc65b42e8044fcc4,"London, UK",2026-08-28 10:24:06.269031+00:00,0,A
TX11107,USR_1060,ACC_2060,68.47,USD,WIRE,MER_391,BEN_572,DEV_535,3c49e5003110f2c6,"London, UK",2026-08-28 10:26:06.269031+00:00,0,A
TX11008,USR_1051,ACC_2051,114.99,USD,CARD,MER_384,BEN_868,DEV_710,b397558ee799977c,"New York, US",2026-08-28 10:27:06.269031+00:00,0,A
TX12156,USR_1111,ACC_2111,1209.36,USD,WIRE,MER_215,BEN_NEW_8454,DEV_ATO_5921,3a4080a643caadf1,Unknown / Proxy IP,2026-08-28 10:28:06.269031+00:00,1,C
TX10709,USR_1297,ACC_2297,48.49,USD,ACH,MER_127,BEN_929,DEV_543,7aa269778c11feae,"Tokyo, JP",2026-08-28 10:31:06.269031+00:00,0,A
TX12320,USR_1115,ACC_2115,129.54,USD,ACH,MER_362,BEN_542,DEV_756,4d8f3a7ab28f30b0,"New York, US",2026-08-28 10:31:06.269031+00:00,0,A
TX12395,USR_1267,ACC_2267,130.71,USD,P2P,MER_173,BEN_742,DEV_648,4a5972ea9c44bd37,"Tokyo, JP",2026-08-28 10:37:06.269031+00:00,0,A
TX12247,USR_1106,ACC_2106,82.91,USD,WIRE,MER_359,BEN_539,DEV_417,0c68f51756e95452,"Tokyo, JP",2026-08-28 10:44:06.269031+00:00,0,A
TX12833,USR_1222,ACC_2222,140.24,USD,WIRE,MER_222,BEN_901,DEV_630,44e6d40e8d8d321c,"Sydney, AU",2026-08-28 10:45:06.269031+00:00,0,A
TX12100,USR_1277,ACC_2277,235.45,USD,WIRE,MER_113,BEN_764,DEV_828,13d2e495037fc7ea,"London, UK",2026-08-28 10:45:06.269031+00:00,0,A
TX10980,USR_1095,ACC_2095,121.0,USD,ACH,MER_103,BEN_639,DEV_723,47dee88f32dc4e73,"Tokyo, JP",2026-08-28 10:49:06.269031+00:00,0,A
TX12593,USR_1214,ACC_2214,102.78,USD,CARD,MER_147,BEN_501,DEV_627,daf2584bc2d0a66d,"Tokyo, JP",2026-08-28 10:55:06.269031+00:00,0,A
TX11885,USR_1061,ACC_2061,23.21,USD,CARD,MER_228,BEN_724,DEV_579,a8a0e5e079ff595f,"Tokyo, JP",2026-08-28 10:59:06.269031+00:00,0,A
TX11136,USR_1057,ACC_2057,84.67,USD,WIRE,MER_256,BEN_694,DEV_354,9ea722f8987c3433,"Toronto, CA",2026-08-28 10:59:06.269031+00:00,0,A
TX11832,USR_1286,ACC_2286,30.2,USD,ACH,MER_109,BEN_964,DEV_803,67dbe69b22e1a125,"Tokyo, JP",2026-08-28 10:59:06.269031+00:00,0,A
TX12369,USR_1135,ACC_2135,86.88,USD,P2P,MER_228,BEN_765,DEV_411,1f75cdd633f3da73,"London, UK",2026-08-28 11:05:06.269031+00:00,0,A
TX12514,USR_1226,ACC_2226,131.71,USD,P2P,MER_144,BEN_873,DEV_500,0a8af8981c081dfa,"New York, US",2026-08-28 11:08:06.269031+00:00,0,A
TX12656,USR_1149,ACC_2149,215.49,USD,WIRE,MER_369,BEN_839,DEV_968,57b0a61cd52ff9e0,"London, UK",2026-08-28 11:14:06.269031+00:00,0,A
TX14151,USR_1233,ACC_2233,39.0,USD,ACH,MER_379,BEN_624,DEV_666,0f926437fe0698e4,"Tokyo, JP",2026-08-28 11:15:06.269031+00:00,0,A
TX12721,USR_1119,ACC_2119,135.27,USD,P2P,MER_319,BEN_763,DEV_213,9c57e81541391015,"Toronto, CA",2026-08-28 11:16:06.269031+00:00,0,A
TX11989,USR_1212,ACC_2212,74.33,USD,CARD,MER_130,BEN_884,DEV_686,ecfbae456439a3ec,"New York, US",2026-08-28 11:17:06.269031+00:00,0,A
TX11217,USR_1042,ACC_2042,71.83,USD,CARD,MER_114,BEN_639,DEV_405,4deedbb583918fca,"Sydney, AU",2026-08-28 11:23:06.269031+00:00,0,A
TX12742,USR_1199,ACC_2199,55.19,USD,CARD,MER_143,BEN_676,DEV_556,cec3b891aa0766f8,"Toronto, CA",2026-08-28 11:24:06.269031+00:00,0,A
TX11308,USR_1124,ACC_2124,54.78,USD,CARD,MER_323,BEN_909,DEV_982,6368a1fc6b09e2af,"Tokyo, JP",2026-08-28 11:26:06.269031+00:00,0,A
TX12461,USR_1082,ACC_2082,116.0,USD,ACH,MER_332,BEN_559,DEV_764,28af3e505676849d,"New York, US",2026-08-28 11:28:06.269031+00:00,0,A
TX12020,USR_1203,ACC_2203,106.89,USD,CARD,MER_287,BEN_909,DEV_385,b36e719e322cc5fc,"New York, US",2026-08-28 11:29:06.269031+00:00,0,A
TX10753,USR_1223,ACC_2223,153.66,USD,WIRE,MER_379,BEN_567,DEV_753,cbc3291fb0da28bd,"New York, US",2026-08-28 11:30:06.269031+00:00,0,A
TX11064,USR_1071,ACC_2071,124.87,USD,WIRE,MER_309,BEN_869,DEV_995,7eebaedd1b534afc,"Sydney, AU",2026-08-28 11:30:06.269031+00:00,0,A
TX10983,USR_1095,ACC_2095,137.3,USD,P2P,MER_192,BEN_639,DEV_723,47dee88f32dc4e73,"Tokyo, JP",2026-08-28 11:38:06.269031+00:00,0,A
TX11750,USR_1046,ACC_2046,173.66,USD,ACH,MER_183,BEN_858,DEV_344,753d8b158f374251,"Toronto, CA",2026-08-28 11:38:06.269031+00:00,0,A
TX12669,USR_1256,ACC_2256,64.13,USD,WIRE,MER_263,BEN_583,DEV_459,3c88c3dde07ae353,"Toronto, CA",2026-08-28 11:39:06.269031+00:00,0,A
TX11127,USR_1050,ACC_2050,51.9,USD,CARD,MER_193,BEN_753,DEV_868,1bf0c487dfdc7d77,"Sydney, AU",2026-08-28 11:40:06.269031+00:00,0,A
TX11773,USR_1141,ACC_2141,82.87,USD,P2P,MER_223,BEN_701,DEV_578,4d95437c84830bda,"New York, US",2026-08-28 11:44:06.269031+00:00,0,A
TX11249,USR_1099,ACC_2099,97.43,USD,WIRE,MER_230,BEN_984,DEV_325,7f3bb771f0573b6f,"New York, US",2026-08-28 11:44:06.269031+00:00,0,A
TX11599,USR_1283,ACC_2283,177.62,USD,WIRE,MER_319,BEN_824,DEV_690,b52082bae5419f55,"New York, US",2026-08-28 11:50:06.269031+00:00,0,A
TX12978,USR_1199,ACC_2199,5.0,USD,ACH,MER_153,BEN_747,DEV_556,74e49e5edbd31069,"Toronto, CA",2026-08-28 11:52:06.269031+00:00,0,A
TX12898,USR_1183,ACC_2183,141.01,USD,P2P,MER_343,BEN_694,DEV_947,73e4ace72d513ef6,"New York, US",2026-08-28 11:57:06.269031+00:00,0,A
TX13220,USR_1199,ACC_2199,5.0,USD,WIRE,MER_159,BEN_747,DEV_556,cec3b891aa0766f8,"Toronto, CA",2026-08-28 11:58:06.269031+00:00,0,A
TX12532,USR_1126,ACC_2126,78.78,USD,WIRE,MER_129,BEN_585,DEV_205,5f77f6179e67d445,"Sydney, AU",2026-08-28 11:58:06.269031+00:00,0,A
TX12826,USR_1174,ACC_2174,79.76,USD,ACH,MER_270,BEN_800,DEV_789,0cc746ed483b6373,"New York, US",2026-08-28 12:01:06.269031+00:00,0,A
TX10271,USR_1032,ACC_2032,140.76,USD,CARD,MER_122,BEN_960,DEV_139,0bbd6e1752497cd8,"Tokyo, JP",2026-08-28 12:02:06.269031+00:00,0,A
TX10820,USR_1076,ACC_2076,133.89,USD,WIRE,MER_302,BEN_683,DEV_806,fa4671919fd212bb,"Sydney, AU",2026-08-28 12:05:06.269031+00:00,0,A
TX11301,USR_1231,ACC_2231,151.65,USD,ACH,MER_263,BEN_627,DEV_283,69b564f42ff74364,"Toronto, CA",2026-08-28 12:08:06.269031+00:00,0,A
TX10882,USR_1019,ACC_2019,66.91,USD,WIRE,MER_377,BEN_651,DEV_903,169234b0f36be910,"Toronto, CA",2026-08-28 12:13:06.269031+00:00,0,A
TX10898,USR_1064,ACC_2064,147.04,USD,ACH,MER_363,BEN_661,DEV_510,8f4332526fb22e4a,"Sydney, AU",2026-08-28 12:24:06.269031+00:00,0,A
TX11932,USR_1024,ACC_2024,151.84,USD,P2P,MER_383,BEN_977,DEV_726,8a0759df3a3a9f03,"Toronto, CA",2026-08-28 12:25:06.269031+00:00,0,A
TX11572,USR_1133,ACC_2133,5.0,USD,WIRE,MER_137,BEN_997,DEV_836,9e158f3b51d224a0,"Sydney, AU",2026-08-28 12:27:06.269031+00:00,0,A
TX11089,USR_1260,ACC_2260,5.0,USD,P2P,MER_341,BEN_932,DEV_126,c76f81af2463d382,"New York, US",2026-08-28 12:28:06.269031+00:00,0,A
TX11319,USR_1221,ACC_2221,65.87,USD,CARD,MER_245,BEN_905,DEV_703,2ba65b50195c3319,"Sydney, AU",2026-08-28 12:29:06.269031+00:00,0,A
TX14190,USR_1229,ACC_2229,72.43,USD,P2P,MER_180,BEN_733,DEV_369,5a074f4242f6d172,"New York, US",2026-08-28 12:31:06.269031+00:00,0,A
TX13366,USR_1252,ACC_2252,112.35,USD,WIRE,MER_257,BEN_787,DEV_261,2976e699c0947510,"Sydney, AU",2026-08-28 12:31:06.269031+00:00,0,A
TX11969,USR_1078,ACC_2078,604.25,USD,ACH,MER_146,BEN_725,DEV_NEW_6330,ea138d321b39fb53,"New York, US",2026-08-28 12:34:06.269031+00:00,1,B
TX12492,USR_1033,ACC_2033,78.42,USD,ACH,MER_253,BEN_840,DEV_632,46aa30724ea1e038,"London, UK",2026-08-28 12:34:06.269031+00:00,0,A
TX11546,USR_1279,ACC_2279,36.9,USD,WIRE,MER_193,BEN_549,DEV_965,1954f8dacd6f403a,"London, UK",2026-08-28 12:38:06.269031+00:00,0,A
TX12648,USR_1122,ACC_2122,113.6,USD,ACH,MER_334,BEN_745,DEV_145,f5a9eef8abf31c92,"London, UK",2026-08-28 12:40:06.269031+00:00,0,A
TX11692,USR_1167,ACC_2167,12.07,USD,WIRE,MER_294,BEN_737,DEV_845,b9416ceca6a04ceb,"New York, US",2026-08-28 12:41:06.269031+00:00,0,A
TX13053,USR_1214,ACC_2214,91.18,USD,CARD,MER_147,BEN_501,DEV_867,daf2584bc2d0a66d,"Tokyo, JP",2026-08-28 12:43:06.269031+00:00,0,A
TX12743,USR_1072,ACC_2072,158.65,USD,CARD,MER_349,BEN_954,DEV_809,ee002e7632564a9f,"Tokyo, JP",2026-08-28 12:43:06.269031+00:00,0,A
TX11503,USR_1170,ACC_2170,5.0,USD,P2P,MER_254,BEN_895,DEV_615,f0cd8fb7596faa02,"Toronto, CA",2026-08-28 12:53:06.269031+00:00,0,A
TX12654,USR_1122,ACC_2122,101.31,USD,P2P,MER_132,BEN_856,DEV_145,e55bd78f34497178,"London, UK",2026-08-28 12:54:06.269031+00:00,0,A
TX12314,USR_1276,ACC_2276,71.47,USD,WIRE,MER_266,BEN_555,DEV_698,5eb2a79f6f553ed2,"Tokyo, JP",2026-08-28 13:01:06.269031+00:00,0,A
TX11801,USR_1216,ACC_2216,139.61,USD,ACH,MER_254,BEN_725,DEV_741,119ef96e716612dc,"New York, US",2026-08-28 13:02:06.269031+00:00,0,A
TX11794,USR_1037,ACC_2037,91.16,USD,ACH,MER_212,BEN_575,DEV_744,9f3f7703a4677692,"Sydney, AU",2026-08-28 13:06:06.269031+00:00,0,A
TX14810,USR_1233,ACC_2233,77.86,USD,P2P,MER_288,BEN_624,DEV_666,0f926437fe0698e4,"Tokyo, JP",2026-08-28 13:06:06.269031+00:00,0,A
TX13252,USR_1091,ACC_2091,5.0,USD,ACH,MER_134,BEN_630,DEV_447,22d65b867187739e,"New York, US",2026-08-28 13:09:06.269031+00:00,0,A
TX13517,USR_1199,ACC_2199,92.19,USD,CARD,MER_159,BEN_512,DEV_556,74e49e5edbd31069,"Toronto, CA",2026-08-28 13:12:06.269031+00:00,0,A
TX11409,USR_1040,ACC_2040,24.31,USD,ACH,MER_209,BEN_570,DEV_179,3eb4005ac7b49cb1,"Tokyo, JP",2026-08-28 13:12:06.269031+00:00,0,A
TX13141,USR_1265,ACC_2265,128.34,USD,WIRE,MER_366,BEN_784,DEV_954,f0ccc1c898e8a10b,"New York, US",2026-08-28 13:14:06.269031+00:00,0,A
TX11405,USR_1002,ACC_2002,150.01,USD,ACH,MER_272,BEN_610,DEV_877,b88369def7f91b96,"Tokyo, JP",2026-08-28 13:14:06.269031+00:00,0,A
TX11429,USR_1002,ACC_2002,3353.59,USD,WIRE,MER_272,BEN_NEW_9149,DEV_ATO_7165,405172303ee829ff,Unknown / Proxy IP,2026-08-28 13:16:06.269031+00:00,1,C
TX12766,USR_1068,ACC_2068,78.8,USD,P2P,MER_400,BEN_903,DEV_984,fa361ea74f62b17b,"Sydney, AU",2026-08-28 13:18:06.269031+00:00,0,A
TX10845,USR_1180,ACC_2180,65.25,USD,WIRE,MER_103,BEN_530,DEV_169,d33c733d20cd7646,"Toronto, CA",2026-08-28 13:20:06.269031+00:00,0,A
TX10661,USR_1093,ACC_2093,100.5,USD,WIRE,MER_395,BEN_553,DEV_781,fa54c7e2e8ed5049,"New York, US",2026-08-28 13:20:06.269031+00:00,0,A
TX12816,USR_1275,ACC_2275,91.96,USD,CARD,MER_366,BEN_936,DEV_358,cff6f731a3aa7735,"Tokyo, JP",2026-08-28 13:25:06.269031+00:00,0,A
TX12822,USR_1068,ACC_2068,1053.4,USD,WIRE,MER_252,BEN_NEW_8334,DEV_ATO_5177,cd94a7ebc32d2659,Unknown / Proxy IP,2026-08-28 13:27:06.269031+00:00,1,C
TX10804,USR_1271,ACC_2271,183.15,USD,P2P,MER_333,BEN_948,DEV_899,c67a1e0a7190f404,"New York, US",2026-08-28 13:31:06.269031+00:00,0,A
TX12370,USR_1163,ACC_2163,60.74,USD,P2P,MER_386,BEN_914,DEV_834,98b63981f14d1e18,"Toronto, CA",2026-08-28 13:31:06.269031+00:00,0,A
TX11203,USR_1027,ACC_2027,200.37,USD,CARD,MER_175,BEN_689,DEV_214,1c63c3c47526e1d4,"London, UK",2026-08-28 13:32:06.269031+00:00,0,A
TX12142,USR_1198,ACC_2198,343.89,USD,WIRE,MER_394,BEN_632,DEV_NEW_5667,e9f7c9e4f8358d4f,"New York, US",2026-08-28 13:37:06.269031+00:00,1,B
TX11425,USR_1047,ACC_2047,253.42,USD,CARD,MER_254,BEN_982,DEV_692,b8407f9f90f8f46f,"Sydney, AU",2026-08-28 13:37:06.269031+00:00,0,A
TX11353,USR_1236,ACC_2236,5.0,USD,WIRE,MER_138,BEN_758,DEV_817,c521e90a1ba7a600,"Toronto, CA",2026-08-28 13:44:06.269031+00:00,0,A
TX12456,USR_1224,ACC_2224,78.81,USD,P2P,MER_312,BEN_520,DEV_888,69fcc96fe39173c6,"Tokyo, JP",2026-08-28 13:46:06.269031+00:00,0,A
TX11363,USR_1104,ACC_2104,164.31,USD,ACH,MER_352,BEN_631,DEV_844,66e643e8a810cdda,"New York, US",2026-08-28 13:47:06.269031+00:00,0,A
TX11842,USR_1188,ACC_2188,5.0,USD,CARD,MER_178,BEN_626,DEV_290,4ef285a84911ce89,"New York, US",2026-08-28 13:48:06.269031+00:00,0,A
TX12077,USR_1129,ACC_2129,56.06,USD,WIRE,MER_233,BEN_755,DEV_765,4541428cfc1cd62e,"New York, US",2026-08-28 13:55:06.269031+00:00,0,A
TX11183,USR_1189,ACC_2189,87.3,USD,ACH,MER_329,BEN_567,DEV_424,d0509ec5865f2372,"Tokyo, JP",2026-08-28 13:57:06.269031+00:00,0,A
TX11289,USR_1201,ACC_2201,86.63,USD,WIRE,MER_318,BEN_782,DEV_123,91e7767500f47f48,"London, UK",2026-08-28 14:02:06.269031+00:00,0,A
TX11737,USR_1161,ACC_2161,128.46,USD,CARD,MER_211,BEN_887,DEV_256,67c9e296ad6a0f6a,"Sydney, AU",2026-08-28 14:04:06.269031+00:00,0,A
TX10977,USR_1178,ACC_2178,92.91,USD,P2P,MER_350,BEN_781,DEV_437,7a1f096984df4b45,"London, UK",2026-08-28 14:07:06.269031+00:00,0,A
TX11171,USR_1006,ACC_2006,5815.59,USD,P2P,MER_208,BEN_RING_777,DEV_RING_999,fd5dc3897b156800,"New York, US",2026-08-28 14:10:06.269031+00:00,1,D
TX13049,USR_1132,ACC_2132,84.63,USD,ACH,MER_144,BEN_793,DEV_911,01ed69d6118ed97c,"New York, US",2026-08-28 14:10:06.269031+00:00,0,A
TX11570,USR_1201,ACC_2201,991.63,USD,WIRE,MER_269,BEN_NEW_9399,DEV_ATO_7020,f07c7bcec65cbd86,Unknown / Proxy IP,2026-08-28 14:10:06.269031+00:00,1,C
TX12494,USR_1207,ACC_2207,61.8,USD,WIRE,MER_142,BEN_751,DEV_596,7743ecec2e2aaec1,"Toronto, CA",2026-08-28 14:15:06.269031+00:00,0,A
TX14232,USR_1220,ACC_2220,1171.99,USD,CARD,MER_211,BEN_815,DEV_NEW_9598,72d96e413d4e06fb,"London, UK",2026-08-28 14:15:06.269031+00:00,1,B
TX11613,USR_1186,ACC_2186,117.87,USD,CARD,MER_150,BEN_886,DEV_178,01212de5b81c350b,"Sydney, AU",2026-08-28 14:16:06.269031+00:00,0,A
TX13336,USR_1016,ACC_2016,24.84,USD,P2P,MER_150,BEN_844,DEV_196,77b38a90ef972e5e,"Sydney, AU",2026-08-28 14:18:06.269031+00:00,0,A
TX11244,USR_1048,ACC_2048,95.68,USD,ACH,MER_335,BEN_715,DEV_455,2b9102c1b5c23e99,"New York, US",2026-08-28 14:19:06.269031+00:00,0,A
TX10603,USR_1243,ACC_2243,77.98,USD,P2P,MER_188,BEN_695,DEV_687,3ff853a1c744a0b6,"Sydney, AU",2026-08-28 14:20:06.269031+00:00,0,A
TX10990,USR_1081,ACC_2081,87.22,USD,CARD,MER_132,BEN_817,DEV_490,54c1bae29c21b64f,"New York, US",2026-08-28 14:20:06.269031+00:00,0,A
TX10466,USR_1234,ACC_2234,131.67,USD,CARD,MER_271,BEN_949,DEV_106,7e1e719175d63229,"Toronto, CA",2026-08-28 14:20:06.269031+00:00,0,A
TX12103,USR_1284,ACC_2284,190.91,USD,WIRE,MER_227,BEN_771,DEV_138,ccbf846be6c6de2e,"New York, US",2026-08-28 14:27:06.269031+00:00,0,A
TX11835,USR_1191,ACC_2191,107.14,USD,WIRE,MER_253,BEN_585,DEV_801,1720b6347df01502,"Tokyo, JP",2026-08-28 14:28:06.269031+00:00,0,A
TX13304,USR_1092,ACC_2092,31.99,USD,P2P,MER_162,BEN_800,DEV_195,db390d7c153b30d4,"Tokyo, JP",2026-08-28 14:31:06.269031+00:00,0,A
TX11312,USR_1136,ACC_2136,73.64,USD,CARD,MER_272,BEN_803,DEV_740,bde624019cb538ca,"Toronto, CA",2026-08-28 14:32:06.269031+00:00,0,A
TX10490,USR_1011,ACC_2011,5448.5,USD,P2P,MER_257,BEN_RING_777,DEV_RING_999,fd5dc3897b156800,"New York, US",2026-08-28 14:33:06.269031+00:00,1,D
TX12759,USR_1181,ACC_2181,90.91,USD,CARD,MER_154,BEN_757,DEV_112,9e61c93a56ccb2d7,"Tokyo, JP",2026-08-28 14:38:06.269031+00:00,0,A
TX11681,USR_1202,ACC_2202,279.55,USD,ACH,MER_209,BEN_CAR_DEALER_108,DEV_UPGRADE_3853,9dfdf13e2de836ee,"Sydney, AU",2026-08-28 14:38:06.269031+00:00,0,E
TX11743,USR_1280,ACC_2280,82.89,USD,WIRE,MER_398,BEN_633,DEV_463,b6053954f622ffb5,"Sydney, AU",2026-08-28 14:40:06.269031+00:00,0,A
TX11722,USR_1146,ACC_2146,162.17,USD,CARD,MER_398,BEN_508,DEV_707,1c61219d3526daa9,"Sydney, AU",2026-08-28 14:41:06.269031+00:00,0,A
TX11843,USR_1146,ACC_2146,3327.54,USD,WIRE,MER_257,BEN_NEW_9814,DEV_ATO_5953,b2ed06de5cbd8379,Unknown / Proxy IP,2026-08-28 14:42:06.269031+00:00,1,C
TX11829,USR_1075,ACC_2075,143.19,USD,ACH,MER_400,BEN_647,DEV_572,7a29d09e4d3a3ef7,"New York, US",2026-08-28 14:46:06.269031+00:00,0,A
TX11776,USR_1052,ACC_2052,90.66,USD,CARD,MER_288,BEN_656,DEV_911,543d3130925feae7,"Sydney, AU",2026-08-28 14:46:06.269031+00:00,0,A
TX13335,USR_1224,ACC_2224,714.78,USD,CARD,MER_356,BEN_520,DEV_NEW_5571,1db1632945fdf4fb,"Tokyo, JP",2026-08-28 14:50:06.269031+00:00,1,B
TX13547,USR_1224,ACC_2224,1932.24,USD,WIRE,MER_356,BEN_NEW_9137,DEV_ATO_9303,1fadbec3aa04bf79,Unknown / Proxy IP,2026-08-28 14:51:06.269031+00:00,1,C
TX11237,USR_1000,ACC_2000,3061.08,USD,P2P,MER_379,BEN_RING_777,DEV_RING_999,fd5dc3897b156800,"London, UK",2026-08-28 14:52:06.269031+00:00,1,D
TX10731,USR_1044,ACC_2044,193.73,USD,CARD,MER_141,BEN_950,DEV_286,7dd4f2ecf1f66f66,"Sydney, AU",2026-08-28 14:53:06.269031+00:00,0,A
TX14741,USR_1278,ACC_2278,84.67,USD,WIRE,MER_213,BEN_871,DEV_365,543c9bae8b4186e5,"New York, US",2026-08-28 14:58:06.269031+00:00,0,A
TX11905,USR_1075,ACC_2075,3043.05,USD,WIRE,MER_253,BEN_NEW_8235,DEV_ATO_7914,c0cef0892819102f,Unknown / Proxy IP,2026-08-28 14:58:06.269031+00:00,1,C
TX11332,USR_1027,ACC_2027,181.89,USD,CARD,MER_175,BEN_927,DEV_214,1c63c3c47526e1d4,"London, UK",2026-08-28 15:01:06.269031+00:00,0,A
TX13040,USR_1256,ACC_2256,130.86,USD,P2P,MER_117,BEN_583,DEV_659,3c88c3dde07ae353,"Toronto, CA",2026-08-28 15:08:06.269031+00:00,0,A
TX11549,USR_1255,ACC_2255,488.44,USD,ACH,MER_314,BEN_524,DEV_NEW_9053,ccfdb0e012ebf470,"New York, US",2026-08-28 15:12:06.269031+00:00,1,B
TX11345,USR_1010,ACC_2010,5.0,USD,P2P,MER_178,BEN_967,DEV_261,f192cebecb4b1736,"Tokyo, JP",2026-08-28 15:18:06.269031+00:00,0,A
TX11114,USR_1084,ACC_2084,42.36,USD,ACH,MER_332,BEN_597,DEV_975,0f2642a2d4f0e8ea,"Tokyo, JP",2026-08-28 15:21:06.269031+00:00,0,A
TX12190,USR_1036,ACC_2036,63.03,USD,P2P,MER_112,BEN_912,DEV_627,cea311fcad472a9b,"London, UK",2026-08-28 15:21:06.269031+00:00,0,A
TX12758,USR_1194,ACC_2194,263.11,USD,CARD,MER_388,BEN_CAR_DEALER_105,DEV_UPGRADE_3188,dfece048aff84a9e,"Toronto, CA",2026-08-28 15:21:06.269031+00:00,0,E
TX10741,USR_1109,ACC_2109,45.6,USD,CARD,MER_172,BEN_993,DEV_167,bdf9188e7358c140,"Tokyo, JP",2026-08-28 15:22:06.269031+00:00,0,A
TX11440,USR_1140,ACC_2140,85.77,USD,CARD,MER_260,BEN_627,DEV_353,4af4f4dcf8282d9e,"Sydney, AU",2026-08-28 15:26:06.269031+00:00,0,A
TX12114,USR_1203,ACC_2203,86.92,USD,CARD,MER_374,BEN_946,DEV_385,7f425fb15ab04329,"New York, US",2026-08-28 15:28:06.269031+00:00,0,A
TX11407,USR_1156,ACC_2156,88.04,USD,CARD,MER_332,BEN_652,DEV_866,21ee76f01e88620b,"New York, US",2026-08-28 15:31:06.269031+00:00,0,A
TX11288,USR_1084,ACC_2084,1002.74,USD,WIRE,MER_146,BEN_NEW_9071,DEV_ATO_8058,d2ab3002bcddff02,Unknown / Proxy IP,2026-08-28 15:33:06.269031+00:00,1,C
TX11995,USR_1138,ACC_2138,82.92,USD,WIRE,MER_337,BEN_852,DEV_594,8d45592dae9f59a0,"Tokyo, JP",2026-08-28 15:37:06.269031+00:00,0,A
TX11908,USR_1184,ACC_2184,6.72,USD,WIRE,MER_217,BEN_770,DEV_184,4a1afa885aeef4cc,"Tokyo, JP",2026-08-28 15:37:06.269031+00:00,0,A
TX13244,USR_1240,ACC_2240,122.31,USD,CARD,MER_384,BEN_707,DEV_150,87a1a3b014960188,"London, UK",2026-08-28 15:43:06.269031+00:00,0,A
TX11836,USR_1232,ACC_2232,85.25,USD,WIRE,MER_244,BEN_988,DEV_614,57cd4dd75ee045c8,"London, UK",2026-08-28 15:46:06.269031+00:00,0,A
TX12133,USR_1219,ACC_2219,105.8,USD,WIRE,MER_168,BEN_653,DEV_492,8ac9ec0ab7625d5e,"New York, US",2026-08-28 15:48:06.269031+00:00,0,A
TX11419,USR_1190,ACC_2190,62.91,USD,WIRE,MER_386,BEN_942,DEV_126,3862c4777cb683d4,"Toronto, CA",2026-08-28 15:49:06.269031+00:00,0,A
TX11362,USR_1116,ACC_2116,81.1,USD,WIRE,MER_214,BEN_691,DEV_327,0afa7d2175280287,"New York, US",2026-08-28 15:59:06.269031+00:00,0,A
TX10993,USR_1013,ACC_2013,49.26,USD,ACH,MER_331,BEN_691,DEV_652,a46549e884857643,"Tokyo, JP",2026-08-28 16:00:06.269031+00:00,0,A
TX11845,USR_1010,ACC_2010,9051.1,USD,P2P,MER_291,BEN_RING_777,DEV_RING_999,fd5dc3897b156800,"Tokyo, JP",2026-08-28 16:00:06.269031+00:00,1,D
TX10405,USR_1162,ACC_2162,148.44,USD,P2P,MER_267,BEN_774,DEV_179,93b1c2216db49997,"Toronto, CA",2026-08-28 16:03:06.269031+00:00,0,A
TX12489,USR_1298,ACC_2298,218.25,USD,WIRE,MER_381,BEN_759,DEV_269,77f386399a2800ee,"London, UK",2026-08-28 16:03:06.269031+00:00,0,A
TX13004,USR_1174,ACC_2174,729.81,USD,CARD,MER_345,BEN_CAR_DEALER_156,DEV_UPGRADE_3717,0cc746ed483b6373,"New York, US",2026-08-28 16:04:06.269031+00:00,0,E
TX10574,USR_1227,ACC_2227,92.99,USD,ACH,MER_183,BEN_862,DEV_564,5b3522464b586141,"London, UK",2026-08-28 16:05:06.269031+00:00,0,A
TX12428,USR_1267,ACC_2267,749.92,USD,ACH,MER_119,BEN_CAR_DEALER_150,DEV_UPGRADE_3532,9d27a1fb075270c8,"Tokyo, JP",2026-08-28 16:07:06.269031+00:00,0,E
TX13338,USR_1258,ACC_2258,5.0,USD,CARD,MER_244,BEN_998,DEV_721,5edcd001a917a101,"New York, US",2026-08-28 16:09:06.269031+00:00,0,A
TX10686,USR_1023,ACC_2023,158.65,USD,ACH,MER_180,BEN_951,DEV_175,ef68c766279b5ce9,"London, UK",2026-08-28 16:11:06.269031+00:00,0,A
TX11032,USR_1208,ACC_2208,80.05,USD,P2P,MER_381,BEN_775,DEV_914,bf683377a3f8fe47,"Tokyo, JP",2026-08-28 16:12:06.269031+00:00,0,A
TX12466,USR_1293,ACC_2293,73.84,USD,WIRE,MER_187,BEN_570,DEV_218,5fcbcf952ebe4639,"New York, US",2026-08-28 16:16:06.269031+00:00,0,A
TX12393,USR_1020,ACC_2020,149.72,USD,P2P,MER_195,BEN_760,DEV_151,b5ff272adcc184f7,"Toronto, CA",2026-08-28 16:17:06.269031+00:00,0,A
TX12562,USR_1082,ACC_2082,90.67,USD,ACH,MER_169,BEN_559,DEV_764,e9adc9bb40a0ee12,"New York, US",2026-08-28 16:19:06.269031+00:00,0,A
TX11972,USR_1038,ACC_2038,53.89,USD,ACH,MER_326,BEN_841,DEV_670,d1561592aad7dc92,"Sydney, AU",2026-08-28 16:22:06.269031+00:00,0,A
TX11394,USR_1282,ACC_2282,75.61,USD,WIRE,MER_102,BEN_660,DEV_246,a056b9561fb0441c,"New York, US",2026-08-28 16:25:06.269031+00:00,0,A
TX10497,USR_1142,ACC_2142,112.78,USD,P2P,MER_168,BEN_504,DEV_149,bcd8541d04723bde,"Sydney, AU",2026-08-28 16:28:06.269031+00:00,0,A
TX11300,USR_1289,ACC_2289,59.77,USD,CARD,MER_160,BEN_960,DEV_777,5baf3a00f86a9976,"Toronto, CA",2026-08-28 16:31:06.269031+00:00,0,A
TX11358,USR_1238,ACC_2238,1258.33,USD,WIRE,MER_235,BEN_683,DEV_NEW_9187,b8d2d5c142188c1d,"Sydney, AU",2026-08-28 16:33:06.269031+00:00,0,B
TX13708,USR_1164,ACC_2164,79.74,USD,ACH,MER_137,BEN_611,DEV_788,eb6318d23a29cdd4,"Tokyo, JP",2026-08-28 16:34:06.269031+00:00,0,A
TX12943,USR_1177,ACC_2177,117.44,USD,WIRE,MER_178,BEN_783,DEV_146,d0954936adb6f994,"London, UK",2026-08-28 16:36:06.269031+00:00,0,A
TX10747,USR_1162,ACC_2162,141.46,USD,ACH,MER_326,BEN_793,DEV_677,93b1c2216db49997,"Toronto, CA",2026-08-28 16:37:06.269031+00:00,0,A
TX10960,USR_1142,ACC_2142,2808.85,USD,WIRE,MER_287,BEN_NEW_8713,DEV_ATO_9570,059296e66f4d677d,Unknown / Proxy IP,2026-08-28 16:40:06.269031+00:00,1,C
TX12635,USR_1110,ACC_2110,488.65,USD,CARD,MER_292,BEN_658,DEV_NEW_2797,4c245ca65429c4d7,"Toronto, CA",2026-08-28 16:41:06.269031+00:00,1,B
TX10880,USR_1290,ACC_2290,29.17,USD,WIRE,MER_182,BEN_860,DEV_609,7a232aa325593eec,"Tokyo, JP",2026-08-28 16:42:06.269031+00:00,0,A
TX12379,USR_1242,ACC_2242,164.12,USD,ACH,MER_162,BEN_933,DEV_176,16b1981054412bbd,"Sydney, AU",2026-08-28 16:46:06.269031+00:00,0,A
TX10812,USR_1023,ACC_2023,125.47,USD,WIRE,MER_245,BEN_535,DEV_175,549711726c0cadf1,"London, UK",2026-08-28 16:51:06.269031+00:00,0,A
TX12919,USR_1114,ACC_2114,107.33,USD,P2P,MER_182,BEN_898,DEV_955,a96525fe39fe5020,"Sydney, AU",2026-08-28 16:54:06.269031+00:00,0,A
TX12884,USR_1045,ACC_2045,130.25,USD,CARD,MER_120,BEN_990,DEV_867,51a85a28c34ed363,"London, UK",2026-08-28 16:56:06.269031+00:00,0,A
TX11513,USR_1089,ACC_2089,45.59,USD,WIRE,MER_133,BEN_541,DEV_967,c9dca1b44f1121b5,"Sydney, AU",2026-08-28 16:59:06.269031+00:00,0,A
TX13810,USR_1059,ACC_2059,83.72,USD,WIRE,MER_136,BEN_647,DEV_102,4ab11de2ff530d35,"Sydney, AU",2026-08-28 16:59:06.269031+00:00,0,A
TX11380,USR_1124,ACC_2124,5.0,USD,P2P,MER_323,BEN_688,DEV_982,b4895ee1beb11ace,"Tokyo, JP",2026-08-28 17:03:06.269031+00:00,0,A
TX12711,USR_1200,ACC_2200,78.51,USD,WIRE,MER_263,BEN_743,DEV_456,1084998dfd6f5f0a,"London, UK",2026-08-28 17:04:06.269031+00:00,0,A
TX12078,USR_1280,ACC_2280,74.26,USD,P2P,MER_337,BEN_650,DEV_463,b6053954f622ffb5,"Sydney, AU",2026-08-28 17:05:06.269031+00:00,0,A
TX11415,USR_1044,ACC_2044,887.57,USD,ACH,MER_315,BEN_950,DEV_NEW_6757,57b5ef6ca2f69bab,"Sydney, AU",2026-08-28 17:07:06.269031+00:00,0,B
TX12835,USR_1135,ACC_2135,59.94,USD,P2P,MER_245,BEN_958,DEV_411,eddad66c8f2b7404,"London, UK",2026-08-28 17:14:06.269031+00:00,0,A
TX12526,USR_1073,ACC_2073,78.65,USD,ACH,MER_250,BEN_653,DEV_864,e5324ea32e3f72f6,"New York, US",2026-08-28 17:19:06.269031+00:00,0,A
TX12024,USR_1209,ACC_2209,11.54,USD,WIRE,MER_211,BEN_889,DEV_686,19cd5e10192a7982,"Tokyo, JP",2026-08-28 17:21:06.269031+00:00,0,A
TX10840,USR_1148,ACC_2148,65.25,USD,CARD,MER_310,BEN_660,DEV_132,01035ad56c314015,"London, UK",2026-08-28 17:23:06.269031+00:00,0,A
TX13680,USR_1247,ACC_2247,5.0,USD,WIRE,MER_128,BEN_636,DEV_885,b323e19bdbec4d4c,"London, UK",2026-08-28 17:24:06.269031+00:00,0,A
TX13339,USR_1281,ACC_2281,28.09,USD,CARD,MER_202,BEN_711,DEV_583,442e216561464da9,"Sydney, AU",2026-08-28 17:31:06.269031+00:00,0,A
TX11574,USR_1189,ACC_2189,70.52,USD,ACH,MER_385,BEN_684,DEV_469,a15c24663e9716f9,"Tokyo, JP",2026-08-28 17:31:06.269031+00:00,0,A
TX13773,USR_1252,ACC_2252,111.05,USD,WIRE,MER_293,BEN_862,DEV_261,2976e699c0947510,"Sydney, AU",2026-08-28 17:32:06.269031+00:00,0,A
TX11798,USR_1124,ACC_2124,17.7,USD,ACH,MER_323,BEN_909,DEV_899,b4895ee1beb11ace,"Tokyo, JP",2026-08-28 17:36:06.269031+00:00,0,A
TX12035,USR_1191,ACC_2191,24.8,USD,WIRE,MER_347,BEN_752,DEV_801,5b58332294cb63d5,"Tokyo, JP",2026-08-28 17:36:06.269031+00:00,0,A
TX12118,USR_1191,ACC_2191,921.11,USD,WIRE,MER_253,BEN_NEW_8094,DEV_ATO_7118,c7d1a038c731f2fd,Unknown / Proxy IP,2026-08-28 17:37:06.269031+00:00,1,C
TX13231,USR_1015,ACC_2015,76.7,USD,ACH,MER_342,BEN_951,DEV_626,5457ab5de7f73ba3,"London, UK",2026-08-28 17:39:06.269031+00:00,0,A
TX12624,USR_1266,ACC_2266,71.53,USD,CARD,MER_388,BEN_557,DEV_994,7285e174966eb919,"Toronto, CA",2026-08-28 17:39:06.269031+00:00,0,A
TX12869,USR_1153,ACC_2153,79.77,USD,ACH,MER_151,BEN_826,DEV_730,ea01f47d91af8c3e,"New York, US",2026-08-28 17:40:06.269031+00:00,0,A
TX11565,USR_1294,ACC_2294,134.21,USD,P2P,MER_315,BEN_733,DEV_481,c6bb668bbeb4bf8e,"Sydney, AU",2026-08-28 17:42:06.269031+00:00,0,A
TX10790,USR_1165,ACC_2165,167.37,USD,P2P,MER_169,BEN_646,DEV_654,6a209799414ac9ae,"Sydney, AU",2026-08-28 17:43:06.269031+00:00,0,A
TX12984,USR_1018,ACC_2018,142.27,USD,ACH,MER_299,BEN_748,DEV_195,42b646eb5a141864,"London, UK",2026-08-28 17:46:06.269031+00:00,0,A
TX12980,USR_1191,ACC_2191,5.0,USD,P2P,MER_253,BEN_585,DEV_801,1720b6347df01502,"Tokyo, JP",2026-08-28 17:47:06.269031+00:00,0,A
TX11529,USR_1136,ACC_2136,73.57,USD,P2P,MER_121,BEN_982,DEV_740,e687ecdb5a48d3fd,"Toronto, CA",2026-08-28 17:48:06.269031+00:00,0,A
TX11779,USR_1137,ACC_2137,220.18,USD,CARD,MER_115,BEN_833,DEV_183,28af3e505676849d,"Toronto, CA",2026-08-28 17:49:06.269031+00:00,0,A
TX11381,USR_1221,ACC_2221,68.91,USD,P2P,MER_245,BEN_905,DEV_703,decd57703473e273,"Sydney, AU",2026-08-28 17:49:06.269031+00:00,0,A
TX11925,USR_1083,ACC_2083,162.65,USD,ACH,MER_211,BEN_815,DEV_860,175fedd283ce6476,"New York, US",2026-08-28 17:50:06.269031+00:00,0,A
TX13455,USR_1131,ACC_2131,19.17,USD,WIRE,MER_162,BEN_864,DEV_783,1a4bad185111ed79,"Tokyo, JP",2026-08-28 17:52:06.269031+00:00,0,A
TX10805,USR_1056,ACC_2056,61.46,USD,CARD,MER_137,BEN_558,DEV_551,292e1d1a2fc9ded3,"Tokyo, JP",2026-08-28 17:58:06.269031+00:00,0,A
TX10981,USR_1017,ACC_2017,26.39,USD,CARD,MER_381,BEN_642,DEV_296,12ddf45271aaaaa6,"Sydney, AU",2026-08-28 18:04:06.269031+00:00,0,A
TX11655,USR_1288,ACC_2288,178.06,USD,WIRE,MER_254,BEN_727,DEV_769,6da18eb3006706c0,"New York, US",2026-08-28 18:05:06.269031+00:00,0,A
TX12347,USR_1215,ACC_2215,30.49,USD,P2P,MER_124,BEN_780,DEV_539,9946a0232d0af45c,"Tokyo, JP",2026-08-28 18:10:06.269031+00:00,0,A
TX12253,USR_1070,ACC_2070,5.0,USD,CARD,MER_164,BEN_833,DEV_425,e17b9a40f4875acc,"Sydney, AU",2026-08-28 18:12:06.269031+00:00,0,A
TX11067,USR_1245,ACC_2245,147.84,USD,P2P,MER_109,BEN_778,DEV_240,c234b94963614182,"Toronto, CA",2026-08-28 18:20:06.269031+00:00,0,A
TX13983,USR_1206,ACC_2206,25.55,USD,CARD,MER_195,BEN_647,DEV_598,17673fd32798d605,"London, UK",2026-08-28 18:21:06.269031+00:00,0,A
TX11226,USR_1151,ACC_2151,199.61,USD,P2P,MER_248,BEN_846,DEV_424,c1de55ccf4ebef4d,"Tokyo, JP",2026-08-28 18:29:06.269031+00:00,0,A
TX12180,USR_1230,ACC_2230,136.47,USD,WIRE,MER_106,BEN_939,DEV_687,121e0a975b3b7d20,"Toronto, CA",2026-08-28 18:29:06.269031+00:00,0,A
TX11177,USR_1097,ACC_2097,148.72,USD,WIRE,MER_239,BEN_952,DEV_478,50903041fbb7424c,"Toronto, CA",2026-08-28 18:35:06.269031+00:00,0,A
TX12046,USR_1021,ACC_2021,124.39,USD,ACH,MER_233,BEN_714,DEV_683,54c8e13af5852b70,"Toronto, CA",2026-08-28 18:42:06.269031+00:00,0,A
TX12694,USR_1077,ACC_2077,103.36,USD,WIRE,MER_228,BEN_646,DEV_679,cb99c4f64b0c2e92,"New York, US",2026-08-28 18:45:06.269031+00:00,0,A
TX11625,USR_1098,ACC_2098,268.64,USD,P2P,MER_156,BEN_886,DEV_777,52fe8baed4ca9e50,"Tokyo, JP",2026-08-28 18:46:06.269031+00:00,0,A
TX10475,USR_1008,ACC_2008,2902.12,USD,P2P,MER_295,BEN_RING_777,DEV_RING_999,fd5dc3897b156800,"New York, US",2026-08-28 18:46:06.269031+00:00,1,D
TX12702,USR_1087,ACC_2087,88.72,USD,CARD,MER_343,BEN_879,DEV_908,8a702229afb09dbe,"London, UK",2026-08-28 18:46:06.269031+00:00,0,A
TX12407,USR_1202,ACC_2202,108.95,USD,CARD,MER_209,BEN_514,DEV_916,9dfdf13e2de836ee,"Sydney, AU",2026-08-28 18:47:06.269031+00:00,0,A
TX12029,USR_1168,ACC_2168,160.13,USD,WIRE,MER_223,BEN_838,DEV_454,ca649f404e150fd6,"New York, US",2026-08-28 18:51:06.269031+00:00,0,A
TX11196,USR_1007,ACC_2007,7424.81,USD,P2P,MER_234,BEN_RING_777,DEV_RING_999,fd5dc3897b156800,"Sydney, AU",2026-08-28 18:52:06.269031+00:00,1,D
TX11963,USR_1167,ACC_2167,17.09,USD,WIRE,MER_372,BEN_844,DEV_845,6550e5bfba9b0a52,"New York, US",2026-08-28 18:53:06.269031+00:00,0,A
TX11001,USR_1217,ACC_2217,77.14,USD,P2P,MER_256,BEN_702,DEV_195,120fb4e11b005dae,"London, UK",2026-08-28 18:56:06.269031+00:00,0,A
TX11202,USR_1249,ACC_2249,182.65,USD,CARD,MER_128,BEN_589,DEV_956,c24ea062cf3c7968,"Sydney, AU",2026-08-28 18:56:06.269031+00:00,0,A
TX11793,USR_1080,ACC_2080,95.15,USD,WIRE,MER_235,BEN_904,DEV_244,483e41a558764e8a,"Sydney, AU",2026-08-28 18:57:06.269031+00:00,0,A
TX13589,USR_1131,ACC_2131,72.52,USD,WIRE,MER_189,BEN_935,DEV_783,1f64066193cd0ee5,"Tokyo, JP",2026-08-28 18:57:06.269031+00:00,0,A
TX12405,USR_1239,ACC_2239,116.76,USD,WIRE,MER_227,BEN_610,DEV_192,8b7c8c2ee21f71d6,"Toronto, CA",2026-08-28 18:58:06.269031+00:00,0,A
TX10216,USR_1101,ACC_2101,121.78,USD,CARD,MER_110,BEN_713,DEV_570,9ad7f3c439662655,"Toronto, CA",2026-08-28 19:02:06.269031+00:00,0,A
TX12287,USR_1269,ACC_2269,54.18,USD,CARD,MER_326,BEN_653,DEV_387,4ce705bd91f4650b,"New York, US",2026-08-28 19:02:06.269031+00:00,0,A
TX11100,USR_1187,ACC_2187,91.74,USD,CARD,MER_216,BEN_515,DEV_337,a1cb0cc2002ac8fe,"Toronto, CA",2026-08-28 19:03:06.269031+00:00,0,A
TX14299,USR_1055,ACC_2055,142.58,USD,WIRE,MER_351,BEN_885,DEV_380,41be1af591f90cd7,"Tokyo, JP",2026-08-28 19:04:06.269031+00:00,0,A
TX12699,USR_1094,ACC_2094,117.89,USD,WIRE,MER_385,BEN_890,DEV_967,d5406cc498d4564d,"Tokyo, JP",2026-08-28 19:07:06.269031+00:00,0,A
TX13022,USR_1296,ACC_2296,59.96,USD,CARD,MER_389,BEN_860,DEV_521,56dc5c0a9d1e223b,"Tokyo, JP",2026-08-28 19:10:06.269031+00:00,0,A
TX12976,USR_1068,ACC_2068,57.18,USD,CARD,MER_101,BEN_759,DEV_984,28b558237a8ce9a4,"Sydney, AU",2026-08-28 19:11:06.269031+00:00,0,A
TX12397,USR_1144,ACC_2144,92.25,USD,ACH,MER_356,BEN_808,DEV_913,1738decb44c32509,"Tokyo, JP",2026-08-28 19:13:06.269031+00:00,0,A
TX11594,USR_1113,ACC_2113,54.01,USD,P2P,MER_222,BEN_885,DEV_838,98eccdccd122648d,"London, UK",2026-08-28 19:15:06.269031+00:00,0,A
TX13649,USR_1094,ACC_2094,85.82,USD,ACH,MER_385,BEN_642,DEV_967,f891e28a9482853e,"Tokyo, JP",2026-08-28 19:16:06.269031+00:00,0,A
TX11161,USR_1090,ACC_2090,58.63,USD,ACH,MER_331,BEN_550,DEV_490,d37b2f3a3e8b1e76,"Toronto, CA",2026-08-28 19:21:06.269031+00:00,0,A
TX12894,USR_1237,ACC_2237,209.3,USD,WIRE,MER_155,BEN_619,DEV_342,c8f4ff7b3b3a1230,"Sydney, AU",2026-08-28 19:23:06.269031+00:00,0,A
TX12873,USR_1100,ACC_2100,115.53,USD,P2P,MER_303,BEN_926,DEV_609,0b550abed4d63847,"Sydney, AU",2026-08-28 19:23:06.269031+00:00,0,A
TX11414,USR_1180,ACC_2180,5.0,USD,P2P,MER_349,BEN_841,DEV_169,4e3c89636a5903ac,"Toronto, CA",2026-08-28 19:26:06.269031+00:00,0,A
TX10762,USR_1223,ACC_2223,187.25,USD,CARD,MER_315,BEN_978,DEV_708,df97912a7c965b5f,"New York, US",2026-08-28 19:28:06.269031+00:00,0,A
TX10727,USR_1195,ACC_2195,50.52,USD,CARD,MER_355,BEN_724,DEV_798,b025a857ef22e380,"Sydney, AU",2026-08-28 19:30:06.269031+00:00,0,A
TX10811,USR_1004,ACC_2004,46.15,USD,WIRE,MER_332,BEN_937,DEV_821,f03a39c22fff1376,"Tokyo, JP",2026-08-28 19:31:06.269031+00:00,0,A
TX11558,USR_1089,ACC_2089,34.22,USD,ACH,MER_133,BEN_541,DEV_511,abe8616dca369737,"Sydney, AU",2026-08-28 19:32:06.269031+00:00,0,A
TX13152,USR_1100,ACC_2100,2338.34,USD,WIRE,MER_323,BEN_NEW_9663,DEV_ATO_6256,a52641f333f7904d,Unknown / Proxy IP,2026-08-28 19:36:06.269031+00:00,1,C
TX13204,USR_1237,ACC_2237,171.44,USD,CARD,MER_155,BEN_639,DEV_342,c8f4ff7b3b3a1230,"Sydney, AU",2026-08-28 19:36:06.269031+00:00,0,A
TX11626,USR_1154,ACC_2154,89.7,USD,CARD,MER_202,BEN_950,DEV_105,821fce86e69adfe0,"London, UK",2026-08-28 19:36:06.269031+00:00,0,A
TX12082,USR_1228,ACC_2228,51.36,USD,ACH,MER_239,BEN_894,DEV_270,50966cad90e19486,"Tokyo, JP",2026-08-28 19:37:06.269031+00:00,0,A
TX11399,USR_1071,ACC_2071,117.15,USD,P2P,MER_138,BEN_869,DEV_995,7eebaedd1b534afc,"Sydney, AU",2026-08-28 19:46:06.269031+00:00,0,A
TX12358,USR_1070,ACC_2070,332.19,USD,WIRE,MER_164,BEN_CAR_DEALER_165,DEV_UPGRADE_3230,34aa4d9d426ce603,"Sydney, AU",2026-08-28 19:46:06.269031+00:00,0,E
TX11663,USR_1026,ACC_2026,141.2,USD,P2P,MER_387,BEN_566,DEV_749,4e21fe86b4614f9c,"New York, US",2026-08-28 19:49:06.269031+00:00,0,A
TX11973,USR_1257,ACC_2257,178.06,USD,CARD,MER_347,BEN_982,DEV_175,891555760069fa87,"London, UK",2026-08-28 19:49:06.269031+00:00,0,A
TX12191,USR_1228,ACC_2228,1116.35,USD,WIRE,MER_319,BEN_NEW_8939,DEV_ATO_6709,bbe7ee8f249b0344,Unknown / Proxy IP,2026-08-28 19:52:06.269031+00:00,1,C
TX11110,USR_1013,ACC_2013,4302.73,USD,P2P,MER_215,BEN_RING_777,DEV_RING_999,fd5dc3897b156800,"Tokyo, JP",2026-08-28 19:52:06.269031+00:00,1,D
TX12956,USR_1020,ACC_2020,136.0,USD,P2P,MER_141,BEN_991,DEV_151,b5ff272adcc184f7,"Toronto, CA",2026-08-28 19:56:06.269031+00:00,0,A
TX13028,USR_1103,ACC_2103,26.63,USD,CARD,MER_361,BEN_586,DEV_505,bebb722f73a4cf21,"London, UK",2026-08-28 19:57:06.269031+00:00,0,A
TX10799,USR_1295,ACC_2295,20.78,USD,CARD,MER_283,BEN_724,DEV_964,4263555a333d9831,"Toronto, CA",2026-08-28 19:57:06.269031+00:00,0,A
TX11056,USR_1287,ACC_2287,17.72,USD,WIRE,MER_124,BEN_864,DEV_851,3c8fe058cbb41642,"New York, US",2026-08-28 19:59:06.269031+00:00,0,A
TX14014,USR_1258,ACC_2258,5.0,USD,CARD,MER_244,BEN_709,DEV_721,5edcd001a917a101,"New York, US",2026-08-28 20:00:06.269031+00:00,0,A
TX11367,USR_1260,ACC_2260,80.27,USD,WIRE,MER_341,BEN_901,DEV_126,c76f81af2463d382,"New York, US",2026-08-28 20:00:06.269031+00:00,0,A
TX11013,USR_1162,ACC_2162,138.54,USD,ACH,MER_267,BEN_793,DEV_677,085f174413030ecf,"Toronto, CA",2026-08-28 20:00:06.269031+00:00,0,A
TX11912,USR_1118,ACC_2118,76.2,USD,P2P,MER_334,BEN_621,DEV_119,3a493d2950689330,"Toronto, CA",2026-08-28 20:01:06.269031+00:00,0,A
TX11448,USR_1000,ACC_2000,5607.64,USD,P2P,MER_316,BEN_RING_777,DEV_RING_999,fd5dc3897b156800,"London, UK",2026-08-28 20:02:06.269031+00:00,1,D
TX11522,USR_1289,ACC_2289,117.28,USD,WIRE,MER_153,BEN_960,DEV_203,d86fed0966b732bb,"Toronto, CA",2026-08-28 20:06:06.269031+00:00,0,A
TX11274,USR_1143,ACC_2143,232.6,USD,CARD,MER_160,BEN_537,DEV_146,4ae101e33ed41f66,"Tokyo, JP",2026-08-28 20:08:06.269031+00:00,0,A
TX11603,USR_1283,ACC_2283,1478.5,USD,CARD,MER_344,BEN_814,DEV_NEW_8680,b52082bae5419f55,"New York, US",2026-08-28 20:08:06.269031+00:00,0,B
TX14412,USR_1220,ACC_2220,138.87,USD,CARD,MER_171,BEN_970,DEV_724,72d96e413d4e06fb,"London, UK",2026-08-28 20:08:06.269031+00:00,0,A
TX11607,USR_1166,ACC_2166,895.35,USD,WIRE,MER_191,BEN_678,DEV_NEW_6047,c8ad27d26d0d4858,"Toronto, CA",2026-08-28 20:11:06.269031+00:00,0,B
TX11318,USR_1065,ACC_2065,83.16,USD,P2P,MER_247,BEN_526,DEV_155,d04e3cabd94c53fe,"Sydney, AU",2026-08-28 20:11:06.269031+00:00,0,A
TX11588,USR_1012,ACC_2012,9185.04,USD,P2P,MER_184,BEN_RING_777,DEV_RING_999,fd5dc3897b156800,"Toronto, CA",2026-08-28 20:24:06.269031+00:00,1,D
TX11999,USR_1150,ACC_2150,41.74,USD,CARD,MER_252,BEN_642,DEV_450,43a67aa88ddfe9a5,"Tokyo, JP",2026-08-28 20:24:06.269031+00:00,0,A
TX11548,USR_1121,ACC_2121,578.29,USD,ACH,MER_223,BEN_CAR_DEALER_118,DEV_UPGRADE_3949,c5be08c76a7060ec,"Sydney, AU",2026-08-28 20:26:06.269031+00:00,0,E
TX11072,USR_1034,ACC_2034,37.15,USD,WIRE,MER_391,BEN_715,DEV_782,2a9d9783bdddca1f,"Toronto, CA",2026-08-28 20:33:06.269031+00:00,0,A
TX11117,USR_1034,ACC_2034,1079.89,USD,WIRE,MER_189,BEN_NEW_9323,DEV_ATO_6986,0e10d27a0c381ff8,Unknown / Proxy IP,2026-08-28 20:34:06.269031+00:00,1,C
TX10738,USR_1273,ACC_2273,5.0,USD,CARD,MER_297,BEN_645,DEV_700,eed32f0aa24bee1c,"Tokyo, JP",2026-08-28 20:34:06.269031+00:00,0,A
TX13238,USR_1174,ACC_2174,72.6,USD,WIRE,MER_386,BEN_800,DEV_486,0cc746ed483b6373,"New York, US",2026-08-28 20:35:06.269031+00:00,0,A
TX14954,USR_1278,ACC_2278,5.0,USD,P2P,MER_343,BEN_871,DEV_402,543c9bae8b4186e5,"New York, US",2026-08-28 20:38:06.269031+00:00,0,A
TX11935,USR_1052,ACC_2052,5.0,USD,ACH,MER_342,BEN_839,DEV_911,543d3130925feae7,"Sydney, AU",2026-08-28 20:44:06.269031+00:00,0,A
TX11190,USR_1290,ACC_2290,64.45,USD,ACH,MER_251,BEN_709,DEV_609,7a232aa325593eec,"Tokyo, JP",2026-08-28 20:52:06.269031+00:00,0,A
TX11568,USR_1169,ACC_2169,52.99,USD,P2P,MER_128,BEN_879,DEV_708,3e8b39ef9a3b81ca,"New York, US",2026-08-28 20:53:06.269031+00:00,0,A
TX12014,USR_1259,ACC_2259,112.05,USD,ACH,MER_202,BEN_527,DEV_198,9a6601d20f581d5c,"Sydney, AU",2026-08-28 20:53:06.269031+00:00,0,A
TX14450,USR_1229,ACC_2229,105.35,USD,WIRE,MER_288,BEN_733,DEV_369,07ada08765729ec2,"New York, US",2026-08-28 20:54:06.269031+00:00,0,A
TX13058,USR_1058,ACC_2058,103.62,USD,ACH,MER_222,BEN_838,DEV_724,fbabd4fed7536e51,"London, UK",2026-08-28 20:57:06.269031+00:00,0,A
TX12165,USR_1192,ACC_2192,63.8,USD,CARD,MER_294,BEN_554,DEV_469,5dd32c369dca9f43,"Sydney, AU",2026-08-28 20:59:06.269031+00:00,0,A
TX14164,USR_1281,ACC_2281,5.0,USD,CARD,MER_170,BEN_711,DEV_583,068cee71cfaa6c66,"Sydney, AU",2026-08-28 21:01:06.269031+00:00,0,A
TX13434,USR_1107,ACC_2107,52.71,USD,P2P,MER_143,BEN_743,DEV_560,9e958d16e65a5abe,"London, UK",2026-08-28 21:08:06.269031+00:00,0,A
TX11011,USR_1095,ACC_2095,128.24,USD,CARD,MER_192,BEN_639,DEV_723,47dee88f32dc4e73,"Tokyo, JP",2026-08-28 21:09:06.269031+00:00,0,A
TX12316,USR_1118,ACC_2118,50.67,USD,P2P,MER_314,BEN_621,DEV_119,26b6f82074f626ec,"Toronto, CA",2026-08-28 21:09:06.269031+00:00,0,A
TX11468,USR_1117,ACC_2117,361.71,USD,CARD,MER_102,BEN_646,DEV_NEW_3945,cc37dbb565d122a4,"London, UK",2026-08-28 21:11:06.269031+00:00,1,B
TX12850,USR_1181,ACC_2181,78.58,USD,P2P,MER_149,BEN_916,DEV_112,31b63d4339095769,"Tokyo, JP",2026-08-28 21:12:06.269031+00:00,0,A
TX13557,USR_1199,ACC_2199,64.82,USD,P2P,MER_159,BEN_747,DEV_556,74e49e5edbd31069,"Toronto, CA",2026-08-28 21:18:06.269031+00:00,0,A
TX11328,USR_1254,ACC_2254,541.23,USD,ACH,MER_105,BEN_953,DEV_NEW_3397,ce7d41e693885b0f,"Tokyo, JP",2026-08-28 21:22:06.269031+00:00,0,B
TX11902,USR_1022,ACC_2022,122.68,USD,WIRE,MER_137,BEN_653,DEV_785,3dcf2f0b24fe3401,"Sydney, AU",2026-08-28 21:22:06.269031+00:00,0,A
TX11416,USR_1221,ACC_2221,79.96,USD,P2P,MER_227,BEN_571,DEV_703,decd57703473e273,"Sydney, AU",2026-08-28 21:26:06.269031+00:00,0,A
TX10546,USR_1101,ACC_2101,101.31,USD,P2P,MER_307,BEN_707,DEV_570,67cd47b2a74e105a,"Toronto, CA",2026-08-28 21:29:06.269031+00:00,0,A
TX12135,USR_1009,ACC_2009,10.22,USD,CARD,MER_374,BEN_849,DEV_641,3db2a3b19d9769cc,"New York, US",2026-08-28 21:30:06.269031+00:00,0,A
TX12538,USR_1073,ACC_2073,109.16,USD,ACH,MER_128,BEN_514,DEV_864,e5324ea32e3f72f6,"New York, US",2026-08-28 21:33:06.269031+00:00,0,A
TX11184,USR_1162,ACC_2162,185.36,USD,CARD,MER_267,BEN_774,DEV_677,085f174413030ecf,"Toronto, CA",2026-08-28 21:34:06.269031+00:00,0,A
TX11622,USR_1071,ACC_2071,67.92,USD,CARD,MER_235,BEN_869,DEV_995,f338536f45f03dae,"Sydney, AU",2026-08-28 21:40:06.269031+00:00,0,A
TX10916,USR_1112,ACC_2112,102.06,USD,ACH,MER_178,BEN_672,DEV_619,402439e7d7ccfd33,"Toronto, CA",2026-08-28 21:43:06.269031+00:00,0,A
TX13920,USR_1094,ACC_2094,656.83,USD,P2P,MER_319,BEN_890,DEV_NEW_9212,d5406cc498d4564d,"Tokyo, JP",2026-08-28 21:45:06.269031+00:00,1,B
TX12511,USR_1033,ACC_2033,129.91,USD,P2P,MER_253,BEN_535,DEV_632,46aa30724ea1e038,"London, UK",2026-08-28 21:46:06.269031+00:00,0,A
TX10717,USR_1005,ACC_2005,63.2,USD,P2P,MER_238,BEN_625,DEV_479,153c3b2b0c4f6c24,"New York, US",2026-08-28 21:48:06.269031+00:00,0,A
TX11791,USR_1123,ACC_2123,68.63,USD,WIRE,MER_229,BEN_703,DEV_144,3c5b2e36fc42544e,"Tokyo, JP",2026-08-28 21:52:06.269031+00:00,0,A
TX10568,USR_1234,ACC_2234,161.98,USD,CARD,MER_100,BEN_855,DEV_106,7e1e719175d63229,"Toronto, CA",2026-08-28 21:55:06.269031+00:00,0,A
TX14643,USR_1094,ACC_2094,122.25,USD,WIRE,MER_393,BEN_642,DEV_967,f891e28a9482853e,"Tokyo, JP",2026-08-28 21:56:06.269031+00:00,0,A
TX14208,USR_1092,ACC_2092,5.0,USD,P2P,MER_387,BEN_784,DEV_195,db390d7c153b30d4,"Tokyo, JP",2026-08-28 21:57:06.269031+00:00,0,A
TX13583,USR_1086,ACC_2086,123.44,USD,CARD,MER_107,BEN_628,DEV_251,ee2876480c330c83,"Tokyo, JP",2026-08-28 21:57:06.269031+00:00,0,A
TX11871,USR_1161,ACC_2161,121.52,USD,WIRE,MER_211,BEN_922,DEV_565,67c9e296ad6a0f6a,"Sydney, AU",2026-08-28 21:58:06.269031+00:00,0,A
TX11711,USR_1027,ACC_2027,1038.13,USD,WIRE,MER_382,BEN_689,DEV_NEW_7322,1c63c3c47526e1d4,"London, UK",2026-08-28 22:03:06.269031+00:00,1,B
TX11511,USR_1028,ACC_2028,98.91,USD,ACH,MER_386,BEN_841,DEV_415,367de0248003677f,"New York, US",2026-08-28 22:07:06.269031+00:00,0,A
TX12995,USR_1045,ACC_2045,139.9,USD,ACH,MER_115,BEN_899,DEV_867,51a85a28c34ed363,"London, UK",2026-08-28 22:09:06.269031+00:00,0,A
TX11456,USR_1047,ACC_2047,239.13,USD,ACH,MER_224,BEN_538,DEV_692,a800010fef16c5ea,"Sydney, AU",2026-08-28 22:14:06.269031+00:00,0,A
TX13100,USR_1045,ACC_2045,2553.38,USD,WIRE,MER_202,BEN_NEW_9968,DEV_ATO_6103,ea32fe282606ebef,Unknown / Proxy IP,2026-08-28 22:18:06.269031+00:00,1,C
TX13473,USR_1016,ACC_2016,74.58,USD,P2P,MER_150,BEN_739,DEV_294,77b38a90ef972e5e,"Sydney, AU",2026-08-28 22:24:06.269031+00:00,0,A
TX10814,USR_1234,ACC_2234,116.35,USD,WIRE,MER_100,BEN_855,DEV_106,7e1e719175d63229,"Toronto, CA",2026-08-28 22:27:06.269031+00:00,0,A
TX11386,USR_1182,ACC_2182,501.67,USD,CARD,MER_307,BEN_703,DEV_NEW_2349,6fe60e5021e846bd,"Tokyo, JP",2026-08-28 22:35:06.269031+00:00,1,B
TX11119,USR_1063,ACC_2063,821.63,USD,ACH,MER_182,BEN_664,DEV_NEW_1176,553ed483ad5e1493,"New York, US",2026-08-28 22:35:06.269031+00:00,1,B
TX13699,USR_1016,ACC_2016,452.36,USD,WIRE,MER_150,BEN_NEW_9441,DEV_ATO_5911,44d2f5d8e4042121,Unknown / Proxy IP,2026-08-28 22:35:06.269031+00:00,1,C
TX13070,USR_1177,ACC_2177,102.81,USD,P2P,MER_178,BEN_633,DEV_146,2d9eae9ad589ed38,"London, UK",2026-08-28 22:38:06.269031+00:00,0,A
TX11090,USR_1051,ACC_2051,123.67,USD,WIRE,MER_384,BEN_543,DEV_710,b397558ee799977c,"New York, US",2026-08-28 22:38:06.269031+00:00,0,A
TX12904,USR_1228,ACC_2228,91.08,USD,CARD,MER_271,BEN_894,DEV_270,3f70b2135cc48ade,"Tokyo, JP",2026-08-28 22:40:06.269031+00:00,0,A
TX13509,USR_1049,ACC_2049,89.22,USD,WIRE,MER_144,BEN_723,DEV_545,2d5ca29e2ab18fd2,"Tokyo, JP",2026-08-28 22:41:06.269031+00:00,0,A
TX13698,USR_1276,ACC_2276,60.17,USD,CARD,MER_266,BEN_555,DEV_698,91d6156537789a5f,"Tokyo, JP",2026-08-28 22:43:06.269031+00:00,0,A
TX12318,USR_1186,ACC_2186,104.67,USD,CARD,MER_127,BEN_571,DEV_406,01212de5b81c350b,"Sydney, AU",2026-08-28 22:44:06.269031+00:00,0,A
TX10788,USR_1160,ACC_2160,83.72,USD,CARD,MER_212,BEN_827,DEV_576,337d54f89d9cced9,"Toronto, CA",2026-08-28 22:45:06.269031+00:00,0,A
TX12255,USR_1172,ACC_2172,24.55,USD,WIRE,MER_387,BEN_615,DEV_813,418ca1e6507f5057,"London, UK",2026-08-28 22:45:06.269031+00:00,0,A
TX12789,USR_1087,ACC_2087,6.45,USD,P2P,MER_158,BEN_564,DEV_907,8a702229afb09dbe,"London, UK",2026-08-28 22:46:06.269031+00:00,0,A
TX11653,USR_1012,ACC_2012,105.92,USD,CARD,MER_381,BEN_837,DEV_187,a36b945469e26e05,"Toronto, CA",2026-08-28 22:47:06.269031+00:00,0,A
TX10760,USR_1292,ACC_2292,30.25,USD,ACH,MER_260,BEN_525,DEV_840,47a7d5c3ae210030,"London, UK",2026-08-28 22:48:06.269031+00:00,0,A
TX13528,USR_1177,ACC_2177,1387.79,USD,WIRE,MER_251,BEN_NEW_8644,DEV_ATO_9046,c43b383be8d3ac45,Unknown / Proxy IP,2026-08-28 22:52:06.269031+00:00,1,C
TX12772,USR_1272,ACC_2272,22.78,USD,ACH,MER_328,BEN_563,DEV_469,86889ce0a7e296c8,"Sydney, AU",2026-08-28 22:57:06.269031+00:00,0,A
TX12392,USR_1215,ACC_2215,45.73,USD,WIRE,MER_123,BEN_672,DEV_539,9946a0232d0af45c,"Tokyo, JP",2026-08-28 22:57:06.269031+00:00,0,A
TX11849,USR_1012,ACC_2012,3004.28,USD,WIRE,MER_235,BEN_NEW_8880,DEV_ATO_8791,5f3d0e9e3ca2b318,Unknown / Proxy IP,2026-08-28 22:59:06.269031+00:00,1,C
TX11582,USR_1136,ACC_2136,77.38,USD,CARD,MER_272,BEN_803,DEV_228,e687ecdb5a48d3fd,"Toronto, CA",2026-08-28 22:59:06.269031+00:00,0,A
TX10356,USR_1039,ACC_2039,129.32,USD,P2P,MER_222,BEN_884,DEV_661,51115cee44834188,"Sydney, AU",2026-08-28 23:00:06.269031+00:00,0,A
TX11966,USR_1105,ACC_2105,44.71,USD,P2P,MER_255,BEN_725,DEV_678,07270622312de951,"Tokyo, JP",2026-08-28 23:00:06.269031+00:00,0,A
TX12093,USR_1080,ACC_2080,108.97,USD,ACH,MER_288,BEN_507,DEV_244,483e41a558764e8a,"Sydney, AU",2026-08-28 23:02:06.269031+00:00,0,A
TX11347,USR_1299,ACC_2299,75.62,USD,ACH,MER_109,BEN_754,DEV_570,99545487af393e67,"New York, US",2026-08-28 23:03:06.269031+00:00,0,A
TX11674,USR_1253,ACC_2253,76.61,USD,ACH,MER_262,BEN_790,DEV_281,45f4a1d19d86b658,"Toronto, CA",2026-08-28 23:03:06.269031+00:00,0,A
TX11783,USR_1097,ACC_2097,19.1,USD,P2P,MER_239,BEN_952,DEV_478,900cbd71f690a490,"Toronto, CA",2026-08-28 23:04:06.269031+00:00,0,A
TX13439,USR_1228,ACC_2228,110.7,USD,WIRE,MER_271,BEN_894,DEV_270,50966cad90e19486,"Tokyo, JP",2026-08-28 23:07:06.269031+00:00,0,A
TX11810,USR_1141,ACC_2141,79.8,USD,WIRE,MER_358,BEN_983,DEV_627,c2490af88173eb58,"New York, US",2026-08-28 23:08:06.269031+00:00,0,A
TX11264,USR_1297,ACC_2297,21.71,USD,ACH,MER_358,BEN_929,DEV_543,7aa269778c11feae,"Tokyo, JP",2026-08-28 23:09:06.269031+00:00,0,A
TX13549,USR_1197,ACC_2197,111.16,USD,WIRE,MER_122,BEN_555,DEV_656,c5d9afcc6e182623,"Toronto, CA",2026-08-28 23:10:06.269031+00:00,0,A
TX10999,USR_1205,ACC_2205,82.27,USD,CARD,MER_394,BEN_698,DEV_420,17a963387deb159b,"London, UK",2026-08-28 23:12:06.269031+00:00,0,A
TX11717,USR_1085,ACC_2085,102.72,USD,ACH,MER_383,BEN_535,DEV_905,d15e8c587f1dd67a,"Toronto, CA",2026-08-28 23:13:06.269031+00:00,0,A
TX12560,USR_1030,ACC_2030,180.86,USD,WIRE,MER_216,BEN_946,DEV_993,a24862cb3a0ddabd,"Sydney, AU",2026-08-28 23:21:06.269031+00:00,0,A
TX10671,USR_1074,ACC_2074,391.68,USD,CARD,MER_173,BEN_CAR_DEALER_139,DEV_UPGRADE_3537,cce06b3c7fc49509,"London, UK",2026-08-28 23:23:06.269031+00:00,0,E
TX10883,USR_1291,ACC_2291,129.17,USD,WIRE,MER_352,BEN_843,DEV_804,73383021c91189cd,"New York, US",2026-08-28 23:23:06.269031+00:00,0,A
TX11163,USR_1079,ACC_2079,108.03,USD,WIRE,MER_158,BEN_967,DEV_305,03e70a2d37a6fbd7,"Tokyo, JP",2026-08-28 23:27:06.269031+00:00,0,A
TX11612,USR_1285,ACC_2285,103.39,USD,ACH,MER_248,BEN_921,DEV_232,647fdc8c126a42c4,"London, UK",2026-08-28 23:29:06.269031+00:00,0,A
TX14896,USR_1229,ACC_2229,5.0,USD,P2P,MER_390,BEN_528,DEV_369,07ada08765729ec2,"New York, US",2026-08-28 23:32:06.269031+00:00,0,A
TX14239,USR_1092,ACC_2092,5.0,USD,WIRE,MER_387,BEN_784,DEV_195,db390d7c153b30d4,"Tokyo, JP",2026-08-28 23:39:06.269031+00:00,0,A
TX13899,USR_1247,ACC_2247,5.0,USD,CARD,MER_212,BEN_636,DEV_885,ed62994153dcc26c,"London, UK",2026-08-28 23:47:06.269031+00:00,0,A
TX10527,USR_1014,ACC_2014,5814.6,USD,P2P,MER_130,BEN_RING_777,DEV_RING_999,fd5dc3897b156800,"Toronto, CA",2026-08-28 23:50:06.269031+00:00,1,D
TX11775,USR_1170,ACC_2170,122.01,USD,CARD,MER_264,BEN_844,DEV_615,6d3f2c0efed53fd2,"Toronto, CA",2026-08-29 00:02:06.269031+00:00,0,A
TX11702,USR_1066,ACC_2066,52.35,USD,ACH,MER_336,BEN_782,DEV_745,722c81b0c225405a,"London, UK",2026-08-29 00:04:06.269031+00:00,0,A
TX14155,USR_1225,ACC_2225,146.71,USD,WIRE,MER_361,BEN_658,DEV_818,096ece57ca1c0963,"Toronto, CA",2026-08-29 00:06:06.269031+00:00,0,A
TX12129,USR_1193,ACC_2193,189.8,USD,ACH,MER_202,BEN_653,DEV_550,e4ba75bf79fdcb04,"Toronto, CA",2026-08-29 00:06:06.269031+00:00,0,A
TX12993,USR_1122,ACC_2122,67.59,USD,CARD,MER_118,BEN_823,DEV_145,f5a9eef8abf31c92,"London, UK",2026-08-29 00:07:06.269031+00:00,0,A
TX12738,USR_1226,ACC_2226,106.02,USD,P2P,MER_129,BEN_857,DEV_500,0a8af8981c081dfa,"New York, US",2026-08-29 00:08:06.269031+00:00,0,A
TX11796,USR_1169,ACC_2169,85.81,USD,CARD,MER_324,BEN_705,DEV_708,3e8b39ef9a3b81ca,"New York, US",2026-08-29 00:13:06.269031+00:00,0,A
TX10677,USR_1185,ACC_2185,177.32,USD,WIRE,MER_108,BEN_975,DEV_147,f8fadad8ba4fa2c6,"Toronto, CA",2026-08-29 00:15:06.269031+00:00,0,A
TX12719,USR_1067,ACC_2067,51.95,USD,CARD,MER_296,BEN_741,DEV_610,f80d4ec22628293a,"Tokyo, JP",2026-08-29 00:17:06.269031+00:00,0,A
TX12189,USR_1211,ACC_2211,278.8,USD,CARD,MER_372,BEN_679,DEV_NEW_2268,83c17ff4daf45ecd,"London, UK",2026-08-29 00:17:06.269031+00:00,0,B
TX12647,USR_1216,ACC_2216,95.74,USD,P2P,MER_203,BEN_500,DEV_741,119ef96e716612dc,"New York, US",2026-08-29 00:17:06.269031+00:00,0,A
TX13060,USR_1114,ACC_2114,913.46,USD,WIRE,MER_170,BEN_757,DEV_NEW_3680,a96525fe39fe5020,"Sydney, AU",2026-08-29 00:24:06.269031+00:00,0,B
TX12957,USR_1250,ACC_2250,58.3,USD,P2P,MER_400,BEN_590,DEV_439,8bc5ca6f1c58f90a,"London, UK",2026-08-29 00:34:06.269031+00:00,0,A
TX12181,USR_1029,ACC_2029,83.25,USD,P2P,MER_181,BEN_877,DEV_985,c7e3f1b326ee84a0,"London, UK",2026-08-29 00:36:06.269031+00:00,0,A
TX10841,USR_1054,ACC_2054,63.22,USD,P2P,MER_254,BEN_926,DEV_321,99ea77d9ff8fe312,"Toronto, CA",2026-08-29 00:38:06.269031+00:00,0,A
TX11486,USR_1096,ACC_2096,223.71,USD,CARD,MER_332,BEN_771,DEV_679,2de281d9b2a90870,"New York, US",2026-08-29 00:40:06.269031+00:00,0,A
TX12679,USR_1158,ACC_2158,21.56,USD,CARD,MER_194,BEN_842,DEV_279,992c28be99efb351,"Sydney, AU",2026-08-29 00:41:06.269031+00:00,0,A
TX14918,USR_1229,ACC_2229,49.76,USD,ACH,MER_390,BEN_755,DEV_369,07ada08765729ec2,"New York, US",2026-08-29 00:42:06.269031+00:00,0,A
TX12000,USR_1155,ACC_2155,834.22,USD,WIRE,MER_190,BEN_971,DEV_NEW_2579,ce61f694417a43be,"Toronto, CA",2026-08-29 00:43:06.269031+00:00,1,B
TX11922,USR_1189,ACC_2189,75.45,USD,CARD,MER_144,BEN_889,DEV_424,a15c24663e9716f9,"Tokyo, JP",2026-08-29 00:47:06.269031+00:00,0,A
TX13051,USR_1207,ACC_2207,49.62,USD,ACH,MER_389,BEN_709,DEV_596,ba65fed7c7170164,"Toronto, CA",2026-08-29 00:49:06.269031+00:00,0,A
TX10301,USR_1032,ACC_2032,154.96,USD,WIRE,MER_122,BEN_697,DEV_139,45bbc125bb9f3fa7,"Tokyo, JP",2026-08-29 00:50:06.269031+00:00,0,A
TX12463,USR_1155,ACC_2155,1785.9,USD,WIRE,MER_313,BEN_NEW_9283,DEV_ATO_8054,80c515e5e36126fa,Unknown / Proxy IP,2026-08-29 00:54:06.269031+00:00,1,C
TX12110,USR_1166,ACC_2166,126.95,USD,P2P,MER_191,BEN_940,DEV_990,c8ad27d26d0d4858,"Toronto, CA",2026-08-29 00:54:06.269031+00:00,0,A
TX11601,USR_1133,ACC_2133,6.13,USD,WIRE,MER_338,BEN_564,DEV_836,9e158f3b51d224a0,"Sydney, AU",2026-08-29 00:55:06.269031+00:00,0,A
TX13064,USR_1103,ACC_2103,16.78,USD,CARD,MER_278,BEN_898,DEV_505,bebb722f73a4cf21,"London, UK",2026-08-29 00:55:06.269031+00:00,0,A
TX11639,USR_1157,ACC_2157,423.14,USD,CARD,MER_107,BEN_831,DEV_NEW_3825,aafc24df024560d9,"New York, US",2026-08-29 00:56:06.269031+00:00,1,B
TX12271,USR_1134,ACC_2134,176.38,USD,P2P,MER_321,BEN_566,DEV_999,8fa3e619e9acd6ae,"Toronto, CA",2026-08-29 00:58:06.269031+00:00,0,A
TX11852,USR_1188,ACC_2188,13.73,USD,CARD,MER_142,BEN_908,DEV_542,4dc54b085bc7cf37,"New York, US",2026-08-29 00:59:06.269031+00:00,0,A
TX12629,USR_1070,ACC_2070,44.51,USD,CARD,MER_353,BEN_577,DEV_425,34aa4d9d426ce603,"Sydney, AU",2026-08-29 01:01:06.269031+00:00,0,A
TX11624,USR_1175,ACC_2175,50.24,USD,P2P,MER_303,BEN_624,DEV_115,2f1a03b6b66eb09f,"New York, US",2026-08-29 01:03:06.269031+00:00,0,A
TX11326,USR_1151,ACC_2151,194.92,USD,WIRE,MER_248,BEN_846,DEV_424,c1de55ccf4ebef4d,"Tokyo, JP",2026-08-29 01:03:06.269031+00:00,0,A
TX14851,USR_1233,ACC_2233,48.95,USD,P2P,MER_225,BEN_737,DEV_666,7a77d66cbd8271ef,"Tokyo, JP",2026-08-29 01:04:06.269031+00:00,0,A
TX12486,USR_1184,ACC_2184,136.72,USD,P2P,MER_121,BEN_770,DEV_184,4a1afa885aeef4cc,"Tokyo, JP",2026-08-29 01:07:06.269031+00:00,0,A
TX11882,USR_1173,ACC_2173,112.8,USD,P2P,MER_126,BEN_730,DEV_642,643840ebe753d743,"London, UK",2026-08-29 01:11:06.269031+00:00,0,A
TX13245,USR_1184,ACC_2184,306.21,USD,WIRE,MER_390,BEN_NEW_9222,DEV_ATO_9617,c3c2ee69c2e7abbc,Unknown / Proxy IP,2026-08-29 01:17:06.269031+00:00,1,C
TX11020,USR_1145,ACC_2145,60.57,USD,P2P,MER_267,BEN_957,DEV_830,c615bf10c0f6ef80,"Sydney, AU",2026-08-29 01:18:06.269031+00:00,0,A
TX11556,USR_1178,ACC_2178,108.94,USD,ACH,MER_231,BEN_850,DEV_437,7a1f096984df4b45,"London, UK",2026-08-29 01:23:06.269031+00:00,0,A
TX12778,USR_1041,ACC_2041,65.5,USD,P2P,MER_394,BEN_963,DEV_517,7f20688d205e30a1,"London, UK",2026-08-29 01:24:06.269031+00:00,0,A
TX14484,USR_1220,ACC_2220,161.7,USD,CARD,MER_211,BEN_815,DEV_724,72d96e413d4e06fb,"London, UK",2026-08-29 01:25:06.269031+00:00,0,A
TX11583,USR_1196,ACC_2196,37.9,USD,CARD,MER_359,BEN_806,DEV_358,f56b9b8e7db62522,"Sydney, AU",2026-08-29 01:25:06.269031+00:00,0,A
TX13095,USR_1114,ACC_2114,116.94,USD,ACH,MER_370,BEN_695,DEV_298,a96525fe39fe5020,"Sydney, AU",2026-08-29 01:27:06.269031+00:00,0,A
TX12845,USR_1077,ACC_2077,87.06,USD,ACH,MER_212,BEN_646,DEV_679,e3a313e033bb8984,"New York, US",2026-08-29 01:31:06.269031+00:00,0,A
TX12025,USR_1263,ACC_2263,45.63,USD,WIRE,MER_392,BEN_937,DEV_803,5b50cb1181290aec,"London, UK",2026-08-29 01:33:06.269031+00:00,0,A
TX11017,USR_1292,ACC_2292,36.83,USD,P2P,MER_260,BEN_737,DEV_840,f30808d48ce3f5f0,"London, UK",2026-08-29 01:33:06.269031+00:00,0,A
TX11954,USR_1268,ACC_2268,117.21,USD,ACH,MER_110,BEN_743,DEV_505,5580895259e008e5,"London, UK",2026-08-29 01:44:06.269031+00:00,0,A
TX12476,USR_1106,ACC_2106,489.72,USD,P2P,MER_397,BEN_830,DEV_NEW_1264,0c68f51756e95452,"Tokyo, JP",2026-08-29 01:45:06.269031+00:00,0,B
TX12931,USR_1087,ACC_2087,5.0,USD,WIRE,MER_132,BEN_564,DEV_908,8a702229afb09dbe,"London, UK",2026-08-29 01:46:06.269031+00:00,0,A
TX13587,USR_1194,ACC_2194,53.31,USD,CARD,MER_158,BEN_666,DEV_852,9f8604cb7e467670,"Toronto, CA",2026-08-29 01:46:06.269031+00:00,0,A
TX13242,USR_1149,ACC_2149,206.22,USD,WIRE,MER_344,BEN_839,DEV_993,57b0a61cd52ff9e0,"London, UK",2026-08-29 01:47:06.269031+00:00,0,A
TX11233,USR_1076,ACC_2076,30.23,USD,WIRE,MER_394,BEN_792,DEV_806,af0d92457cc9a553,"Sydney, AU",2026-08-29 01:48:06.269031+00:00,0,A
TX11382,USR_1120,ACC_2120,190.92,USD,P2P,MER_378,BEN_768,DEV_729,6e6312055dcf2184,"London, UK",2026-08-29 01:48:06.269031+00:00,0,A
TX11426,USR_1162,ACC_2162,111.62,USD,ACH,MER_159,BEN_793,DEV_179,085f174413030ecf,"Toronto, CA",2026-08-29 01:52:06.269031+00:00,0,A
TX13142,USR_1126,ACC_2126,100.46,USD,CARD,MER_121,BEN_585,DEV_181,7e948913ca4ff0f9,"Sydney, AU",2026-08-29 01:53:06.269031+00:00,0,A
TX11474,USR_1299,ACC_2299,51.15,USD,CARD,MER_152,BEN_754,DEV_570,8bdd36f5ed2bd26b,"New York, US",2026-08-29 01:54:06.269031+00:00,0,A
TX11059,USR_1109,ACC_2109,64.59,USD,WIRE,MER_141,BEN_993,DEV_167,bdf9188e7358c140,"Tokyo, JP",2026-08-29 01:56:06.269031+00:00,0,A
TX11324,USR_1165,ACC_2165,168.78,USD,ACH,MER_315,BEN_709,DEV_654,1c8f363bdf87e8ad,"Sydney, AU",2026-08-29 01:58:06.269031+00:00,0,A
TX13021,USR_1135,ACC_2135,59.91,USD,WIRE,MER_228,BEN_958,DEV_411,1f75cdd633f3da73,"London, UK",2026-08-29 01:58:06.269031+00:00,0,A
TX13311,USR_1153,ACC_2153,36.15,USD,ACH,MER_151,BEN_826,DEV_730,ba2e33cde981ff14,"New York, US",2026-08-29 01:59:06.269031+00:00,0,A
TX12027,USR_1026,ACC_2026,90.91,USD,ACH,MER_182,BEN_634,DEV_749,4e21fe86b4614f9c,"New York, US",2026-08-29 02:00:06.269031+00:00,0,A
TX13831,USR_1194,ACC_2194,664.5,USD,WIRE,MER_301,BEN_NEW_8972,DEV_ATO_9871,bd6656dbde0c2817,Unknown / Proxy IP,2026-08-29 02:00:06.269031+00:00,1,C
TX13218,USR_1045,ACC_2045,136.09,USD,ACH,MER_202,BEN_899,DEV_867,51a85a28c34ed363,"London, UK",2026-08-29 02:02:06.269031+00:00,0,A
TX11563,USR_1120,ACC_2120,2939.65,USD,WIRE,MER_378,BEN_NEW_8925,DEV_ATO_6529,26a45e33bab16e31,Unknown / Proxy IP,2026-08-29 02:03:06.269031+00:00,1,C
TX11947,USR_1125,ACC_2125,5.0,USD,ACH,MER_379,BEN_542,DEV_608,3bd97ae68c3711b6,"Toronto, CA",2026-08-29 02:05:06.269031+00:00,0,A
TX11525,USR_1060,ACC_2060,108.64,USD,P2P,MER_184,BEN_530,DEV_535,204afa4b255ccaef,"London, UK",2026-08-29 02:07:06.269031+00:00,0,A
TX11697,USR_1152,ACC_2152,161.5,USD,WIRE,MER_238,BEN_882,DEV_394,145d8ecfad10b8a6,"Sydney, AU",2026-08-29 02:08:06.269031+00:00,0,A
TX11302,USR_1079,ACC_2079,103.78,USD,ACH,MER_158,BEN_967,DEV_279,03e70a2d37a6fbd7,"Tokyo, JP",2026-08-29 02:09:06.269031+00:00,0,A
TX11018,USR_1271,ACC_2271,119.96,USD,WIRE,MER_227,BEN_948,DEV_899,bcd2c88a9c3ee93c,"New York, US",2026-08-29 02:12:06.269031+00:00,0,A
TX13243,USR_1176,ACC_2176,44.03,USD,P2P,MER_150,BEN_951,DEV_489,922b57721fe4262e,"Tokyo, JP",2026-08-29 02:14:06.269031+00:00,0,A
TX11442,USR_1143,ACC_2143,255.54,USD,P2P,MER_381,BEN_730,DEV_146,4ae101e33ed41f66,"Tokyo, JP",2026-08-29 02:15:06.269031+00:00,0,A
TX13144,USR_1103,ACC_2103,43.33,USD,P2P,MER_278,BEN_898,DEV_505,3bd6c9e1e86aa4e1,"London, UK",2026-08-29 02:15:06.269031+00:00,0,A
TX10965,USR_1241,ACC_2241,60.27,USD,P2P,MER_398,BEN_566,DEV_923,fbd7d4ee4caf9386,"New York, US",2026-08-29 02:17:06.269031+00:00,0,A
TX13437,USR_1296,ACC_2296,65.08,USD,CARD,MER_368,BEN_860,DEV_215,56dc5c0a9d1e223b,"Tokyo, JP",2026-08-29 02:20:06.269031+00:00,0,A
TX11462,USR_1104,ACC_2104,215.82,USD,WIRE,MER_352,BEN_631,DEV_844,66e643e8a810cdda,"New York, US",2026-08-29 02:22:06.269031+00:00,0,A
TX11239,USR_1159,ACC_2159,12.29,USD,P2P,MER_131,BEN_654,DEV_106,9be4689c28b9a2b0,"Tokyo, JP",2026-08-29 02:25:06.269031+00:00,0,A
TX11551,USR_1251,ACC_2251,68.82,USD,P2P,MER_400,BEN_860,DEV_892,1967d4b96d6bf678,"Tokyo, JP",2026-08-29 02:28:06.269031+00:00,0,A
TX13396,USR_1184,ACC_2184,131.6,USD,CARD,MER_121,BEN_958,DEV_184,4a1afa885aeef4cc,"Tokyo, JP",2026-08-29 02:29:06.269031+00:00,0,A
TX11703,USR_1171,ACC_2171,53.98,USD,WIRE,MER_353,BEN_820,DEV_523,5e3e0fd56beb0b68,"Toronto, CA",2026-08-29 02:31:06.269031+00:00,0,A
TX12477,USR_1036,ACC_2036,109.23,USD,ACH,MER_225,BEN_601,DEV_779,84da049c89fa3fcd,"London, UK",2026-08-29 02:36:06.269031+00:00,0,A
TX11109,USR_1218,ACC_2218,159.4,USD,CARD,MER_136,BEN_504,DEV_318,d7226c000046452f,"London, UK",2026-08-29 02:42:06.269031+00:00,0,A
TX11185,USR_1102,ACC_2102,149.05,USD,CARD,MER_305,BEN_932,DEV_920,602b92e5b010fe1b,"Tokyo, JP",2026-08-29 02:42:06.269031+00:00,0,A
TX12496,USR_1036,ACC_2036,842.51,USD,WIRE,MER_123,BEN_NEW_9963,DEV_ATO_6512,6de3d5cb9d7b30f5,Unknown / Proxy IP,2026-08-29 02:42:06.269031+00:00,1,C
TX12120,USR_1012,ACC_2012,131.69,USD,CARD,MER_235,BEN_565,DEV_187,a36b945469e26e05,"Toronto, CA",2026-08-29 02:43:06.269031+00:00,0,A
TX11915,USR_1154,ACC_2154,654.96,USD,WIRE,MER_344,BEN_CAR_DEALER_120,DEV_UPGRADE_3167,369cfc7051bf1120,"London, UK",2026-08-29 02:46:06.269031+00:00,0,E
TX13851,USR_1194,ACC_2194,39.02,USD,CARD,MER_286,BEN_666,DEV_398,dfece048aff84a9e,"Toronto, CA",2026-08-29 02:47:06.269031+00:00,0,A
TX12166,USR_1009,ACC_2009,20.24,USD,WIRE,MER_274,BEN_953,DEV_357,f95917160c8c9e2a,"New York, US",2026-08-29 02:49:06.269031+00:00,0,A
TX12429,USR_1141,ACC_2141,97.35,USD,P2P,MER_334,BEN_983,DEV_627,c2490af88173eb58,"New York, US",2026-08-29 02:50:06.269031+00:00,0,A
TX11091,USR_1043,ACC_2043,126.91,USD,P2P,MER_319,BEN_964,DEV_269,ddb6fca6c2d4c785,"Toronto, CA",2026-08-29 02:54:06.269031+00:00,0,A
TX12221,USR_1025,ACC_2025,214.07,USD,P2P,MER_228,BEN_936,DEV_378,2488659b8d6070e6,"Tokyo, JP",2026-08-29 02:54:06.269031+00:00,0,A
TX10235,USR_1003,ACC_2003,120.13,USD,P2P,MER_140,BEN_972,DEV_452,24ab4f9b83590934,"Sydney, AU",2026-08-29 02:58:06.269031+00:00,0,A
TX11571,USR_1294,ACC_2294,139.4,USD,P2P,MER_315,BEN_733,DEV_481,cb3af032c68139db,"Sydney, AU",2026-08-29 02:58:06.269031+00:00,0,A
TX12364,USR_1078,ACC_2078,126.06,USD,P2P,MER_286,BEN_725,DEV_743,0fb9c57e09bf3897,"New York, US",2026-08-29 03:02:06.269031+00:00,0,A
TX10897,USR_1185,ACC_2185,1074.73,USD,WIRE,MER_173,BEN_591,DEV_NEW_8355,f8fadad8ba4fa2c6,"Toronto, CA",2026-08-29 03:03:06.269031+00:00,1,B
TX12079,USR_1027,ACC_2027,179.59,USD,ACH,MER_175,BEN_689,DEV_214,1c63c3c47526e1d4,"London, UK",2026-08-29 03:04:06.269031+00:00,0,A
TX10915,USR_1019,ACC_2019,487.92,USD,CARD,MER_260,BEN_651,DEV_NEW_1130,169234b0f36be910,"Toronto, CA",2026-08-29 03:05:06.269031+00:00,0,B
TX11294,USR_1244,ACC_2244,79.52,USD,CARD,MER_131,BEN_831,DEV_556,95af57c5afaf0f11,"Toronto, CA",2026-08-29 03:06:06.269031+00:00,0,A
TX11965,USR_1221,ACC_2221,41.87,USD,P2P,MER_245,BEN_571,DEV_703,2ba65b50195c3319,"Sydney, AU",2026-08-29 03:06:06.269031+00:00,0,A
TX12151,USR_1150,ACC_2150,68.01,USD,ACH,MER_215,BEN_642,DEV_645,ef6f595e325406c8,"Tokyo, JP",2026-08-29 03:06:06.269031+00:00,0,A
TX12210,USR_1137,ACC_2137,209.71,USD,CARD,MER_115,BEN_833,DEV_183,164f8d9a21be4783,"Toronto, CA",2026-08-29 03:07:06.269031+00:00,0,A
TX12569,USR_1168,ACC_2168,171.04,USD,WIRE,MER_314,BEN_838,DEV_454,75dc671fb1371347,"New York, US",2026-08-29 03:12:06.269031+00:00,0,A
TX13896,USR_1149,ACC_2149,199.34,USD,P2P,MER_188,BEN_787,DEV_968,57b0a61cd52ff9e0,"London, UK",2026-08-29 03:12:06.269031+00:00,0,A
TX13091,USR_1179,ACC_2179,33.87,USD,CARD,MER_170,BEN_517,DEV_243,adb4f2be356e2898,"Toronto, CA",2026-08-29 03:14:06.269031+00:00,0,A
TX11807,USR_1190,ACC_2190,43.8,USD,CARD,MER_224,BEN_506,DEV_126,3862c4777cb683d4,"Toronto, CA",2026-08-29 03:14:06.269031+00:00,0,A
TX12204,USR_1098,ACC_2098,229.49,USD,ACH,MER_320,BEN_886,DEV_777,52fe8baed4ca9e50,"Tokyo, JP",2026-08-29 03:17:06.269031+00:00,0,A
TX11433,USR_1210,ACC_2210,139.38,USD,WIRE,MER_207,BEN_724,DEV_404,63a4bbc201560ce0,"Tokyo, JP",2026-08-29 03:17:06.269031+00:00,0,A
TX12594,USR_1115,ACC_2115,173.77,USD,P2P,MER_182,BEN_645,DEV_153,4d8f3a7ab28f30b0,"New York, US",2026-08-29 03:18:06.269031+00:00,0,A
TX12251,USR_1219,ACC_2219,79.28,USD,ACH,MER_371,BEN_570,DEV_492,cdbc196f2eb61754,"New York, US",2026-08-29 03:19:06.269031+00:00,0,A
TX12260,USR_1212,ACC_2212,70.43,USD,ACH,MER_164,BEN_992,DEV_686,ecfbae456439a3ec,"New York, US",2026-08-29 03:19:06.269031+00:00,0,A
TX12134,USR_1270,ACC_2270,222.49,USD,WIRE,MER_306,BEN_905,DEV_552,3631663658218087,"Sydney, AU",2026-08-29 03:20:06.269031+00:00,0,A
TX11336,USR_1001,ACC_2001,8340.37,USD,P2P,MER_329,BEN_RING_777,DEV_RING_999,fd5dc3897b156800,"Toronto, CA",2026-08-29 03:24:06.269031+00:00,1,D
TX11034,USR_1261,ACC_2261,5.0,USD,P2P,MER_237,BEN_634,DEV_289,4d4cf90ee85528e0,"Sydney, AU",2026-08-29 03:26:06.269031+00:00,0,A
TX11630,USR_1000,ACC_2000,98.19,USD,WIRE,MER_144,BEN_879,DEV_125,848df14feec37bf9,"London, UK",2026-08-29 03:26:06.269031+00:00,0,A
TX10926,USR_1023,ACC_2023,112.14,USD,P2P,MER_324,BEN_535,DEV_175,549711726c0cadf1,"London, UK",2026-08-29 03:27:06.269031+00:00,0,A
TX11392,USR_1079,ACC_2079,97.31,USD,CARD,MER_346,BEN_925,DEV_279,03e70a2d37a6fbd7,"Tokyo, JP",2026-08-29 03:29:06.269031+00:00,0,A
TX11828,USR_1097,ACC_2097,96.87,USD,ACH,MER_141,BEN_952,DEV_478,50903041fbb7424c,"Toronto, CA",2026-08-29 03:34:06.269031+00:00,0,A
TX13807,USR_1224,ACC_2224,156.14,USD,CARD,MER_359,BEN_530,DEV_174,1db1632945fdf4fb,"Tokyo, JP",2026-08-29 03:35:06.269031+00:00,0,A
TX10373,USR_1128,ACC_2128,90.08,USD,P2P,MER_287,BEN_689,DEV_470,899e2fbba4cdd118,"London, UK",2026-08-29 03:35:06.269031+00:00,0,A
TX12787,USR_1108,ACC_2108,136.06,USD,CARD,MER_273,BEN_969,DEV_140,63da350cf0be46c5,"Sydney, AU",2026-08-29 03:36:06.269031+00:00,0,A
TX13727,USR_1087,ACC_2087,57.02,USD,ACH,MER_329,BEN_879,DEV_907,3b86210ba12aac66,"London, UK",2026-08-29 03:40:06.269031+00:00,0,A
TX14088,USR_1224,ACC_2224,80.78,USD,CARD,MER_312,BEN_972,DEV_888,1db1632945fdf4fb,"Tokyo, JP",2026-08-29 03:41:06.269031+00:00,0,A
TX12813,USR_1036,ACC_2036,95.2,USD,ACH,MER_225,BEN_575,DEV_779,cea311fcad472a9b,"London, UK",2026-08-29 03:42:06.269031+00:00,0,A
TX14368,USR_1055,ACC_2055,141.96,USD,CARD,MER_245,BEN_885,DEV_380,41be1af591f90cd7,"Tokyo, JP",2026-08-29 03:47:06.269031+00:00,0,A
TX12840,USR_1072,ACC_2072,108.84,USD,P2P,MER_220,BEN_820,DEV_738,ee002e7632564a9f,"Tokyo, JP",2026-08-29 03:47:06.269031+00:00,0,A
TX11864,USR_1283,ACC_2283,200.48,USD,ACH,MER_319,BEN_722,DEV_690,b52082bae5419f55,"New York, US",2026-08-29 03:48:06.269031+00:00,0,A
TX11014,USR_1147,ACC_2147,33.86,USD,P2P,MER_175,BEN_526,DEV_711,cc2140b5d86ce2fc,"Toronto, CA",2026-08-29 03:53:06.269031+00:00,0,A
TX12677,USR_1163,ACC_2163,446.56,USD,ACH,MER_129,BEN_CAR_DEALER_107,DEV_UPGRADE_3059,09344d7a13118986,"Toronto, CA",2026-08-29 03:57:06.269031+00:00,0,E
TX12208,USR_1083,ACC_2083,164.88,USD,ACH,MER_327,BEN_708,DEV_860,175fedd283ce6476,"New York, US",2026-08-29 03:58:06.269031+00:00,0,A
TX11321,USR_1274,ACC_2274,16.86,USD,WIRE,MER_167,BEN_899,DEV_762,383262a527cc1403,"Sydney, AU",2026-08-29 03:58:06.269031+00:00,0,A
TX12446,USR_1024,ACC_2024,129.0,USD,ACH,MER_235,BEN_980,DEV_726,c7a29d5a635cc9d9,"Toronto, CA",2026-08-29 04:01:06.269031+00:00,0,A
TX11022,USR_1081,ACC_2081,108.11,USD,P2P,MER_213,BEN_741,DEV_490,2aad58fdf2327f88,"New York, US",2026-08-29 04:06:06.269031+00:00,0,A
TX11421,USR_1282,ACC_2282,110.08,USD,CARD,MER_207,BEN_670,DEV_423,d3d65ee8b2408bc7,"New York, US",2026-08-29 04:07:06.269031+00:00,0,A
TX11846,USR_1085,ACC_2085,63.98,USD,CARD,MER_383,BEN_924,DEV_905,d15e8c587f1dd67a,"Toronto, CA",2026-08-29 04:08:06.269031+00:00,0,A
TX11287,USR_1057,ACC_2057,76.32,USD,CARD,MER_256,BEN_897,DEV_187,c45d5c6c769f2b69,"Toronto, CA",2026-08-29 04:10:06.269031+00:00,0,A
TX13226,USR_1053,ACC_2053,66.29,USD,WIRE,MER_261,BEN_869,DEV_663,b6ccfe2c28a47580,"Tokyo, JP",2026-08-29 04:14:06.269031+00:00,0,A
TX14020,USR_1119,ACC_2119,131.29,USD,WIRE,MER_249,BEN_763,DEV_213,9c57e81541391015,"Toronto, CA",2026-08-29 04:17:06.269031+00:00,0,A
TX11514,USR_1093,ACC_2093,90.87,USD,CARD,MER_179,BEN_553,DEV_781,fa54c7e2e8ed5049,"New York, US",2026-08-29 04:18:06.269031+00:00,0,A
TX12508,USR_1298,ACC_2298,165.84,USD,ACH,MER_306,BEN_759,DEV_269,0fd111a4a145066f,"London, UK",2026-08-29 04:18:06.269031+00:00,0,A
TX11591,USR_1162,ACC_2162,143.25,USD,ACH,MER_184,BEN_774,DEV_677,93b1c2216db49997,"Toronto, CA",2026-08-29 04:18:06.269031+00:00,0,A
TX11709,USR_1088,ACC_2088,102.73,USD,WIRE,MER_115,BEN_872,DEV_707,bb2cb8fd7aba67e8,"Toronto, CA",2026-08-29 04:19:06.269031+00:00,0,A
TX12337,USR_1173,ACC_2173,89.62,USD,P2P,MER_374,BEN_730,DEV_670,643840ebe753d743,"London, UK",2026-08-29 04:21:06.269031+00:00,0,A
TX12413,USR_1089,ACC_2089,31.89,USD,WIRE,MER_133,BEN_960,DEV_511,c9dca1b44f1121b5,"Sydney, AU",2026-08-29 04:22:06.269031+00:00,0,A
TX13007,USR_1211,ACC_2211,86.49,USD,CARD,MER_372,BEN_791,DEV_730,83c17ff4daf45ecd,"London, UK",2026-08-29 04:22:06.269031+00:00,0,A
TX12859,USR_1041,ACC_2041,145.57,USD,CARD,MER_294,BEN_984,DEV_517,7f20688d205e30a1,"London, UK",2026-08-29 04:26:06.269031+00:00,0,A
TX12241,USR_1111,ACC_2111,51.74,USD,WIRE,MER_215,BEN_985,DEV_470,dc65b42e8044fcc4,"London, UK",2026-08-29 04:29:06.269031+00:00,0,A
TX12264,USR_1219,ACC_2219,45.34,USD,WIRE,MER_295,BEN_951,DEV_492,cdbc196f2eb61754,"New York, US",2026-08-29 04:32:06.269031+00:00,0,A
TX11951,USR_1088,ACC_2088,1503.65,USD,WIRE,MER_334,BEN_NEW_9022,DEV_ATO_8567,4d0f3f821eb4d680,Unknown / Proxy IP,2026-08-29 04:32:06.269031+00:00,1,C
TX11606,USR_1299,ACC_2299,25.46,USD,WIRE,MER_152,BEN_881,DEV_570,99545487af393e67,"New York, US",2026-08-29 04:33:06.269031+00:00,0,A
TX12666,USR_1168,ACC_2168,166.67,USD,CARD,MER_314,BEN_914,DEV_258,75dc671fb1371347,"New York, US",2026-08-29 04:33:06.269031+00:00,0,A
TX11940,USR_1085,ACC_2085,83.97,USD,WIRE,MER_219,BEN_891,DEV_905,df3739cee9a7f836,"Toronto, CA",2026-08-29 04:34:06.269031+00:00,0,A
TX13883,USR_1264,ACC_2264,10.57,USD,P2P,MER_140,BEN_598,DEV_223,9df8a95ed3de918a,"London, UK",2026-08-29 04:37:06.269031+00:00,0,A
TX14007,USR_1247,ACC_2247,74.56,USD,ACH,MER_128,BEN_773,DEV_885,ed62994153dcc26c,"London, UK",2026-08-29 04:40:06.269031+00:00,0,A
TX10627,USR_1227,ACC_2227,28.86,USD,CARD,MER_170,BEN_506,DEV_564,d402ea784b1d456b,"London, UK",2026-08-29 04:42:06.269031+00:00,0,A
TX13184,USR_1183,ACC_2183,126.79,USD,WIRE,MER_343,BEN_707,DEV_800,73e4ace72d513ef6,"New York, US",2026-08-29 04:43:06.269031+00:00,0,A
TX13934,USR_1215,ACC_2215,53.83,USD,ACH,MER_124,BEN_795,DEV_323,9d3410d1f125e1df,"Tokyo, JP",2026-08-29 04:46:06.269031+00:00,0,A
TX12523,USR_1085,ACC_2085,149.96,USD,CARD,MER_400,BEN_891,DEV_905,df3739cee9a7f836,"Toronto, CA",2026-08-29 04:47:06.269031+00:00,0,A
TX13453,USR_1240,ACC_2240,78.31,USD,ACH,MER_384,BEN_987,DEV_150,87a1a3b014960188,"London, UK",2026-08-29 04:48:06.269031+00:00,0,A
TX12471,USR_1123,ACC_2123,106.34,USD,CARD,MER_229,BEN_778,DEV_144,3c20fd93e10a2c4d,"Tokyo, JP",2026-08-29 04:49:06.269031+00:00,0,A
TX12447,USR_1118,ACC_2118,134.98,USD,WIRE,MER_334,BEN_621,DEV_119,26b6f82074f626ec,"Toronto, CA",2026-08-29 04:52:06.269031+00:00,0,A
TX14017,USR_1153,ACC_2153,75.87,USD,P2P,MER_269,BEN_826,DEV_730,ea01f47d91af8c3e,"New York, US",2026-08-29 04:55:06.269031+00:00,0,A
TX13207,USR_1183,ACC_2183,157.9,USD,WIRE,MER_293,BEN_694,DEV_947,d736971f0298770e,"New York, US",2026-08-29 05:00:06.269031+00:00,0,A
TX11337,USR_1235,ACC_2235,191.6,USD,ACH,MER_147,BEN_997,DEV_310,726bb384b3c414ca,"Sydney, AU",2026-08-29 05:00:06.269031+00:00,0,A
TX11422,USR_1217,ACC_2217,118.98,USD,CARD,MER_256,BEN_702,DEV_770,e7d64b667c42d07d,"London, UK",2026-08-29 05:01:06.269031+00:00,0,A
TX11350,USR_1095,ACC_2095,143.9,USD,P2P,MER_279,BEN_592,DEV_723,0650760e7d900a61,"Tokyo, JP",2026-08-29 05:03:06.269031+00:00,0,A
TX12688,USR_1050,ACC_2050,41.03,USD,P2P,MER_281,BEN_666,DEV_349,176a14ccea5b7c33,"Sydney, AU",2026-08-29 05:07:06.269031+00:00,0,A
TX11103,USR_1295,ACC_2295,19.06,USD,ACH,MER_114,BEN_724,DEV_964,4263555a333d9831,"Toronto, CA",2026-08-29 05:08:06.269031+00:00,0,A
TX11577,USR_1262,ACC_2262,68.84,USD,CARD,MER_216,BEN_997,DEV_254,571ce0d9dcaaae11,"New York, US",2026-08-29 05:12:06.269031+00:00,0,A
TX11820,USR_1037,ACC_2037,83.72,USD,WIRE,MER_212,BEN_852,DEV_524,9f3f7703a4677692,"Sydney, AU",2026-08-29 05:12:06.269031+00:00,0,A
TX11213,USR_1139,ACC_2139,62.34,USD,P2P,MER_154,BEN_689,DEV_420,d3d65ee8b2408bc7,"Tokyo, JP",2026-08-29 05:14:06.269031+00:00,0,A
TX12950,USR_1050,ACC_2050,746.35,USD,WIRE,MER_281,BEN_NEW_8343,DEV_ATO_5963,3b24f4cdc33e8bc7,Unknown / Proxy IP,2026-08-29 05:18:06.269031+00:00,1,C
TX12424,USR_1022,ACC_2022,84.34,USD,CARD,MER_137,BEN_653,DEV_785,3c01e3e24c52cd5e,"Sydney, AU",2026-08-29 05:24:06.269031+00:00,0,A
TX12368,USR_1154,ACC_2154,46.34,USD,ACH,MER_202,BEN_743,DEV_105,369cfc7051bf1120,"London, UK",2026-08-29 05:24:06.269031+00:00,0,A
TX10904,USR_1223,ACC_2223,234.89,USD,P2P,MER_315,BEN_662,DEV_753,cbc3291fb0da28bd,"New York, US",2026-08-29 05:25:06.269031+00:00,0,A
TX11909,USR_1043,ACC_2043,69.05,USD,ACH,MER_169,BEN_701,DEV_841,a13bd63118e22736,"Toronto, CA",2026-08-29 05:27:06.269031+00:00,0,A
TX14181,USR_1153,ACC_2153,71.25,USD,WIRE,MER_311,BEN_526,DEV_730,ba2e33cde981ff14,"New York, US",2026-08-29 05:29:06.269031+00:00,0,A
TX12983,USR_1082,ACC_2082,653.52,USD,WIRE,MER_298,BEN_620,DEV_NEW_2788,28af3e505676849d,"New York, US",2026-08-29 05:36:06.269031+00:00,1,B
TX13119,USR_1144,ACC_2144,63.71,USD,WIRE,MER_356,BEN_601,DEV_482,cc8bd0b7935b5734,"Tokyo, JP",2026-08-29 05:38:06.269031+00:00,0,A
TX14244,USR_1258,ACC_2258,15.65,USD,WIRE,MER_383,BEN_998,DEV_721,f1b7ece9155caeaa,"New York, US",2026-08-29 05:41:06.269031+00:00,0,A
TX12050,USR_1286,ACC_2286,8.47,USD,CARD,MER_109,BEN_985,DEV_544,971dc7574aadf36f,"Tokyo, JP",2026-08-29 05:43:06.269031+00:00,0,A
TX12381,USR_1000,ACC_2000,132.73,USD,P2P,MER_115,BEN_846,DEV_125,848df14feec37bf9,"London, UK",2026-08-29 05:44:06.269031+00:00,0,A
TX11297,USR_1048,ACC_2048,69.61,USD,P2P,MER_321,BEN_934,DEV_455,7f3a79b76518f784,"New York, US",2026-08-29 05:55:06.269031+00:00,0,A
TX13477,USR_1173,ACC_2173,92.2,USD,ACH,MER_126,BEN_730,DEV_642,c0e29ff8398c9ef4,"London, UK",2026-08-29 05:56:06.269031+00:00,0,A
TX11970,USR_1010,ACC_2010,50.72,USD,P2P,MER_178,BEN_967,DEV_261,2a4d0247acc3d44e,"Tokyo, JP",2026-08-29 05:56:06.269031+00:00,0,A
TX11824,USR_1201,ACC_2201,145.66,USD,CARD,MER_318,BEN_764,DEV_123,91e7767500f47f48,"London, UK",2026-08-29 05:58:06.269031+00:00,0,A
TX11436,USR_1023,ACC_2023,1006.73,USD,P2P,MER_245,BEN_CAR_DEALER_126,DEV_UPGRADE_3667,549711726c0cadf1,"London, UK",2026-08-29 05:59:06.269031+00:00,0,E
TX11562,USR_1279,ACC_2279,40.72,USD,P2P,MER_232,BEN_879,DEV_965,1954f8dacd6f403a,"London, UK",2026-08-29 06:02:06.269031+00:00,0,A
TX11449,USR_1156,ACC_2156,146.15,USD,WIRE,MER_245,BEN_652,DEV_866,62075f8be723f4c2,"New York, US",2026-08-29 06:06:06.269031+00:00,0,A
TX13608,USR_1199,ACC_2199,30.56,USD,ACH,MER_153,BEN_512,DEV_556,74e49e5edbd31069,"Toronto, CA",2026-08-29 06:07:06.269031+00:00,0,A
TX12198,USR_1169,ACC_2169,111.63,USD,P2P,MER_219,BEN_705,DEV_708,3f124d1fb7b436f7,"New York, US",2026-08-29 06:09:06.269031+00:00,0,A
TX11691,USR_1279,ACC_2279,767.03,USD,WIRE,MER_145,BEN_NEW_9827,DEV_ATO_8122,f2fb63a95f5422b9,Unknown / Proxy IP,2026-08-29 06:09:06.269031+00:00,1,C
TX12755,USR_1158,ACC_2158,100.25,USD,ACH,MER_148,BEN_763,DEV_279,1ec4162308d86ff4,"Sydney, AU",2026-08-29 06:13:06.269031+00:00,0,A
TX10576,USR_1127,ACC_2127,35.67,USD,ACH,MER_220,BEN_934,DEV_787,c2be3c3ecfd76072,"London, UK",2026-08-29 06:14:06.269031+00:00,0,A
TX12083,USR_1180,ACC_2180,48.28,USD,CARD,MER_349,BEN_530,DEV_169,d33c733d20cd7646,"Toronto, CA",2026-08-29 06:17:06.269031+00:00,0,A
TX12226,USR_1029,ACC_2029,75.45,USD,WIRE,MER_181,BEN_670,DEV_985,c7e3f1b326ee84a0,"London, UK",2026-08-29 06:20:06.269031+00:00,0,A
TX12203,USR_1277,ACC_2277,240.87,USD,CARD,MER_113,BEN_764,DEV_771,0776f8ca060cb5a9,"London, UK",2026-08-29 06:22:06.269031+00:00,0,A
TX13200,USR_1222,ACC_2222,169.76,USD,ACH,MER_223,BEN_830,DEV_310,0320c343468f3a66,"Sydney, AU",2026-08-29 06:23:06.269031+00:00,0,A
TX12668,USR_1239,ACC_2239,92.67,USD,P2P,MER_282,BEN_610,DEV_192,8b7c8c2ee21f71d6,"Toronto, CA",2026-08-29 06:31:06.269031+00:00,0,A
TX13383,USR_1045,ACC_2045,75.87,USD,CARD,MER_202,BEN_899,DEV_867,51a85a28c34ed363,"London, UK",2026-08-29 06:33:06.269031+00:00,0,A
TX11721,USR_1156,ACC_2156,100.22,USD,CARD,MER_154,BEN_652,DEV_866,62075f8be723f4c2,"New York, US",2026-08-29 06:35:06.269031+00:00,0,A
TX11840,USR_1204,ACC_2204,39.23,USD,ACH,MER_188,BEN_800,DEV_368,66517d42729f749a,"Tokyo, JP",2026-08-29 06:38:06.269031+00:00,0,A
TX12096,USR_1010,ACC_2010,54.09,USD,P2P,MER_359,BEN_967,DEV_564,f192cebecb4b1736,"Tokyo, JP",2026-08-29 06:38:06.269031+00:00,0,A
TX12148,USR_1251,ACC_2251,39.96,USD,ACH,MER_272,BEN_860,DEV_892,1967d4b96d6bf678,"Tokyo, JP",2026-08-29 06:40:06.269031+00:00,0,A
TX12979,USR_1239,ACC_2239,1430.05,USD,WIRE,MER_267,BEN_NEW_8772,DEV_ATO_9452,a84d6329f71e5c88,Unknown / Proxy IP,2026-08-29 06:46:06.269031+00:00,1,C
TX14258,USR_1059,ACC_2059,143.62,USD,CARD,MER_332,BEN_861,DEV_102,5ec654ffc81f21ab,"Sydney, AU",2026-08-29 06:47:06.269031+00:00,0,A
TX13211,USR_1207,ACC_2207,102.23,USD,WIRE,MER_350,BEN_863,DEV_596,ba65fed7c7170164,"Toronto, CA",2026-08-29 06:51:06.269031+00:00,0,A
TX13457,USR_1240,ACC_2240,107.11,USD,P2P,MER_384,BEN_987,DEV_625,ca36ba145e753c8c,"London, UK",2026-08-29 06:52:06.269031+00:00,0,A
TX11230,USR_1245,ACC_2245,131.72,USD,P2P,MER_283,BEN_910,DEV_240,de4ba9a4b949b1d3,"Toronto, CA",2026-08-29 07:03:06.269031+00:00,0,A
TX12052,USR_1138,ACC_2138,133.56,USD,CARD,MER_274,BEN_725,DEV_594,8d45592dae9f59a0,"Tokyo, JP",2026-08-29 07:10:06.269031+00:00,0,A
TX12479,USR_1202,ACC_2202,41.06,USD,P2P,MER_299,BEN_877,DEV_916,6479e01d7b163595,"Sydney, AU",2026-08-29 07:10:06.269031+00:00,0,A
TX11295,USR_1130,ACC_2130,5.0,USD,P2P,MER_327,BEN_569,DEV_726,a132455f8aba0763,"London, UK",2026-08-29 07:12:06.269031+00:00,0,A
TX11104,USR_1017,ACC_2017,27.03,USD,CARD,MER_326,BEN_642,DEV_296,8c715aa596b7f198,"Sydney, AU",2026-08-29 07:17:06.269031+00:00,0,A
TX12506,USR_1155,ACC_2155,139.45,USD,P2P,MER_190,BEN_971,DEV_887,ce61f694417a43be,"Toronto, CA",2026-08-29 07:19:06.269031+00:00,0,A
TX12299,USR_1124,ACC_2124,92.58,USD,WIRE,MER_273,BEN_909,DEV_982,b4895ee1beb11ace,"Tokyo, JP",2026-08-29 07:20:06.269031+00:00,0,A
TX11799,USR_1069,ACC_2069,166.89,USD,CARD,MER_296,BEN_664,DEV_252,ed4b5a832416af09,"Tokyo, JP",2026-08-29 07:21:06.269031+00:00,0,A
TX12037,USR_1299,ACC_2299,5.0,USD,CARD,MER_152,BEN_881,DEV_570,8bdd36f5ed2bd26b,"New York, US",2026-08-29 07:21:06.269031+00:00,0,A
TX11516,USR_1002,ACC_2002,1092.78,USD,P2P,MER_152,BEN_990,DEV_NEW_9660,b88369def7f91b96,"Tokyo, JP",2026-08-29 07:21:06.269031+00:00,0,B
TX13190,USR_1114,ACC_2114,169.57,USD,CARD,MER_370,BEN_695,DEV_955,c9dd0282c5c3f36e,"Sydney, AU",2026-08-29 07:22:06.269031+00:00,0,A
TX11745,USR_1248,ACC_2248,43.94,USD,CARD,MER_388,BEN_860,DEV_280,aed85343eab6ce68,"Tokyo, JP",2026-08-29 07:22:06.269031+00:00,0,A
TX11876,USR_1046,ACC_2046,133.67,USD,P2P,MER_259,BEN_738,DEV_344,af7aa7cef426f5ac,"Toronto, CA",2026-08-29 07:23:06.269031+00:00,0,A
TX11860,USR_1113,ACC_2113,179.1,USD,ACH,MER_219,BEN_645,DEV_838,422acfea258515ca,"London, UK",2026-08-29 07:25:06.269031+00:00,0,A
TX11987,USR_1113,ACC_2113,112.05,USD,ACH,MER_329,BEN_885,DEV_838,422acfea258515ca,"London, UK",2026-08-29 07:31:06.269031+00:00,0,A
TX12790,USR_1123,ACC_2123,79.38,USD,P2P,MER_246,BEN_917,DEV_144,3c20fd93e10a2c4d,"Tokyo, JP",2026-08-29 07:31:06.269031+00:00,0,A
TX12854,USR_1029,ACC_2029,74.68,USD,CARD,MER_155,BEN_877,DEV_985,c7e3f1b326ee84a0,"London, UK",2026-08-29 07:31:06.269031+00:00,0,A
TX12448,USR_1124,ACC_2124,678.51,USD,WIRE,MER_323,BEN_NEW_9494,DEV_ATO_8389,a969fc86a1de79ce,Unknown / Proxy IP,2026-08-29 07:32:06.269031+00:00,1,C
TX12246,USR_1198,ACC_2198,76.71,USD,WIRE,MER_397,BEN_613,DEV_870,9b0f4b33f9b12ba7,"New York, US",2026-08-29 07:33:06.269031+00:00,0,A
TX12499,USR_1052,ACC_2052,22.1,USD,CARD,MER_383,BEN_839,DEV_558,666c612e2ac1ca57,"Sydney, AU",2026-08-29 07:34:06.269031+00:00,0,A
TX13375,USR_1015,ACC_2015,79.65,USD,WIRE,MER_342,BEN_978,DEV_626,5457ab5de7f73ba3,"London, UK",2026-08-29 07:35:06.269031+00:00,0,A
TX12293,USR_1248,ACC_2248,400.38,USD,CARD,MER_390,BEN_CAR_DEALER_147,DEV_UPGRADE_3673,f39d9230d2c100e0,"Tokyo, JP",2026-08-29 07:39:06.269031+00:00,0,E
TX12745,USR_1226,ACC_2226,46.95,USD,P2P,MER_144,BEN_988,DEV_500,ad7846d8a635bc19,"New York, US",2026-08-29 07:39:06.269031+00:00,0,A
TX14553,USR_1119,ACC_2119,133.11,USD,P2P,MER_173,BEN_763,DEV_213,ef4697ab732d72a0,"Toronto, CA",2026-08-29 07:43:06.269031+00:00,0,A
TX11550,USR_1093,ACC_2093,106.83,USD,ACH,MER_208,BEN_553,DEV_994,6d45d735eff42d6f,"New York, US",2026-08-29 07:52:06.269031+00:00,0,A
TX13499,USR_1176,ACC_2176,35.62,USD,CARD,MER_150,BEN_951,DEV_489,922b57721fe4262e,"Tokyo, JP",2026-08-29 07:53:06.269031+00:00,0,A
TX12229,USR_1203,ACC_2203,136.27,USD,ACH,MER_200,BEN_909,DEV_385,b36e719e322cc5fc,"New York, US",2026-08-29 08:00:06.269031+00:00,0,A
TX13414,USR_1041,ACC_2041,43.39,USD,ACH,MER_110,BEN_984,DEV_438,7f20688d205e30a1,"London, UK",2026-08-29 08:02:06.269031+00:00,0,A
TX14314,USR_1252,ACC_2252,108.62,USD,ACH,MER_282,BEN_862,DEV_261,2976e699c0947510,"Sydney, AU",2026-08-29 08:03:06.269031+00:00,0,A
TX14204,USR_1164,ACC_2164,137.09,USD,CARD,MER_123,BEN_881,DEV_926,26ded6819e145354,"Tokyo, JP",2026-08-29 08:04:06.269031+00:00,0,A
TX14176,USR_1225,ACC_2225,132.57,USD,WIRE,MER_179,BEN_542,DEV_818,ab044683f536f8af,"Toronto, CA",2026-08-29 08:05:06.269031+00:00,0,A
TX13627,USR_1058,ACC_2058,82.73,USD,CARD,MER_138,BEN_541,DEV_724,4ca18e2dc49b3667,"London, UK",2026-08-29 08:08:06.269031+00:00,0,A
TX13657,USR_1131,ACC_2131,50.52,USD,ACH,MER_162,BEN_864,DEV_783,1a4bad185111ed79,"Tokyo, JP",2026-08-29 08:08:06.269031+00:00,0,A
TX14513,USR_1252,ACC_2252,1353.42,USD,WIRE,MER_293,BEN_NEW_8676,DEV_ATO_6871,6ca5b20391e4e673,Unknown / Proxy IP,2026-08-29 08:08:06.269031+00:00,1,C
TX11748,USR_1040,ACC_2040,23.12,USD,CARD,MER_132,BEN_577,DEV_179,3eb4005ac7b49cb1,"Tokyo, JP",2026-08-29 08:10:06.269031+00:00,0,A
TX11303,USR_1090,ACC_2090,68.17,USD,CARD,MER_320,BEN_906,DEV_490,4307ddaed7752a92,"Toronto, CA",2026-08-29 08:17:06.269031+00:00,0,A
TX11180,USR_1291,ACC_2291,158.14,USD,CARD,MER_156,BEN_545,DEV_804,07e6b2518940233a,"New York, US",2026-08-29 08:23:06.269031+00:00,0,A
TX14163,USR_1224,ACC_2224,78.28,USD,CARD,MER_359,BEN_520,DEV_888,69fcc96fe39173c6,"Tokyo, JP",2026-08-29 08:24:06.269031+00:00,0,A
TX11827,USR_1096,ACC_2096,204.6,USD,P2P,MER_314,BEN_882,DEV_679,6427c36c4f3ddfa5,"New York, US",2026-08-29 08:25:06.269031+00:00,0,A
TX13891,USR_1228,ACC_2228,12.86,USD,CARD,MER_115,BEN_894,DEV_480,3f70b2135cc48ade,"Tokyo, JP",2026-08-29 08:26:06.269031+00:00,0,A
TX10723,USR_1005,ACC_2005,99.58,USD,ACH,MER_385,BEN_773,DEV_479,18245baac911d82f,"New York, US",2026-08-29 08:26:06.269031+00:00,0,A
TX11313,USR_1109,ACC_2109,65.82,USD,P2P,MER_398,BEN_993,DEV_167,53cef7037ed47034,"Tokyo, JP",2026-08-29 08:27:06.269031+00:00,0,A
TX13926,USR_1122,ACC_2122,744.03,USD,CARD,MER_169,BEN_CAR_DEALER_145,DEV_UPGRADE_3410,f5a9eef8abf31c92,"London, UK",2026-08-29 08:27:06.269031+00:00,0,E
TX11911,USR_1234,ACC_2234,152.92,USD,ACH,MER_100,BEN_949,DEV_106,7e1e719175d63229,"Toronto, CA",2026-08-29 08:31:06.269031+00:00,0,A
TX11712,USR_1236,ACC_2236,68.83,USD,WIRE,MER_138,BEN_568,DEV_481,c521e90a1ba7a600,"Toronto, CA",2026-08-29 08:43:06.269031+00:00,0,A
TX11560,USR_1002,ACC_2002,5805.21,USD,P2P,MER_272,BEN_RING_777,DEV_RING_999,fd5dc3897b156800,"Tokyo, JP",2026-08-29 08:43:06.269031+00:00,1,D
TX11364,USR_1051,ACC_2051,796.48,USD,WIRE,MER_308,BEN_623,DEV_NEW_8100,b397558ee799977c,"New York, US",2026-08-29 08:48:06.269031+00:00,0,B
TX13774,USR_1177,ACC_2177,108.96,USD,CARD,MER_251,BEN_633,DEV_523,2d9eae9ad589ed38,"London, UK",2026-08-29 08:49:06.269031+00:00,0,A
TX13026,USR_1038,ACC_2038,67.25,USD,CARD,MER_371,BEN_841,DEV_670,d1561592aad7dc92,"Sydney, AU",2026-08-29 08:51:06.269031+00:00,0,A
TX12002,USR_1178,ACC_2178,75.31,USD,CARD,MER_350,BEN_672,DEV_437,7a1f096984df4b45,"London, UK",2026-08-29 08:54:06.269031+00:00,0,A
TX14297,USR_1247,ACC_2247,6.68,USD,WIRE,MER_298,BEN_636,DEV_698,b323e19bdbec4d4c,"London, UK",2026-08-29 09:03:06.269031+00:00,0,A
TX11437,USR_1007,ACC_2007,65.01,USD,CARD,MER_234,BEN_635,DEV_771,b5ece0cc735b0b5b,"Sydney, AU",2026-08-29 09:03:06.269031+00:00,0,A
TX11495,USR_1031,ACC_2031,77.23,USD,WIRE,MER_114,BEN_774,DEV_385,5200cf954889065e,"Tokyo, JP",2026-08-29 09:05:06.269031+00:00,0,A
TX11567,USR_1121,ACC_2121,81.76,USD,CARD,MER_223,BEN_629,DEV_499,c5be08c76a7060ec,"Sydney, AU",2026-08-29 09:06:06.269031+00:00,0,A
TX11847,USR_1285,ACC_2285,697.74,USD,WIRE,MER_248,BEN_921,DEV_NEW_3887,f508248cccfe83c8,"London, UK",2026-08-29 09:09:06.269031+00:00,1,B
TX11704,USR_1095,ACC_2095,108.0,USD,ACH,MER_273,BEN_639,DEV_723,47dee88f32dc4e73,"Tokyo, JP",2026-08-29 09:10:06.269031+00:00,0,A
TX14405,USR_1164,ACC_2164,124.48,USD,P2P,MER_137,BEN_881,DEV_788,eb6318d23a29cdd4,"Tokyo, JP",2026-08-29 09:18:06.269031+00:00,0,A
TX12918,USR_1061,ACC_2061,89.34,USD,CARD,MER_146,BEN_955,DEV_579,a8a0e5e079ff595f,"Tokyo, JP",2026-08-29 09:19:06.269031+00:00,0,A
TX12880,USR_1123,ACC_2123,103.13,USD,CARD,MER_229,BEN_763,DEV_144,3c20fd93e10a2c4d,"Tokyo, JP",2026-08-29 09:22:06.269031+00:00,0,A
TX11115,USR_1205,ACC_2205,106.92,USD,P2P,MER_316,BEN_698,DEV_420,4d66e8ede2b3dfa5,"London, UK",2026-08-29 09:24:06.269031+00:00,0,A
TX13267,USR_1222,ACC_2222,86.62,USD,ACH,MER_223,BEN_959,DEV_310,0320c343468f3a66,"Sydney, AU",2026-08-29 09:24:06.269031+00:00,0,A
TX12830,USR_1200,ACC_2200,56.14,USD,WIRE,MER_253,BEN_724,DEV_456,0eaf478a35c62952,"London, UK",2026-08-29 09:32:06.269031+00:00,0,A
TX13562,USR_1107,ACC_2107,68.76,USD,P2P,MER_131,BEN_743,DEV_560,9e958d16e65a5abe,"London, UK",2026-08-29 09:32:06.269031+00:00,0,A
TX12325,USR_1146,ACC_2146,140.37,USD,CARD,MER_313,BEN_688,DEV_444,c33c25d83dc44ad3,"Sydney, AU",2026-08-29 09:33:06.269031+00:00,0,A
TX11884,USR_1096,ACC_2096,215.07,USD,WIRE,MER_292,BEN_882,DEV_679,2de281d9b2a90870,"New York, US",2026-08-29 09:33:06.269031+00:00,0,A
TX13362,USR_1077,ACC_2077,86.71,USD,P2P,MER_197,BEN_646,DEV_108,cb99c4f64b0c2e92,"New York, US",2026-08-29 09:34:06.269031+00:00,0,A
TX13356,USR_1103,ACC_2103,37.47,USD,P2P,MER_371,BEN_761,DEV_505,bebb722f73a4cf21,"London, UK",2026-08-29 09:38:06.269031+00:00,0,A
TX13639,USR_1103,ACC_2103,471.75,USD,WIRE,MER_199,BEN_NEW_9618,DEV_ATO_7986,e80b2041564f681c,Unknown / Proxy IP,2026-08-29 09:43:06.269031+00:00,1,C
TX11526,USR_1116,ACC_2116,75.93,USD,ACH,MER_291,BEN_620,DEV_327,dcd6e2c220238f22,"New York, US",2026-08-29 09:48:06.269031+00:00,0,A
TX13539,USR_1062,ACC_2062,30.77,USD,WIRE,MER_340,BEN_520,DEV_790,3cef47ffd66e1e9f,"New York, US",2026-08-29 09:48:06.269031+00:00,0,A
TX13552,USR_1068,ACC_2068,55.54,USD,WIRE,MER_244,BEN_903,DEV_984,28b558237a8ce9a4,"Sydney, AU",2026-08-29 09:49:06.269031+00:00,0,A
TX12283,USR_1129,ACC_2129,67.4,USD,ACH,MER_328,BEN_755,DEV_765,4541428cfc1cd62e,"New York, US",2026-08-29 09:49:06.269031+00:00,0,A
TX12194,USR_1166,ACC_2166,125.18,USD,CARD,MER_191,BEN_940,DEV_486,817ec2d627862004,"Toronto, CA",2026-08-29 09:51:06.269031+00:00,0,A
TX11195,USR_1064,ACC_2064,937.95,USD,WIRE,MER_159,BEN_CAR_DEALER_156,DEV_UPGRADE_3463,8f4332526fb22e4a,"Sydney, AU",2026-08-29 09:52:06.269031+00:00,0,E
TX12013,USR_1035,ACC_2035,115.18,USD,ACH,MER_361,BEN_726,DEV_411,ffb021a2722f6a99,"Toronto, CA",2026-08-29 09:57:06.269031+00:00,0,A
TX12038,USR_1161,ACC_2161,187.36,USD,CARD,MER_226,BEN_840,DEV_256,67c9e296ad6a0f6a,"Sydney, AU",2026-08-29 09:58:06.269031+00:00,0,A
TX12285,USR_1021,ACC_2021,131.45,USD,CARD,MER_389,BEN_714,DEV_222,60144cd34ce98fe1,"Toronto, CA",2026-08-29 10:00:06.269031+00:00,0,A
TX10803,USR_1195,ACC_2195,34.58,USD,ACH,MER_355,BEN_724,DEV_798,e6d664e190e0dcae,"Sydney, AU",2026-08-29 10:00:06.269031+00:00,0,A
TX12824,USR_1216,ACC_2216,169.36,USD,WIRE,MER_203,BEN_733,DEV_741,90c7e4613d1238b2,"New York, US",2026-08-29 10:02:06.269031+00:00,0,A
TX12081,USR_1138,ACC_2138,158.12,USD,ACH,MER_312,BEN_725,DEV_350,8d45592dae9f59a0,"Tokyo, JP",2026-08-29 10:03:06.269031+00:00,0,A
TX11619,USR_1261,ACC_2261,5.0,USD,CARD,MER_388,BEN_634,DEV_289,811834c71f1d4f06,"Sydney, AU",2026-08-29 10:05:06.269031+00:00,0,A
TX11532,USR_1076,ACC_2076,70.83,USD,WIRE,MER_302,BEN_695,DEV_806,af0d92457cc9a553,"Sydney, AU",2026-08-29 10:05:06.269031+00:00,0,A
TX12250,USR_1157,ACC_2157,105.07,USD,WIRE,MER_231,BEN_831,DEV_237,82338ff02e297db6,"New York, US",2026-08-29 10:07:06.269031+00:00,0,A
TX12034,USR_1075,ACC_2075,82.23,USD,P2P,MER_400,BEN_580,DEV_572,48d2d61592213dad,"New York, US",2026-08-29 10:10:06.269031+00:00,0,A
TX12618,USR_1161,ACC_2161,182.08,USD,P2P,MER_328,BEN_775,DEV_565,5cdd1dd4ffdabd3f,"Sydney, AU",2026-08-29 10:14:06.269031+00:00,0,A
TX13519,USR_1184,ACC_2184,30.42,USD,WIRE,MER_217,BEN_958,DEV_184,856933acc112b8e0,"Tokyo, JP",2026-08-29 10:20:06.269031+00:00,0,A
TX13527,USR_1265,ACC_2265,729.06,USD,P2P,MER_382,BEN_CAR_DEALER_199,DEV_UPGRADE_3289,f0ccc1c898e8a10b,"New York, US",2026-08-29 10:21:06.269031+00:00,0,E
TX12003,USR_1201,ACC_2201,13.91,USD,ACH,MER_181,BEN_764,DEV_123,91e7767500f47f48,"London, UK",2026-08-29 10:24:06.269031+00:00,0,A
TX13079,USR_1018,ACC_2018,84.77,USD,CARD,MER_299,BEN_748,DEV_195,42b646eb5a141864,"London, UK",2026-08-29 10:26:06.269031+00:00,0,A
TX11698,USR_1140,ACC_2140,659.64,USD,P2P,MER_197,BEN_CAR_DEALER_133,DEV_UPGRADE_3446,f3c751082b63d214,"Sydney, AU",2026-08-29 10:31:06.269031+00:00,0,E
TX12305,USR_1203,ACC_2203,164.39,USD,P2P,MER_200,BEN_946,DEV_385,7f425fb15ab04329,"New York, US",2026-08-29 10:33:06.269031+00:00,0,A
TX12094,USR_1075,ACC_2075,163.27,USD,ACH,MER_137,BEN_647,DEV_572,7a29d09e4d3a3ef7,"New York, US",2026-08-29 10:34:06.269031+00:00,0,A
TX13124,USR_1256,ACC_2256,57.51,USD,CARD,MER_117,BEN_537,DEV_459,1ef60236fe347e83,"Toronto, CA",2026-08-29 10:35:06.269031+00:00,0,A
TX13347,USR_1191,ACC_2191,27.38,USD,WIRE,MER_315,BEN_532,DEV_801,5b58332294cb63d5,"Tokyo, JP",2026-08-29 10:38:06.269031+00:00,0,A
TX12584,USR_1203,ACC_2203,1750.04,USD,WIRE,MER_287,BEN_NEW_8356,DEV_ATO_9791,f45a702cd4405b89,Unknown / Proxy IP,2026-08-29 10:43:06.269031+00:00,1,C
TX12057,USR_1196,ACC_2196,31.05,USD,CARD,MER_398,BEN_806,DEV_358,f56b9b8e7db62522,"Sydney, AU",2026-08-29 10:44:06.269031+00:00,0,A
TX12258,USR_1150,ACC_2150,5.0,USD,P2P,MER_206,BEN_785,DEV_450,43a67aa88ddfe9a5,"Tokyo, JP",2026-08-29 10:45:06.269031+00:00,0,A
TX11946,USR_1210,ACC_2210,254.21,USD,CARD,MER_221,BEN_943,DEV_404,63a4bbc201560ce0,"Tokyo, JP",2026-08-29 10:49:06.269031+00:00,0,A
TX13213,USR_1237,ACC_2237,178.93,USD,ACH,MER_399,BEN_662,DEV_342,8b11224c92458caf,"Sydney, AU",2026-08-29 10:53:06.269031+00:00,0,A
TX11493,USR_1148,ACC_2148,54.12,USD,CARD,MER_177,BEN_725,DEV_132,a81e278d899ba53d,"London, UK",2026-08-29 10:58:06.269031+00:00,0,A
TX12536,USR_1046,ACC_2046,470.69,USD,P2P,MER_288,BEN_858,DEV_NEW_6104,753d8b158f374251,"Toronto, CA",2026-08-29 11:00:06.269031+00:00,1,B
TX12546,USR_1219,ACC_2219,97.57,USD,CARD,MER_168,BEN_688,DEV_492,cdbc196f2eb61754,"New York, US",2026-08-29 11:01:06.269031+00:00,0,A
TX11673,USR_1060,ACC_2060,108.54,USD,CARD,MER_324,BEN_530,DEV_535,3c49e5003110f2c6,"London, UK",2026-08-29 11:01:06.269031+00:00,0,A
TX12376,USR_1111,ACC_2111,49.65,USD,ACH,MER_251,BEN_598,DEV_620,dc65b42e8044fcc4,"London, UK",2026-08-29 11:02:06.269031+00:00,0,A
TX12484,USR_1106,ACC_2106,80.11,USD,WIRE,MER_296,BEN_937,DEV_417,6549d2c87e6aa66a,"Tokyo, JP",2026-08-29 11:05:06.269031+00:00,0,A
TX12877,USR_1110,ACC_2110,89.93,USD,ACH,MER_292,BEN_658,DEV_771,aadad9bce1f7e80b,"Toronto, CA",2026-08-29 11:07:06.269031+00:00,0,A
TX12509,USR_1293,ACC_2293,131.74,USD,WIRE,MER_268,BEN_570,DEV_856,aebc04d764177518,"New York, US",2026-08-29 11:07:06.269031+00:00,0,A
TX11589,USR_1042,ACC_2042,534.18,USD,P2P,MER_114,BEN_749,DEV_NEW_1702,4deedbb583918fca,"Sydney, AU",2026-08-29 11:07:06.269031+00:00,0,B
TX12095,USR_1075,ACC_2075,105.09,USD,WIRE,MER_276,BEN_961,DEV_572,48d2d61592213dad,"New York, US",2026-08-29 11:08:06.269031+00:00,0,A
TX11696,USR_1028,ACC_2028,69.4,USD,P2P,MER_152,BEN_607,DEV_415,2ae2dd1e0363c949,"New York, US",2026-08-29 11:08:06.269031+00:00,0,A
TX11687,USR_1290,ACC_2290,5.0,USD,P2P,MER_251,BEN_860,DEV_609,7a232aa325593eec,"Tokyo, JP",2026-08-29 11:09:06.269031+00:00,0,A
TX11998,USR_1217,ACC_2217,97.79,USD,ACH,MER_219,BEN_702,DEV_195,120fb4e11b005dae,"London, UK",2026-08-29 11:11:06.269031+00:00,0,A
TX11763,USR_1236,ACC_2236,5.0,USD,P2P,MER_322,BEN_568,DEV_817,c521e90a1ba7a600,"Toronto, CA",2026-08-29 11:13:06.269031+00:00,0,A
TX11953,USR_1156,ACC_2156,5.0,USD,CARD,MER_154,BEN_790,DEV_290,62075f8be723f4c2,"New York, US",2026-08-29 11:13:06.269031+00:00,0,A
TX14280,USR_1206,ACC_2206,52.44,USD,CARD,MER_127,BEN_750,DEV_598,17673fd32798d605,"London, UK",2026-08-29 11:17:06.269031+00:00,0,A
TX12571,USR_1284,ACC_2284,226.6,USD,ACH,MER_109,BEN_597,DEV_138,ccbf846be6c6de2e,"New York, US",2026-08-29 11:21:06.269031+00:00,0,A
TX10660,USR_1128,ACC_2128,56.75,USD,P2P,MER_371,BEN_690,DEV_492,e116857d689b3cac,"London, UK",2026-08-29 11:23:06.269031+00:00,0,A
TX14837,USR_1094,ACC_2094,91.53,USD,WIRE,MER_319,BEN_642,DEV_967,d5406cc498d4564d,"Tokyo, JP",2026-08-29 11:24:06.269031+00:00,0,A
TX12064,USR_1190,ACC_2190,21.44,USD,CARD,MER_311,BEN_649,DEV_126,b887672fb3b147e6,"Toronto, CA",2026-08-29 11:30:06.269031+00:00,0,A
TX12060,USR_1006,ACC_2006,51.47,USD,CARD,MER_237,BEN_920,DEV_801,7b9b363b102f9355,"New York, US",2026-08-29 11:30:06.269031+00:00,0,A
TX11435,USR_1295,ACC_2295,5.0,USD,CARD,MER_283,BEN_791,DEV_964,4263555a333d9831,"Toronto, CA",2026-08-29 11:30:06.269031+00:00,0,A
TX10884,USR_1004,ACC_2004,59.56,USD,CARD,MER_242,BEN_619,DEV_821,d138b30e9053a8c8,"Tokyo, JP",2026-08-29 11:31:06.269031+00:00,0,A
TX11329,USR_1063,ACC_2063,147.72,USD,P2P,MER_153,BEN_678,DEV_699,553ed483ad5e1493,"New York, US",2026-08-29 11:31:06.269031+00:00,0,A
TX12396,USR_1259,ACC_2259,100.64,USD,CARD,MER_202,BEN_501,DEV_198,a286ac7c278aa0b4,"Sydney, AU",2026-08-29 11:33:06.269031+00:00,0,A
TX12116,USR_1234,ACC_2234,134.22,USD,CARD,MER_104,BEN_929,DEV_106,7e1e719175d63229,"Toronto, CA",2026-08-29 11:33:06.269031+00:00,0,A
TX13701,USR_1276,ACC_2276,67.95,USD,P2P,MER_241,BEN_652,DEV_204,91d6156537789a5f,"Tokyo, JP",2026-08-29 11:34:06.269031+00:00,0,A
TX14207,USR_1199,ACC_2199,16.0,USD,P2P,MER_159,BEN_512,DEV_556,74e49e5edbd31069,"Toronto, CA",2026-08-29 11:41:06.269031+00:00,0,A
TX10464,USR_1039,ACC_2039,91.82,USD,P2P,MER_240,BEN_826,DEV_661,51115cee44834188,"Sydney, AU",2026-08-29 11:41:06.269031+00:00,0,A
TX11384,USR_1051,ACC_2051,103.1,USD,CARD,MER_308,BEN_543,DEV_710,b397558ee799977c,"New York, US",2026-08-29 11:41:06.269031+00:00,0,A
TX11629,USR_1099,ACC_2099,143.75,USD,WIRE,MER_248,BEN_608,DEV_325,7f3bb771f0573b6f,"New York, US",2026-08-29 11:43:06.269031+00:00,0,A
TX12130,USR_1221,ACC_2221,73.4,USD,WIRE,MER_227,BEN_626,DEV_703,2ba65b50195c3319,"Sydney, AU",2026-08-29 11:48:06.269031+00:00,0,A
TX11518,USR_1231,ACC_2231,132.72,USD,CARD,MER_290,BEN_614,DEV_283,f3e6e6aad46a7ebd,"Toronto, CA",2026-08-29 11:48:06.269031+00:00,0,A
TX12021,USR_1294,ACC_2294,156.4,USD,P2P,MER_157,BEN_639,DEV_481,c6bb668bbeb4bf8e,"Sydney, AU",2026-08-29 11:49:06.269031+00:00,0,A
TX12372,USR_1198,ACC_2198,14.92,USD,ACH,MER_365,BEN_613,DEV_439,9b0f4b33f9b12ba7,"New York, US",2026-08-29 11:50:06.269031+00:00,0,A
TX12963,USR_1158,ACC_2158,30.99,USD,P2P,MER_171,BEN_842,DEV_279,992c28be99efb351,"Sydney, AU",2026-08-29 11:55:06.269031+00:00,0,A
TX13702,USR_1191,ACC_2191,5.0,USD,WIRE,MER_347,BEN_752,DEV_801,5b58332294cb63d5,"Tokyo, JP",2026-08-29 11:58:06.269031+00:00,0,A
TX12072,USR_1209,ACC_2209,15.92,USD,CARD,MER_325,BEN_868,DEV_686,19cd5e10192a7982,"Tokyo, JP",2026-08-29 11:59:06.269031+00:00,0,A
TX12242,USR_1102,ACC_2102,43.78,USD,P2P,MER_154,BEN_932,DEV_920,bcef80d0e40d9da3,"Tokyo, JP",2026-08-29 12:02:06.269031+00:00,0,A
TX13869,USR_1176,ACC_2176,31.47,USD,CARD,MER_150,BEN_951,DEV_577,922b57721fe4262e,"Tokyo, JP",2026-08-29 12:03:06.269031+00:00,0,A
TX13316,USR_1181,ACC_2181,108.05,USD,WIRE,MER_154,BEN_757,DEV_112,31b63d4339095769,"Tokyo, JP",2026-08-29 12:03:06.269031+00:00,0,A
TX11755,USR_1187,ACC_2187,96.25,USD,CARD,MER_282,BEN_996,DEV_337,a1cb0cc2002ac8fe,"Toronto, CA",2026-08-29 12:05:06.269031+00:00,0,A
TX12076,USR_1260,ACC_2260,67.17,USD,CARD,MER_146,BEN_901,DEV_126,c2fc49a7af3910a3,"New York, US",2026-08-29 12:12:06.269031+00:00,0,A
TX14538,USR_1059,ACC_2059,77.47,USD,WIRE,MER_235,BEN_647,DEV_102,5ec654ffc81f21ab,"Sydney, AU",2026-08-29 12:13:06.269031+00:00,0,A
TX13130,USR_1140,ACC_2140,115.72,USD,P2P,MER_197,BEN_627,DEV_353,4af4f4dcf8282d9e,"Sydney, AU",2026-08-29 12:13:06.269031+00:00,0,A
TX12512,USR_1261,ACC_2261,95.22,USD,P2P,MER_237,BEN_725,DEV_289,811834c71f1d4f06,"Sydney, AU",2026-08-29 12:14:06.269031+00:00,0,A
TX11993,USR_1257,ACC_2257,192.07,USD,CARD,MER_147,BEN_982,DEV_175,891555760069fa87,"London, UK",2026-08-29 12:16:06.269031+00:00,0,A
TX12867,USR_1272,ACC_2272,59.77,USD,P2P,MER_223,BEN_563,DEV_469,43d8fae6420bbe4b,"Sydney, AU",2026-08-29 12:17:06.269031+00:00,0,A
TX11340,USR_1139,ACC_2139,80.57,USD,P2P,MER_338,BEN_787,DEV_420,81a41f4d213f9ad2,"Tokyo, JP",2026-08-29 12:19:06.269031+00:00,0,A
TX13435,USR_1118,ACC_2118,79.61,USD,WIRE,MER_124,BEN_897,DEV_119,26b6f82074f626ec,"Toronto, CA",2026-08-29 12:21:06.269031+00:00,0,A
TX11092,USR_1127,ACC_2127,79.08,USD,CARD,MER_117,BEN_573,DEV_787,d9ec58cb702d403f,"London, UK",2026-08-29 12:22:06.269031+00:00,0,A
TX10752,USR_1005,ACC_2005,6145.65,USD,P2P,MER_238,BEN_RING_777,DEV_RING_999,fd5dc3897b156800,"New York, US",2026-08-29 12:23:06.269031+00:00,1,D
TX13276,USR_1020,ACC_2020,152.37,USD,P2P,MER_141,BEN_760,DEV_151,b5ff272adcc184f7,"Toronto, CA",2026-08-29 12:23:06.269031+00:00,0,A
TX12458,USR_1242,ACC_2242,234.92,USD,WIRE,MER_269,BEN_547,DEV_176,bda908a866f4be63,"Sydney, AU",2026-08-29 12:27:06.269031+00:00,0,A
TX13222,USR_1267,ACC_2267,87.4,USD,P2P,MER_119,BEN_835,DEV_988,9d27a1fb075270c8,"Tokyo, JP",2026-08-29 12:30:06.269031+00:00,0,A
TX11413,USR_1273,ACC_2273,17.74,USD,CARD,MER_392,BEN_514,DEV_700,eed32f0aa24bee1c,"Tokyo, JP",2026-08-29 12:31:06.269031+00:00,0,A
TX12172,USR_1196,ACC_2196,5.0,USD,ACH,MER_359,BEN_729,DEV_358,f0c9d1ca368b0809,"Sydney, AU",2026-08-29 12:31:06.269031+00:00,0,A
TX13825,USR_1237,ACC_2237,159.09,USD,WIRE,MER_169,BEN_731,DEV_342,c8f4ff7b3b3a1230,"Sydney, AU",2026-08-29 12:34:06.269031+00:00,0,A
TX14710,USR_1276,ACC_2276,75.65,USD,CARD,MER_272,BEN_850,DEV_204,91d6156537789a5f,"Tokyo, JP",2026-08-29 12:38:06.269031+00:00,0,A
TX13054,USR_1214,ACC_2214,108.8,USD,WIRE,MER_132,BEN_749,DEV_867,ca649f404e150fd6,"Tokyo, JP",2026-08-29 12:39:06.269031+00:00,0,A
TX11412,USR_1001,ACC_2001,5753.47,USD,P2P,MER_379,BEN_RING_777,DEV_RING_999,fd5dc3897b156800,"Toronto, CA",2026-08-29 12:42:06.269031+00:00,1,D
TX14099,USR_1237,ACC_2237,2610.04,USD,WIRE,MER_399,BEN_NEW_9813,DEV_ATO_7855,7c0d60017d24bf7a,Unknown / Proxy IP,2026-08-29 12:42:06.269031+00:00,1,C
TX11444,USR_1112,ACC_2112,76.72,USD,ACH,MER_167,BEN_838,DEV_619,402439e7d7ccfd33,"Toronto, CA",2026-08-29 12:45:06.269031+00:00,0,A
TX12871,USR_1275,ACC_2275,854.96,USD,P2P,MER_254,BEN_CAR_DEALER_111,DEV_UPGRADE_3208,ca3268b5ffd16cb7,"Tokyo, JP",2026-08-29 12:46:06.269031+00:00,0,E
TX11054,USR_1208,ACC_2208,73.11,USD,WIRE,MER_381,BEN_586,DEV_914,bf683377a3f8fe47,"Tokyo, JP",2026-08-29 12:48:06.269031+00:00,0,A
TX11652,USR_1136,ACC_2136,88.13,USD,P2P,MER_388,BEN_803,DEV_740,e687ecdb5a48d3fd,"Toronto, CA",2026-08-29 12:49:06.269031+00:00,0,A
TX10605,USR_1243,ACC_2243,61.5,USD,CARD,MER_209,BEN_849,DEV_687,3ff853a1c744a0b6,"Sydney, AU",2026-08-29 12:53:06.269031+00:00,0,A
TX11283,USR_1297,ACC_2297,45.37,USD,WIRE,MER_358,BEN_923,DEV_543,7aa269778c11feae,"Tokyo, JP",2026-08-29 12:56:06.269031+00:00,0,A
TX11315,USR_1034,ACC_2034,79.42,USD,CARD,MER_307,BEN_598,DEV_782,95848e58ee16c597,"Toronto, CA",2026-08-29 12:57:06.269031+00:00,0,A
TX12107,USR_1075,ACC_2075,175.93,USD,CARD,MER_137,BEN_580,DEV_572,7a29d09e4d3a3ef7,"New York, US",2026-08-29 13:02:06.269031+00:00,0,A
TX12143,USR_1268,ACC_2268,69.23,USD,WIRE,MER_237,BEN_881,DEV_139,520b3672ae9f6d8e,"London, UK",2026-08-29 13:02:06.269031+00:00,0,A
TX12399,USR_1280,ACC_2280,65.71,USD,CARD,MER_337,BEN_799,DEV_463,b6053954f622ffb5,"Sydney, AU",2026-08-29 13:09:06.269031+00:00,0,A
TX11800,USR_1288,ACC_2288,86.26,USD,P2P,MER_205,BEN_629,DEV_769,6da18eb3006706c0,"New York, US",2026-08-29 13:09:06.269031+00:00,0,A
TX12086,USR_1297,ACC_2297,440.53,USD,WIRE,MER_105,BEN_NEW_8980,DEV_ATO_9389,24e400bb453a637c,Unknown / Proxy IP,2026-08-29 13:11:06.269031+00:00,1,C
TX12084,USR_1238,ACC_2238,215.11,USD,WIRE,MER_235,BEN_774,DEV_208,b8d2d5c142188c1d,"Sydney, AU",2026-08-29 13:12:06.269031+00:00,0,A
TX12039,USR_1167,ACC_2167,5.0,USD,CARD,MER_226,BEN_737,DEV_845,6550e5bfba9b0a52,"New York, US",2026-08-29 13:13:06.269031+00:00,0,A
TX11396,USR_1254,ACC_2254,86.48,USD,P2P,MER_328,BEN_953,DEV_244,ce7d41e693885b0f,"Tokyo, JP",2026-08-29 13:16:06.269031+00:00,0,A
TX14308,USR_1191,ACC_2191,114.19,USD,P2P,MER_347,BEN_585,DEV_801,1720b6347df01502,"Tokyo, JP",2026-08-29 13:16:06.269031+00:00,0,A
TX13138,USR_1018,ACC_2018,157.07,USD,CARD,MER_299,BEN_705,DEV_195,42b646eb5a141864,"London, UK",2026-08-29 13:17:06.269031+00:00,0,A
TX12410,USR_1088,ACC_2088,69.7,USD,P2P,MER_115,BEN_901,DEV_625,e81465da5a78a239,"Toronto, CA",2026-08-29 13:18:06.269031+00:00,0,A
TX11434,USR_1254,ACC_2254,79.06,USD,CARD,MER_105,BEN_993,DEV_244,ce7d41e693885b0f,"Tokyo, JP",2026-08-29 13:23:06.269031+00:00,0,A
TX13637,USR_1086,ACC_2086,616.99,USD,P2P,MER_167,BEN_776,DEV_NEW_3537,ee2876480c330c83,"Tokyo, JP",2026-08-29 13:24:06.269031+00:00,1,B
TX13974,USR_1264,ACC_2264,6.13,USD,ACH,MER_121,BEN_913,DEV_223,9df8a95ed3de918a,"London, UK",2026-08-29 13:26:06.269031+00:00,0,A
TX12874,USR_1269,ACC_2269,72.07,USD,WIRE,MER_264,BEN_998,DEV_387,4ce705bd91f4650b,"New York, US",2026-08-29 13:28:06.269031+00:00,0,A
TX11045,USR_1142,ACC_2142,183.43,USD,CARD,MER_168,BEN_933,DEV_151,87c723e76a7e0203,"Sydney, AU",2026-08-29 13:31:06.269031+00:00,0,A
TX13101,USR_1169,ACC_2169,57.73,USD,ACH,MER_211,BEN_705,DEV_708,3f124d1fb7b436f7,"New York, US",2026-08-29 13:32:06.269031+00:00,0,A
TX12270,USR_1012,ACC_2012,708.06,USD,WIRE,MER_381,BEN_CAR_DEALER_188,DEV_UPGRADE_3120,e909c29bce6a8450,"Toronto, CA",2026-08-29 13:32:06.269031+00:00,0,E
TX12030,USR_1105,ACC_2105,5.0,USD,P2P,MER_255,BEN_740,DEV_797,0cc56806395d3d2b,"Tokyo, JP",2026-08-29 13:36:06.269031+00:00,0,A
TX13319,USR_1269,ACC_2269,383.4,USD,WIRE,MER_264,BEN_NEW_8496,DEV_ATO_5294,34f7649de5d0c0a3,Unknown / Proxy IP,2026-08-29 13:41:06.269031+00:00,1,C
TX12552,USR_1033,ACC_2033,60.12,USD,WIRE,MER_359,BEN_985,DEV_632,d04c1334ba31bc7c,"London, UK",2026-08-29 13:46:06.269031+00:00,0,A
TX12731,USR_1030,ACC_2030,194.33,USD,ACH,MER_216,BEN_946,DEV_993,a24862cb3a0ddabd,"Sydney, AU",2026-08-29 13:54:06.269031+00:00,0,A
TX11752,USR_1090,ACC_2090,5.0,USD,ACH,MER_216,BEN_558,DEV_711,d37b2f3a3e8b1e76,"Toronto, CA",2026-08-29 13:55:06.269031+00:00,0,A
TX13120,USR_1132,ACC_2132,51.33,USD,ACH,MER_144,BEN_739,DEV_911,638af4639b73a0ed,"New York, US",2026-08-29 13:56:06.269031+00:00,0,A
TX12263,USR_1232,ACC_2232,61.46,USD,P2P,MER_135,BEN_705,DEV_614,218257120f7025ad,"London, UK",2026-08-29 14:01:06.269031+00:00,0,A
TX11279,USR_1245,ACC_2245,144.94,USD,WIRE,MER_109,BEN_778,DEV_240,de4ba9a4b949b1d3,"Toronto, CA",2026-08-29 14:03:06.269031+00:00,0,A
TX11500,USR_1208,ACC_2208,62.35,USD,CARD,MER_334,BEN_586,DEV_914,bf683377a3f8fe47,"Tokyo, JP",2026-08-29 14:04:06.269031+00:00,0,A
TX12964,USR_1115,ACC_2115,178.56,USD,P2P,MER_175,BEN_542,DEV_756,4d8f3a7ab28f30b0,"New York, US",2026-08-29 14:05:06.269031+00:00,0,A
TX14674,USR_1092,ACC_2092,120.82,USD,WIRE,MER_162,BEN_CAR_DEALER_145,DEV_UPGRADE_3227,db390d7c153b30d4,"Tokyo, JP",2026-08-29 14:08:06.269031+00:00,0,E
TX13469,USR_1135,ACC_2135,56.89,USD,CARD,MER_382,BEN_958,DEV_411,1f75cdd633f3da73,"London, UK",2026-08-29 14:09:06.269031+00:00,0,A
TX10499,USR_1011,ACC_2011,81.56,USD,WIRE,MER_223,BEN_975,DEV_652,77c76c6de779a4b4,"New York, US",2026-08-29 14:17:06.269031+00:00,0,A
TX11671,USR_1255,ACC_2255,54.81,USD,WIRE,MER_314,BEN_697,DEV_355,1737b49d2dc116c6,"New York, US",2026-08-29 14:18:06.269031+00:00,0,A
TX11466,USR_1227,ACC_2227,44.49,USD,WIRE,MER_183,BEN_506,DEV_564,d402ea784b1d456b,"London, UK",2026-08-29 14:18:06.269031+00:00,0,A
TX12825,USR_1022,ACC_2022,102.14,USD,P2P,MER_334,BEN_653,DEV_785,3dcf2f0b24fe3401,"Sydney, AU",2026-08-29 14:18:06.269031+00:00,0,A
TX14973,USR_1229,ACC_2229,61.25,USD,ACH,MER_185,BEN_755,DEV_369,07ada08765729ec2,"New York, US",2026-08-29 14:20:06.269031+00:00,0,A
TX13388,USR_1015,ACC_2015,111.29,USD,P2P,MER_392,BEN_870,DEV_626,5457ab5de7f73ba3,"London, UK",2026-08-29 14:26:06.269031+00:00,0,A
TX13555,USR_1174,ACC_2174,84.97,USD,WIRE,MER_270,BEN_800,DEV_486,0cc746ed483b6373,"New York, US",2026-08-29 14:27:06.269031+00:00,0,A
TX11910,USR_1093,ACC_2093,82.22,USD,P2P,MER_359,BEN_659,DEV_994,fa54c7e2e8ed5049,"New York, US",2026-08-29 14:27:06.269031+00:00,0,A
TX12676,USR_1073,ACC_2073,78.23,USD,CARD,MER_250,BEN_855,DEV_332,58254c0adfed6a9f,"New York, US",2026-08-29 14:32:06.269031+00:00,0,A
TX11374,USR_1084,ACC_2084,65.85,USD,P2P,MER_162,BEN_531,DEV_975,0f2642a2d4f0e8ea,"Tokyo, JP",2026-08-29 14:35:06.269031+00:00,0,A
TX13268,USR_1267,ACC_2267,118.11,USD,ACH,MER_173,BEN_748,DEV_648,4a5972ea9c44bd37,"Tokyo, JP",2026-08-29 14:40:06.269031+00:00,0,A
TX13575,USR_1049,ACC_2049,48.24,USD,P2P,MER_265,BEN_723,DEV_545,2d5ca29e2ab18fd2,"Tokyo, JP",2026-08-29 14:41:06.269031+00:00,0,A
TX13617,USR_1102,ACC_2102,42.38,USD,ACH,MER_154,BEN_932,DEV_920,bcef80d0e40d9da3,"Tokyo, JP",2026-08-29 14:47:06.269031+00:00,0,A
TX11506,USR_1244,ACC_2244,38.11,USD,CARD,MER_144,BEN_831,DEV_556,fcc47ac65be5665e,"Toronto, CA",2026-08-29 14:53:06.269031+00:00,0,A
TX13737,USR_1131,ACC_2131,435.81,USD,ACH,MER_162,BEN_935,DEV_NEW_8546,1f64066193cd0ee5,"Tokyo, JP",2026-08-29 14:56:06.269031+00:00,1,B
TX10927,USR_1056,ACC_2056,83.78,USD,WIRE,MER_395,BEN_751,DEV_590,292e1d1a2fc9ded3,"Tokyo, JP",2026-08-29 14:59:06.269031+00:00,0,A
TX12367,USR_1027,ACC_2027,159.63,USD,P2P,MER_165,BEN_927,DEV_214,1c63c3c47526e1d4,"London, UK",2026-08-29 14:59:06.269031+00:00,0,A
TX11393,USR_1064,ACC_2064,1079.44,USD,CARD,MER_306,BEN_CAR_DEALER_152,DEV_UPGRADE_3445,4db1862dd0e40d19,"Sydney, AU",2026-08-29 15:02:06.269031+00:00,0,E
TX12254,USR_1136,ACC_2136,100.06,USD,CARD,MER_178,BEN_797,DEV_740,bde624019cb538ca,"Toronto, CA",2026-08-29 15:03:06.269031+00:00,0,A
TX11453,USR_1273,ACC_2273,5.0,USD,CARD,MER_209,BEN_514,DEV_700,ead1ba663b08014c,"Tokyo, JP",2026-08-29 15:04:06.269031+00:00,0,A
TX11540,USR_1047,ACC_2047,241.13,USD,P2P,MER_161,BEN_982,DEV_692,a800010fef16c5ea,"Sydney, AU",2026-08-29 15:06:06.269031+00:00,0,A
TX12394,USR_1134,ACC_2134,877.62,USD,CARD,MER_128,BEN_566,DEV_NEW_8957,8fa3e619e9acd6ae,"Toronto, CA",2026-08-29 15:06:06.269031+00:00,1,B
TX12887,USR_1136,ACC_2136,1916.64,USD,WIRE,MER_178,BEN_NEW_8214,DEV_ATO_5843,4d076dbe0db2d4ab,Unknown / Proxy IP,2026-08-29 15:09:06.269031+00:00,1,C
TX12570,USR_1134,ACC_2134,3502.21,USD,WIRE,MER_365,BEN_NEW_8174,DEV_ATO_6055,b3b0eea5e6036ddc,Unknown / Proxy IP,2026-08-29 15:11:06.269031+00:00,1,C
TX12178,USR_1171,ACC_2171,53.96,USD,ACH,MER_124,BEN_820,DEV_523,8aae49a384ac18fb,"Toronto, CA",2026-08-29 15:14:06.269031+00:00,0,A
TX13350,USR_1123,ACC_2123,72.61,USD,CARD,MER_229,BEN_917,DEV_144,3c20fd93e10a2c4d,"Tokyo, JP",2026-08-29 15:19:06.269031+00:00,0,A
TX10556,USR_1039,ACC_2039,591.52,USD,WIRE,MER_222,BEN_CAR_DEALER_159,DEV_UPGRADE_3045,51115cee44834188,"Sydney, AU",2026-08-29 15:21:06.269031+00:00,0,E
TX12217,USR_1217,ACC_2217,75.28,USD,P2P,MER_219,BEN_702,DEV_195,e7d64b667c42d07d,"London, UK",2026-08-29 15:22:06.269031+00:00,0,A
TX14370,USR_1247,ACC_2247,9.9,USD,WIRE,MER_212,BEN_917,DEV_885,b323e19bdbec4d4c,"London, UK",2026-08-29 15:23:06.269031+00:00,0,A
TX14399,USR_1191,ACC_2191,88.71,USD,WIRE,MER_253,BEN_752,DEV_801,1720b6347df01502,"Tokyo, JP",2026-08-29 15:30:06.269031+00:00,0,A
TX13742,USR_1058,ACC_2058,94.76,USD,ACH,MER_138,BEN_635,DEV_724,4ca18e2dc49b3667,"London, UK",2026-08-29 15:31:06.269031+00:00,0,A
TX11996,USR_1175,ACC_2175,37.87,USD,P2P,MER_222,BEN_624,DEV_316,2f1a03b6b66eb09f,"New York, US",2026-08-29 15:32:06.269031+00:00,0,A
TX12382,USR_1150,ACC_2150,5.0,USD,ACH,MER_252,BEN_642,DEV_645,ef6f595e325406c8,"Tokyo, JP",2026-08-29 15:33:06.269031+00:00,0,A
TX13489,USR_1038,ACC_2038,101.33,USD,WIRE,MER_358,BEN_737,DEV_151,198c5bf5e708adb7,"Sydney, AU",2026-08-29 15:34:06.269031+00:00,0,A
TX11509,USR_1208,ACC_2208,98.56,USD,WIRE,MER_334,BEN_647,DEV_914,bf683377a3f8fe47,"Tokyo, JP",2026-08-29 15:36:06.269031+00:00,0,A
TX12259,USR_1026,ACC_2026,133.47,USD,P2P,MER_182,BEN_634,DEV_749,644cd2e14ee2c85b,"New York, US",2026-08-29 15:36:06.269031+00:00,0,A
TX13490,USR_1135,ACC_2135,84.81,USD,CARD,MER_140,BEN_958,DEV_411,eddad66c8f2b7404,"London, UK",2026-08-29 15:38:06.269031+00:00,0,A
TX14465,USR_1281,ACC_2281,12.95,USD,P2P,MER_275,BEN_527,DEV_583,442e216561464da9,"Sydney, AU",2026-08-29 15:39:06.269031+00:00,0,A
TX13071,USR_1261,ACC_2261,89.16,USD,ACH,MER_234,BEN_634,DEV_479,4d4cf90ee85528e0,"Sydney, AU",2026-08-29 15:40:06.269031+00:00,0,A
TX11897,USR_1037,ACC_2037,40.82,USD,CARD,MER_212,BEN_852,DEV_524,9f3f7703a4677692,"Sydney, AU",2026-08-29 15:42:06.269031+00:00,0,A
TX14197,USR_1153,ACC_2153,45.17,USD,ACH,MER_269,BEN_826,DEV_730,ba2e33cde981ff14,"New York, US",2026-08-29 15:42:06.269031+00:00,0,A
TX11236,USR_1249,ACC_2249,190.52,USD,P2P,MER_110,BEN_546,DEV_956,2c441bdc949bccf1,"Sydney, AU",2026-08-29 15:43:06.269031+00:00,0,A
TX14642,USR_1281,ACC_2281,573.89,USD,WIRE,MER_202,BEN_NEW_8692,DEV_ATO_8358,9f9f7dc56849a8f1,Unknown / Proxy IP,2026-08-29 15:44:06.269031+00:00,1,C
TX12598,USR_1111,ACC_2111,62.0,USD,ACH,MER_215,BEN_598,DEV_470,6b00b3fa091b36e5,"London, UK",2026-08-29 15:46:06.269031+00:00,0,A
TX11854,USR_1099,ACC_2099,166.05,USD,P2P,MER_170,BEN_608,DEV_325,7f3bb771f0573b6f,"New York, US",2026-08-29 15:53:06.269031+00:00,0,A
TX11600,USR_1044,ACC_2044,216.64,USD,P2P,MER_315,BEN_889,DEV_151,7dd4f2ecf1f66f66,"Sydney, AU",2026-08-29 15:54:06.269031+00:00,0,A
TX11850,USR_1165,ACC_2165,162.45,USD,ACH,MER_169,BEN_709,DEV_654,6a209799414ac9ae,"Sydney, AU",2026-08-29 15:55:06.269031+00:00,0,A
TX13690,USR_1103,ACC_2103,32.98,USD,ACH,MER_361,BEN_586,DEV_505,3bd6c9e1e86aa4e1,"London, UK",2026-08-29 15:57:06.269031+00:00,0,A
TX10828,USR_1160,ACC_2160,5.0,USD,WIRE,MER_212,BEN_827,DEV_576,337d54f89d9cced9,"Toronto, CA",2026-08-29 16:01:06.269031+00:00,0,A
TX12404,USR_1025,ACC_2025,174.61,USD,CARD,MER_358,BEN_936,DEV_378,8735e94194cd8c19,"Tokyo, JP",2026-08-29 16:06:06.269031+00:00,0,A
TX12920,USR_1223,ACC_2223,194.21,USD,CARD,MER_188,BEN_698,DEV_708,df97912a7c965b5f,"New York, US",2026-08-29 16:06:06.269031+00:00,0,A
TX12958,USR_1203,ACC_2203,158.29,USD,CARD,MER_287,BEN_909,DEV_385,b36e719e322cc5fc,"New York, US",2026-08-29 16:07:06.269031+00:00,0,A
TX12799,USR_1266,ACC_2266,112.72,USD,WIRE,MER_151,BEN_557,DEV_112,4c498aec97fa66bb,"Toronto, CA",2026-08-29 16:18:06.269031+00:00,0,A
TX11152,USR_1271,ACC_2271,118.7,USD,ACH,MER_129,BEN_598,DEV_899,c67a1e0a7190f404,"New York, US",2026-08-29 16:24:06.269031+00:00,0,A
TX14195,USR_1207,ACC_2207,58.21,USD,P2P,MER_142,BEN_751,DEV_596,ba65fed7c7170164,"Toronto, CA",2026-08-29 16:33:06.269031+00:00,0,A
TX12974,USR_1073,ACC_2073,102.64,USD,ACH,MER_283,BEN_514,DEV_332,58254c0adfed6a9f,"New York, US",2026-08-29 16:35:06.269031+00:00,0,A
TX12860,USR_1141,ACC_2141,83.57,USD,P2P,MER_358,BEN_701,DEV_578,4d95437c84830bda,"New York, US",2026-08-29 16:37:06.269031+00:00,0,A
TX12070,USR_1006,ACC_2006,56.91,USD,P2P,MER_133,BEN_912,DEV_801,7b9b363b102f9355,"New York, US",2026-08-29 16:40:06.269031+00:00,0,A
TX12115,USR_1218,ACC_2218,123.89,USD,CARD,MER_161,BEN_504,DEV_318,d7226c000046452f,"London, UK",2026-08-29 16:43:06.269031+00:00,0,A
TX11924,USR_1151,ACC_2151,220.39,USD,CARD,MER_248,BEN_562,DEV_424,c1de55ccf4ebef4d,"Tokyo, JP",2026-08-29 16:46:06.269031+00:00,0,A
TX13132,USR_1242,ACC_2242,226.05,USD,ACH,MER_336,BEN_963,DEV_176,bda908a866f4be63,"Sydney, AU",2026-08-29 16:48:06.269031+00:00,0,A
TX12502,USR_1024,ACC_2024,79.6,USD,P2P,MER_235,BEN_977,DEV_726,c7a29d5a635cc9d9,"Toronto, CA",2026-08-29 16:48:06.269031+00:00,0,A
TX11142,USR_1013,ACC_2013,3395.44,USD,P2P,MER_226,BEN_RING_777,DEV_RING_999,fd5dc3897b156800,"Tokyo, JP",2026-08-29 16:50:06.269031+00:00,1,D
TX10740,USR_1243,ACC_2243,55.51,USD,WIRE,MER_209,BEN_695,DEV_687,374dcf84a838dbb4,"Sydney, AU",2026-08-29 16:52:06.269031+00:00,0,A
TX11368,USR_1235,ACC_2235,142.8,USD,WIRE,MER_122,BEN_572,DEV_310,726bb384b3c414ca,"Sydney, AU",2026-08-29 16:55:06.269031+00:00,0,A
TX11528,USR_1289,ACC_2289,709.62,USD,P2P,MER_160,BEN_714,DEV_NEW_6877,5baf3a00f86a9976,"Toronto, CA",2026-08-29 17:00:06.269031+00:00,1,B
TX12639,USR_1052,ACC_2052,104.67,USD,ACH,MER_371,BEN_839,DEV_911,543d3130925feae7,"Sydney, AU",2026-08-29 17:01:06.269031+00:00,0,A
TX11937,USR_1057,ACC_2057,106.49,USD,ACH,MER_319,BEN_694,DEV_354,c45d5c6c769f2b69,"Toronto, CA",2026-08-29 17:04:06.269031+00:00,0,A
TX13621,USR_1053,ACC_2053,5.0,USD,CARD,MER_194,BEN_618,DEV_663,b6ccfe2c28a47580,"Tokyo, JP",2026-08-29 17:06:06.269031+00:00,0,A
TX12714,USR_1172,ACC_2172,259.08,USD,CARD,MER_129,BEN_CAR_DEALER_192,DEV_UPGRADE_3369,a857062f049ebbf9,"London, UK",2026-08-29 17:06:06.269031+00:00,0,E
TX13497,USR_1077,ACC_2077,83.5,USD,CARD,MER_212,BEN_962,DEV_679,e3a313e033bb8984,"New York, US",2026-08-29 17:11:06.269031+00:00,0,A
TX14223,USR_1122,ACC_2122,43.24,USD,ACH,MER_169,BEN_745,DEV_236,e55bd78f34497178,"London, UK",2026-08-29 17:12:06.269031+00:00,0,A
TX11590,USR_1117,ACC_2117,62.52,USD,ACH,MER_341,BEN_519,DEV_201,cc37dbb565d122a4,"London, UK",2026-08-29 17:16:06.269031+00:00,0,A
TX12220,USR_1138,ACC_2138,105.78,USD,ACH,MER_312,BEN_725,DEV_594,8d45592dae9f59a0,"Tokyo, JP",2026-08-29 17:17:06.269031+00:00,0,A
TX11817,USR_1066,ACC_2066,219.91,USD,CARD,MER_336,BEN_782,DEV_NEW_4228,8e173b21ad577306,"London, UK",2026-08-29 17:19:06.269031+00:00,0,B
TX13277,USR_1029,ACC_2029,58.32,USD,ACH,MER_227,BEN_973,DEV_985,c7e3f1b326ee84a0,"London, UK",2026-08-29 17:19:06.269031+00:00,0,A
TX11955,USR_1204,ACC_2204,8.81,USD,CARD,MER_143,BEN_558,DEV_216,d31bda7984910180,"Tokyo, JP",2026-08-29 17:19:06.269031+00:00,0,A
TX12232,USR_1210,ACC_2210,213.04,USD,WIRE,MER_221,BEN_724,DEV_404,c9ceeb8e9250506f,"Tokyo, JP",2026-08-29 17:20:06.269031+00:00,0,A
TX12102,USR_1125,ACC_2125,21.5,USD,CARD,MER_140,BEN_910,DEV_608,3bd97ae68c3711b6,"Toronto, CA",2026-08-29 17:22:06.269031+00:00,0,A
TX12378,USR_1083,ACC_2083,163.87,USD,P2P,MER_327,BEN_643,DEV_701,8c6fbb422103eaee,"New York, US",2026-08-29 17:31:06.269031+00:00,0,A
TX13537,USR_1041,ACC_2041,91.42,USD,WIRE,MER_294,BEN_963,DEV_438,7f20688d205e30a1,"London, UK",2026-08-29 17:35:06.269031+00:00,0,A
TX12040,USR_1069,ACC_2069,208.03,USD,ACH,MER_219,BEN_977,DEV_252,09cef2768190680f,"Tokyo, JP",2026-08-29 17:39:06.269031+00:00,0,A
TX13240,USR_1169,ACC_2169,44.54,USD,WIRE,MER_128,BEN_522,DEV_708,3f124d1fb7b436f7,"New York, US",2026-08-29 17:40:06.269031+00:00,0,A
TX11740,USR_1047,ACC_2047,215.77,USD,CARD,MER_161,BEN_601,DEV_692,a800010fef16c5ea,"Sydney, AU",2026-08-29 17:42:06.269031+00:00,0,A
TX13794,USR_1053,ACC_2053,517.22,USD,P2P,MER_261,BEN_CAR_DEALER_200,DEV_UPGRADE_3342,384061d4871fda2e,"Tokyo, JP",2026-08-29 17:44:06.269031+00:00,0,E
TX12075,USR_1231,ACC_2231,133.85,USD,ACH,MER_263,BEN_614,DEV_253,69b564f42ff74364,"Toronto, CA",2026-08-29 17:44:06.269031+00:00,0,A
TX10848,USR_1054,ACC_2054,77.2,USD,P2P,MER_191,BEN_926,DEV_321,25bcd6ffa38deb1b,"Toronto, CA",2026-08-29 17:45:06.269031+00:00,0,A
TX14108,USR_1176,ACC_2176,237.11,USD,CARD,MER_340,BEN_951,DEV_NEW_2829,922b57721fe4262e,"Tokyo, JP",2026-08-29 17:51:06.269031+00:00,0,B
TX12409,USR_1230,ACC_2230,559.83,USD,P2P,MER_123,BEN_939,DEV_NEW_6873,121e0a975b3b7d20,"Toronto, CA",2026-08-29 17:55:06.269031+00:00,1,B
TX11933,USR_1283,ACC_2283,1162.48,USD,CARD,MER_319,BEN_CAR_DEALER_180,DEV_UPGRADE_3036,b52082bae5419f55,"New York, US",2026-08-29 18:04:06.269031+00:00,0,E
TX13689,USR_1038,ACC_2038,105.29,USD,ACH,MER_371,BEN_841,DEV_151,d1561592aad7dc92,"Sydney, AU",2026-08-29 18:04:06.269031+00:00,0,A
TX13116,USR_1211,ACC_2211,120.57,USD,P2P,MER_372,BEN_791,DEV_730,1c69e66247a30c97,"London, UK",2026-08-29 18:11:06.269031+00:00,0,A
TX13001,USR_1223,ACC_2223,243.27,USD,CARD,MER_379,BEN_567,DEV_753,df97912a7c965b5f,"New York, US",2026-08-29 18:15:06.269031+00:00,0,A
TX14772,USR_1237,ACC_2237,138.43,USD,ACH,MER_399,BEN_619,DEV_342,8b11224c92458caf,"Sydney, AU",2026-08-29 18:18:06.269031+00:00,0,A
TX11620,USR_1042,ACC_2042,467.59,USD,P2P,MER_323,BEN_CAR_DEALER_119,DEV_UPGRADE_3648,4deedbb583918fca,"Sydney, AU",2026-08-29 18:22:06.269031+00:00,0,E
TX12583,USR_1232,ACC_2232,49.61,USD,WIRE,MER_135,BEN_705,DEV_614,57cd4dd75ee045c8,"London, UK",2026-08-29 18:24:06.269031+00:00,0,A
TX11679,USR_1182,ACC_2182,799.3,USD,ACH,MER_224,BEN_CAR_DEALER_199,DEV_UPGRADE_3587,a8f4b31a7881bbaf,"Tokyo, JP",2026-08-29 18:27:06.269031+00:00,0,E
TX10491,USR_1008,ACC_2008,84.22,USD,ACH,MER_181,BEN_821,DEV_470,e2c63244fb17a1bf,"New York, US",2026-08-29 18:27:06.269031+00:00,0,A
TX12723,USR_1085,ACC_2085,5.0,USD,WIRE,MER_206,BEN_924,DEV_905,d15e8c587f1dd67a,"Toronto, CA",2026-08-29 18:33:06.269031+00:00,0,A
TX11825,USR_1262,ACC_2262,68.66,USD,WIRE,MER_131,BEN_913,DEV_254,142617e48d73374c,"New York, US",2026-08-29 18:43:06.269031+00:00,0,A
TX11768,USR_1287,ACC_2287,5.0,USD,P2P,MER_230,BEN_833,DEV_851,3c8fe058cbb41642,"New York, US",2026-08-29 18:43:06.269031+00:00,0,A
TX13449,USR_1015,ACC_2015,113.39,USD,WIRE,MER_392,BEN_978,DEV_626,5457ab5de7f73ba3,"London, UK",2026-08-29 18:52:06.269031+00:00,0,A
TX13815,USR_1161,ACC_2161,112.75,USD,CARD,MER_369,BEN_775,DEV_565,5cdd1dd4ffdabd3f,"Sydney, AU",2026-08-29 18:54:06.269031+00:00,0,A
TX13523,USR_1100,ACC_2100,98.26,USD,P2P,MER_121,BEN_926,DEV_609,0b550abed4d63847,"Sydney, AU",2026-08-29 18:55:06.269031+00:00,0,A
TX13143,USR_1036,ACC_2036,45.12,USD,P2P,MER_123,BEN_575,DEV_779,cea311fcad472a9b,"London, UK",2026-08-29 18:57:06.269031+00:00,0,A
TX13560,USR_1126,ACC_2126,88.5,USD,ACH,MER_121,BEN_853,DEV_181,5f77f6179e67d445,"Sydney, AU",2026-08-29 19:01:06.269031+00:00,0,A
TX11461,USR_1235,ACC_2235,147.3,USD,P2P,MER_147,BEN_997,DEV_310,726bb384b3c414ca,"Sydney, AU",2026-08-29 19:05:06.269031+00:00,0,A
TX11593,USR_1145,ACC_2145,63.99,USD,P2P,MER_183,BEN_763,DEV_830,5286bf21461c013e,"Sydney, AU",2026-08-29 19:07:06.269031+00:00,0,A
TX12727,USR_1155,ACC_2155,175.02,USD,WIRE,MER_190,BEN_967,DEV_887,12a2612a581bf810,"Toronto, CA",2026-08-29 19:08:06.269031+00:00,0,A
TX12117,USR_1218,ACC_2218,81.13,USD,WIRE,MER_161,BEN_504,DEV_318,55488a4c24a30597,"London, UK",2026-08-29 19:08:06.269031+00:00,0,A
TX10962,USR_1005,ACC_2005,50.91,USD,P2P,MER_294,BEN_625,DEV_479,18245baac911d82f,"New York, US",2026-08-29 19:09:06.269031+00:00,0,A
TX12893,USR_1067,ACC_2067,63.0,USD,P2P,MER_382,BEN_747,DEV_610,f80d4ec22628293a,"Tokyo, JP",2026-08-29 19:10:06.269031+00:00,0,A
TX12296,USR_1192,ACC_2192,76.92,USD,P2P,MER_255,BEN_734,DEV_469,5dd32c369dca9f43,"Sydney, AU",2026-08-29 19:13:06.269031+00:00,0,A
TX12111,USR_1113,ACC_2113,143.92,USD,P2P,MER_329,BEN_812,DEV_838,98eccdccd122648d,"London, UK",2026-08-29 19:21:06.269031+00:00,0,A
TX13595,USR_1265,ACC_2265,87.58,USD,P2P,MER_241,BEN_784,DEV_954,3a9ef89cf7f2e266,"New York, US",2026-08-29 19:23:06.269031+00:00,0,A
TX12451,USR_1162,ACC_2162,159.17,USD,CARD,MER_366,BEN_793,DEV_179,93b1c2216db49997,"Toronto, CA",2026-08-29 19:24:06.269031+00:00,0,A
TX13234,USR_1158,ACC_2158,19.36,USD,WIRE,MER_148,BEN_705,DEV_279,1ec4162308d86ff4,"Sydney, AU",2026-08-29 19:26:06.269031+00:00,0,A
TX14386,USR_1225,ACC_2225,104.42,USD,P2P,MER_204,BEN_542,DEV_818,096ece57ca1c0963,"Toronto, CA",2026-08-29 19:33:06.269031+00:00,0,A
TX14382,USR_1194,ACC_2194,49.48,USD,ACH,MER_158,BEN_643,DEV_398,dfece048aff84a9e,"Toronto, CA",2026-08-29 19:34:06.269031+00:00,0,A
TX12199,USR_1009,ACC_2009,7420.89,USD,P2P,MER_250,BEN_RING_777,DEV_RING_999,fd5dc3897b156800,"New York, US",2026-08-29 19:35:06.269031+00:00,1,D
TX11744,USR_1235,ACC_2235,152.36,USD,ACH,MER_366,BEN_572,DEV_310,1fe9fcc6678ffd0c,"Sydney, AU",2026-08-29 19:41:06.269031+00:00,0,A
TX11778,USR_1090,ACC_2090,112.01,USD,CARD,MER_331,BEN_936,DEV_711,d37b2f3a3e8b1e76,"Toronto, CA",2026-08-29 19:44:06.269031+00:00,0,A
TX13103,USR_1082,ACC_2082,159.5,USD,CARD,MER_298,BEN_549,DEV_518,e9adc9bb40a0ee12,"New York, US",2026-08-29 19:52:06.269031+00:00,0,A
TX12697,USR_1180,ACC_2180,5.0,USD,WIRE,MER_347,BEN_841,DEV_169,4e3c89636a5903ac,"Toronto, CA",2026-08-29 19:53:06.269031+00:00,0,A
TX11816,USR_1065,ACC_2065,139.36,USD,CARD,MER_247,BEN_604,DEV_523,50f80dd021cf6a7a,"Sydney, AU",2026-08-29 20:00:06.269031+00:00,0,A
TX13109,USR_1080,ACC_2080,144.5,USD,WIRE,MER_288,BEN_904,DEV_244,483e41a558764e8a,"Sydney, AU",2026-08-29 20:06:06.269031+00:00,0,A
TX12193,USR_1221,ACC_2221,64.91,USD,CARD,MER_113,BEN_571,DEV_703,decd57703473e273,"Sydney, AU",2026-08-29 20:07:06.269031+00:00,0,A
TX12575,USR_1000,ACC_2000,112.74,USD,P2P,MER_115,BEN_846,DEV_125,e5b5a7e8cd8467b3,"London, UK",2026-08-29 20:07:06.269031+00:00,0,A
TX13418,USR_1080,ACC_2080,1862.23,USD,WIRE,MER_288,BEN_NEW_9363,DEV_ATO_9796,af23c06679a1a84d,Unknown / Proxy IP,2026-08-29 20:08:06.269031+00:00,1,C
TX11170,USR_1292,ACC_2292,6.58,USD,ACH,MER_248,BEN_651,DEV_840,f30808d48ce3f5f0,"London, UK",2026-08-29 20:09:06.269031+00:00,0,A
TX12528,USR_1293,ACC_2293,153.11,USD,CARD,MER_187,BEN_936,DEV_218,aebc04d764177518,"New York, US",2026-08-29 20:09:06.269031+00:00,0,A
TX11609,USR_1292,ACC_2292,333.81,USD,WIRE,MER_248,BEN_NEW_9762,DEV_ATO_8660,a58fd70564e49bc2,Unknown / Proxy IP,2026-08-29 20:15:06.269031+00:00,1,C
TX13670,USR_1077,ACC_2077,63.04,USD,P2P,MER_197,BEN_962,DEV_679,e3a313e033bb8984,"New York, US",2026-08-29 20:15:06.269031+00:00,0,A
TX12966,USR_1186,ACC_2186,120.97,USD,P2P,MER_277,BEN_886,DEV_406,01212de5b81c350b,"Sydney, AU",2026-08-29 20:16:06.269031+00:00,0,A
TX12249,USR_1253,ACC_2253,682.56,USD,ACH,MER_262,BEN_CAR_DEALER_171,DEV_UPGRADE_3293,45f4a1d19d86b658,"Toronto, CA",2026-08-29 20:17:06.269031+00:00,0,E
TX11992,USR_1133,ACC_2133,65.31,USD,ACH,MER_338,BEN_997,DEV_836,ef76d461bce1b4dc,"Sydney, AU",2026-08-29 20:17:06.269031+00:00,0,A
TX14117,USR_1016,ACC_2016,16.75,USD,P2P,MER_131,BEN_873,DEV_196,77b38a90ef972e5e,"Sydney, AU",2026-08-29 20:20:06.269031+00:00,0,A
TX12811,USR_1033,ACC_2033,61.45,USD,P2P,MER_269,BEN_985,DEV_632,46aa30724ea1e038,"London, UK",2026-08-29 20:25:06.269031+00:00,0,A
TX11747,USR_1044,ACC_2044,154.46,USD,P2P,MER_229,BEN_694,DEV_286,7dd4f2ecf1f66f66,"Sydney, AU",2026-08-29 20:30:06.269031+00:00,0,A
TX12581,USR_1255,ACC_2255,64.95,USD,WIRE,MER_324,BEN_697,DEV_355,ccfdb0e012ebf470,"New York, US",2026-08-29 20:32:06.269031+00:00,0,A
TX11894,USR_1056,ACC_2056,79.1,USD,ACH,MER_177,BEN_705,DEV_590,b8d9f40734eb5d68,"Tokyo, JP",2026-08-29 20:34:06.269031+00:00,0,A
TX11945,USR_1188,ACC_2188,5.0,USD,ACH,MER_237,BEN_865,DEV_542,4ef285a84911ce89,"New York, US",2026-08-29 20:36:06.269031+00:00,0,A
TX12010,USR_1151,ACC_2151,181.79,USD,P2P,MER_294,BEN_846,DEV_591,c1de55ccf4ebef4d,"Tokyo, JP",2026-08-29 20:40:06.269031+00:00,0,A
TX11971,USR_1189,ACC_2189,86.22,USD,ACH,MER_144,BEN_567,DEV_424,a15c24663e9716f9,"Tokyo, JP",2026-08-29 20:43:06.269031+00:00,0,A
TX12462,USR_1012,ACC_2012,6194.08,USD,P2P,MER_184,BEN_RING_777,DEV_RING_999,fd5dc3897b156800,"Toronto, CA",2026-08-29 20:43:06.269031+00:00,1,D
TX11417,USR_1034,ACC_2034,88.01,USD,P2P,MER_307,BEN_715,DEV_518,95848e58ee16c597,"Toronto, CA",2026-08-29 20:46:06.269031+00:00,0,A
TX12007,USR_1043,ACC_2043,58.59,USD,CARD,MER_388,BEN_701,DEV_841,a13bd63118e22736,"Toronto, CA",2026-08-29 20:50:06.269031+00:00,0,A
TX10966,USR_1014,ACC_2014,123.54,USD,ACH,MER_217,BEN_503,DEV_446,f808d0e331397ae0,"Toronto, CA",2026-08-29 20:50:06.269031+00:00,0,A
TX12989,USR_1203,ACC_2203,93.3,USD,WIRE,MER_195,BEN_946,DEV_385,7f425fb15ab04329,"New York, US",2026-08-29 20:55:06.269031+00:00,0,A
TX11735,USR_1120,ACC_2120,149.63,USD,WIRE,MER_369,BEN_768,DEV_729,acf4e5f702d3cb66,"London, UK",2026-08-29 21:00:06.269031+00:00,0,A
TX12306,USR_1193,ACC_2193,932.94,USD,ACH,MER_303,BEN_808,DEV_NEW_8822,127a00e0f5c3b6fc,"Toronto, CA",2026-08-29 21:00:06.269031+00:00,1,B
TX10776,USR_1101,ACC_2101,92.5,USD,WIRE,MER_110,BEN_793,DEV_570,9ad7f3c439662655,"Toronto, CA",2026-08-29 21:01:06.269031+00:00,0,A
TX13958,USR_1045,ACC_2045,93.61,USD,ACH,MER_115,BEN_899,DEV_867,51a85a28c34ed363,"London, UK",2026-08-29 21:01:06.269031+00:00,0,A
TX11006,USR_1074,ACC_2074,64.69,USD,P2P,MER_398,BEN_540,DEV_249,167806ab11382ccb,"London, UK",2026-08-29 21:04:06.269031+00:00,0,A
TX13844,USR_1087,ACC_2087,14.5,USD,CARD,MER_132,BEN_526,DEV_907,3b86210ba12aac66,"London, UK",2026-08-29 21:05:06.269031+00:00,0,A
TX11770,USR_1279,ACC_2279,33.92,USD,CARD,MER_271,BEN_879,DEV_965,98f7d33c8fc726ac,"London, UK",2026-08-29 21:05:06.269031+00:00,0,A
TX12099,USR_1071,ACC_2071,135.8,USD,P2P,MER_179,BEN_573,DEV_995,f338536f45f03dae,"Sydney, AU",2026-08-29 21:08:06.269031+00:00,0,A
TX13817,USR_1177,ACC_2177,91.82,USD,WIRE,MER_313,BEN_633,DEV_146,2d9eae9ad589ed38,"London, UK",2026-08-29 21:09:06.269031+00:00,0,A
TX14834,USR_1045,ACC_2045,1881.84,USD,WIRE,MER_202,BEN_NEW_9519,DEV_ATO_5863,92a6dc8ecf5639f4,Unknown / Proxy IP,2026-08-29 21:12:06.269031+00:00,1,C
TX12930,USR_1078,ACC_2078,168.46,USD,WIRE,MER_251,BEN_796,DEV_743,0fb9c57e09bf3897,"New York, US",2026-08-29 21:13:06.269031+00:00,0,A
TX13475,USR_1030,ACC_2030,188.73,USD,P2P,MER_198,BEN_907,DEV_139,60044722c469d400,"Sydney, AU",2026-08-29 21:13:06.269031+00:00,0,A
TX11427,USR_1159,ACC_2159,47.58,USD,CARD,MER_131,BEN_870,DEV_106,1127f31f85cad88c,"Tokyo, JP",2026-08-29 21:16:06.269031+00:00,0,A
TX11833,USR_1002,ACC_2002,3955.57,USD,P2P,MER_147,BEN_RING_777,DEV_RING_999,fd5dc3897b156800,"Tokyo, JP",2026-08-29 21:16:06.269031+00:00,1,D
TX12903,USR_1070,ACC_2070,154.07,USD,CARD,MER_353,BEN_839,DEV_NEW_5578,34aa4d9d426ce603,"Sydney, AU",2026-08-29 21:17:06.269031+00:00,1,B
TX12323,USR_1170,ACC_2170,5.0,USD,CARD,MER_366,BEN_806,DEV_615,6d3f2c0efed53fd2,"Toronto, CA",2026-08-29 21:20:06.269031+00:00,0,A
TX12837,USR_1251,ACC_2251,26.51,USD,ACH,MER_272,BEN_860,DEV_892,d319e3b8b7c777d1,"Tokyo, JP",2026-08-29 21:21:06.269031+00:00,0,A
TX11859,USR_1097,ACC_2097,45.33,USD,ACH,MER_179,BEN_526,DEV_478,900cbd71f690a490,"Toronto, CA",2026-08-29 21:28:06.269031+00:00,0,A
TX12373,USR_1286,ACC_2286,18.0,USD,P2P,MER_167,BEN_584,DEV_803,67dbe69b22e1a125,"Tokyo, JP",2026-08-29 21:30:06.269031+00:00,0,A
TX11445,USR_1282,ACC_2282,131.97,USD,ACH,MER_129,BEN_590,DEV_423,a056b9561fb0441c,"New York, US",2026-08-29 21:35:06.269031+00:00,0,A
TX12671,USR_1198,ACC_2198,476.63,USD,ACH,MER_365,BEN_CAR_DEALER_163,DEV_UPGRADE_3972,e9f7c9e4f8358d4f,"New York, US",2026-08-29 21:35:06.269031+00:00,0,E
TX13237,USR_1256,ACC_2256,47.58,USD,WIRE,MER_117,BEN_583,DEV_459,1ef60236fe347e83,"Toronto, CA",2026-08-29 21:38:06.269031+00:00,0,A
TX11501,USR_1048,ACC_2048,495.84,USD,P2P,MER_335,BEN_CAR_DEALER_103,DEV_UPGRADE_3027,7f3a79b76518f784,"New York, US",2026-08-29 21:45:06.269031+00:00,0,E
TX11888,USR_1152,ACC_2152,139.81,USD,P2P,MER_170,BEN_603,DEV_394,bd5e4722f4a3f853,"Sydney, AU",2026-08-29 21:45:06.269031+00:00,0,A
TX12701,USR_1076,ACC_2076,5.0,USD,CARD,MER_394,BEN_683,DEV_356,af0d92457cc9a553,"Sydney, AU",2026-08-29 21:46:06.269031+00:00,0,A
TX13298,USR_1214,ACC_2214,90.88,USD,ACH,MER_283,BEN_501,DEV_867,daf2584bc2d0a66d,"Tokyo, JP",2026-08-29 21:46:06.269031+00:00,0,A
TX14152,USR_1149,ACC_2149,207.54,USD,CARD,MER_188,BEN_666,DEV_993,54aa31bdb6a655de,"London, UK",2026-08-29 21:46:06.269031+00:00,0,A
TX14344,USR_1197,ACC_2197,105.38,USD,WIRE,MER_185,BEN_893,DEV_656,c5d9afcc6e182623,"Toronto, CA",2026-08-29 21:47:06.269031+00:00,0,A
TX13302,USR_1280,ACC_2280,72.4,USD,P2P,MER_160,BEN_690,DEV_463,b6053954f622ffb5,"Sydney, AU",2026-08-29 21:50:06.269031+00:00,0,A
TX11504,USR_1109,ACC_2109,143.74,USD,WIRE,MER_172,BEN_836,DEV_NEW_2161,53cef7037ed47034,"Tokyo, JP",2026-08-29 21:54:06.269031+00:00,1,B
TX12162,USR_1299,ACC_2299,57.89,USD,CARD,MER_306,BEN_754,DEV_570,8bdd36f5ed2bd26b,"New York, US",2026-08-29 21:55:06.269031+00:00,0,A
TX14742,USR_1055,ACC_2055,126.79,USD,P2P,MER_245,BEN_885,DEV_380,41be1af591f90cd7,"Tokyo, JP",2026-08-29 22:05:06.269031+00:00,0,A
TX14600,USR_1058,ACC_2058,86.16,USD,WIRE,MER_180,BEN_635,DEV_724,4ca18e2dc49b3667,"London, UK",2026-08-29 22:05:06.269031+00:00,0,A
TX13834,USR_1161,ACC_2161,143.51,USD,ACH,MER_226,BEN_887,DEV_256,5cdd1dd4ffdabd3f,"Sydney, AU",2026-08-29 22:06:06.269031+00:00,0,A
TX11952,USR_1152,ACC_2152,1104.07,USD,CARD,MER_170,BEN_CAR_DEALER_149,DEV_UPGRADE_3059,145d8ecfad10b8a6,"Sydney, AU",2026-08-29 22:07:06.269031+00:00,0,E
TX13724,USR_1107,ACC_2107,42.36,USD,ACH,MER_131,BEN_743,DEV_560,9e958d16e65a5abe,"London, UK",2026-08-29 22:13:06.269031+00:00,0,A
TX12389,USR_1193,ACC_2193,232.41,USD,WIRE,MER_303,BEN_664,DEV_550,e4ba75bf79fdcb04,"Toronto, CA",2026-08-29 22:15:06.269031+00:00,0,A
TX11983,USR_1274,ACC_2274,28.75,USD,CARD,MER_188,BEN_899,DEV_762,383262a527cc1403,"Sydney, AU",2026-08-29 22:15:06.269031+00:00,0,A
TX13114,USR_1239,ACC_2239,67.94,USD,CARD,MER_175,BEN_927,DEV_192,8b7c8c2ee21f71d6,"Toronto, CA",2026-08-29 22:15:06.269031+00:00,0,A
TX14192,USR_1183,ACC_2183,111.04,USD,ACH,MER_382,BEN_707,DEV_800,73e4ace72d513ef6,"New York, US",2026-08-29 22:16:06.269031+00:00,0,A
TX12507,USR_1088,ACC_2088,66.11,USD,P2P,MER_115,BEN_872,DEV_707,e81465da5a78a239,"Toronto, CA",2026-08-29 22:23:06.269031+00:00,0,A
TX13532,USR_1222,ACC_2222,5.0,USD,P2P,MER_222,BEN_527,DEV_630,0320c343468f3a66,"Sydney, AU",2026-08-29 22:26:06.269031+00:00,0,A
TX13112,USR_1172,ACC_2172,48.18,USD,P2P,MER_129,BEN_653,DEV_813,418ca1e6507f5057,"London, UK",2026-08-29 22:28:06.269031+00:00,0,A
TX11862,USR_1095,ACC_2095,118.15,USD,P2P,MER_258,BEN_592,DEV_723,47dee88f32dc4e73,"Tokyo, JP",2026-08-29 22:31:06.269031+00:00,0,A
TX12992,USR_1257,ACC_2257,176.64,USD,ACH,MER_320,BEN_780,DEV_175,891555760069fa87,"London, UK",2026-08-29 22:31:06.269031+00:00,0,A
TX10376,USR_1032,ACC_2032,121.82,USD,ACH,MER_122,BEN_559,DEV_211,0bbd6e1752497cd8,"Tokyo, JP",2026-08-29 22:33:06.269031+00:00,0,A
TX12406,USR_1137,ACC_2137,186.15,USD,P2P,MER_115,BEN_607,DEV_183,164f8d9a21be4783,"Toronto, CA",2026-08-29 22:33:06.269031+00:00,0,A
TX12147,USR_1262,ACC_2262,58.37,USD,P2P,MER_383,BEN_777,DEV_254,142617e48d73374c,"New York, US",2026-08-29 22:35:06.269031+00:00,0,A
TX12715,USR_1089,ACC_2089,54.08,USD,WIRE,MER_164,BEN_541,DEV_967,abe8616dca369737,"Sydney, AU",2026-08-29 22:36:06.269031+00:00,0,A
TX11349,USR_1130,ACC_2130,121.34,USD,ACH,MER_188,BEN_569,DEV_726,a132455f8aba0763,"London, UK",2026-08-29 22:44:06.269031+00:00,0,A
TX13720,USR_1144,ACC_2144,81.89,USD,P2P,MER_119,BEN_601,DEV_913,1738decb44c32509,"Tokyo, JP",2026-08-29 22:45:06.269031+00:00,0,A
TX14082,USR_1228,ACC_2228,104.77,USD,WIRE,MER_319,BEN_960,DEV_270,3f70b2135cc48ade,"Tokyo, JP",2026-08-29 22:45:06.269031+00:00,0,A
TX14812,USR_1207,ACC_2207,99.06,USD,WIRE,MER_350,BEN_850,DEV_596,7743ecec2e2aaec1,"Toronto, CA",2026-08-29 22:45:06.269031+00:00,0,A
TX12681,USR_1134,ACC_2134,122.67,USD,P2P,MER_163,BEN_994,DEV_231,fcac5511c1942848,"Toronto, CA",2026-08-29 22:47:06.269031+00:00,0,A
TX14856,USR_1207,ACC_2207,1802.63,USD,WIRE,MER_350,BEN_NEW_9310,DEV_ATO_5458,3518ca4f9ec1ee2b,Unknown / Proxy IP,2026-08-29 22:50:06.269031+00:00,1,C
TX11554,USR_1031,ACC_2031,61.63,USD,P2P,MER_159,BEN_669,DEV_385,ee85905019f3301c,"Tokyo, JP",2026-08-29 22:54:06.269031+00:00,0,A
TX13944,USR_1177,ACC_2177,114.88,USD,P2P,MER_313,BEN_783,DEV_523,d0954936adb6f994,"London, UK",2026-08-29 22:54:06.269031+00:00,0,A
TX12640,USR_1025,ACC_2025,174.73,USD,CARD,MER_126,BEN_936,DEV_378,2488659b8d6070e6,"Tokyo, JP",2026-08-29 22:54:06.269031+00:00,0,A
TX12224,USR_1277,ACC_2277,218.59,USD,P2P,MER_129,BEN_891,DEV_828,13d2e495037fc7ea,"London, UK",2026-08-29 22:56:06.269031+00:00,0,A
TX12417,USR_1170,ACC_2170,102.06,USD,ACH,MER_264,BEN_895,DEV_615,6d3f2c0efed53fd2,"Toronto, CA",2026-08-29 23:04:06.269031+00:00,0,A
TX12159,USR_1188,ACC_2188,5.0,USD,P2P,MER_294,BEN_865,DEV_290,4dc54b085bc7cf37,"New York, US",2026-08-29 23:06:06.269031+00:00,0,A
TX13011,USR_1178,ACC_2178,62.28,USD,CARD,MER_335,BEN_850,DEV_437,5722f7c9bfecc5d8,"London, UK",2026-08-29 23:12:06.269031+00:00,0,A
TX11398,USR_1084,ACC_2084,33.7,USD,P2P,MER_162,BEN_597,DEV_975,1208c228f12bd6c4,"Tokyo, JP",2026-08-29 23:13:06.269031+00:00,0,A
TX14268,USR_1199,ACC_2199,108.43,USD,P2P,MER_143,BEN_676,DEV_556,cec3b891aa0766f8,"Toronto, CA",2026-08-29 23:14:06.269031+00:00,0,A
TX11605,USR_1079,ACC_2079,72.75,USD,ACH,MER_158,BEN_584,DEV_279,01ccb63b20374c9e,"Tokyo, JP",2026-08-29 23:14:06.269031+00:00,0,A
TX11192,USR_1128,ACC_2128,15.76,USD,P2P,MER_371,BEN_689,DEV_492,e116857d689b3cac,"London, UK",2026-08-29 23:14:06.269031+00:00,0,A
TX14964,USR_1220,ACC_2220,146.08,USD,P2P,MER_151,BEN_710,DEV_724,72d96e413d4e06fb,"London, UK",2026-08-29 23:15:06.269031+00:00,0,A
TX14883,USR_1149,ACC_2149,185.42,USD,P2P,MER_188,BEN_787,DEV_968,54aa31bdb6a655de,"London, UK",2026-08-29 23:16:06.269031+00:00,0,A
TX12886,USR_1155,ACC_2155,237.8,USD,ACH,MER_303,BEN_967,DEV_887,ce61f694417a43be,"Toronto, CA",2026-08-29 23:18:06.269031+00:00,0,A
TX11469,USR_1064,ACC_2064,150.47,USD,CARD,MER_100,BEN_661,DEV_778,4db1862dd0e40d19,"Sydney, AU",2026-08-29 23:19:06.269031+00:00,0,A
TX13444,USR_1250,ACC_2250,13.91,USD,ACH,MER_175,BEN_590,DEV_439,8bc5ca6f1c58f90a,"London, UK",2026-08-29 23:22:06.269031+00:00,0,A
TX13052,USR_1115,ACC_2115,174.37,USD,CARD,MER_330,BEN_645,DEV_756,144ef9b1edd50150,"New York, US",2026-08-29 23:23:06.269031+00:00,0,A
TX13927,USR_1272,ACC_2272,22.39,USD,WIRE,MER_190,BEN_848,DEV_469,43d8fae6420bbe4b,"Sydney, AU",2026-08-29 23:24:06.269031+00:00,0,A
TX12808,USR_1188,ACC_2188,15.11,USD,WIRE,MER_294,BEN_537,DEV_290,4ef285a84911ce89,"New York, US",2026-08-29 23:25:06.269031+00:00,0,A
TX14328,USR_1199,ACC_2199,48.72,USD,ACH,MER_153,BEN_676,DEV_556,cec3b891aa0766f8,"Toronto, CA",2026-08-29 23:28:06.269031+00:00,0,A
TX13223,USR_1036,ACC_2036,66.75,USD,ACH,MER_112,BEN_575,DEV_779,cea311fcad472a9b,"London, UK",2026-08-29 23:28:06.269031+00:00,0,A
TX12212,USR_1006,ACC_2006,4083.91,USD,P2P,MER_133,BEN_RING_777,DEV_RING_999,fd5dc3897b156800,"New York, US",2026-08-29 23:30:06.269031+00:00,1,D
TX12278,USR_1009,ACC_2009,34.43,USD,WIRE,MER_274,BEN_953,DEV_357,3db2a3b19d9769cc,"New York, US",2026-08-29 23:31:06.269031+00:00,0,A
TX12401,USR_1098,ACC_2098,198.94,USD,WIRE,MER_245,BEN_762,DEV_777,52fe8baed4ca9e50,"Tokyo, JP",2026-08-29 23:33:06.269031+00:00,0,A
TX11377,USR_1139,ACC_2139,71.04,USD,WIRE,MER_338,BEN_763,DEV_420,81a41f4d213f9ad2,"Tokyo, JP",2026-08-29 23:36:06.269031+00:00,0,A
TX12518,USR_1146,ACC_2146,88.37,USD,WIRE,MER_257,BEN_688,DEV_707,c33c25d83dc44ad3,"Sydney, AU",2026-08-29 23:39:06.269031+00:00,0,A
TX11450,USR_1241,ACC_2241,48.82,USD,ACH,MER_290,BEN_601,DEV_204,0b35119407a28848,"New York, US",2026-08-29 23:41:06.269031+00:00,0,A
TX13260,USR_1261,ACC_2261,452.32,USD,P2P,MER_237,BEN_725,DEV_NEW_6170,811834c71f1d4f06,"Sydney, AU",2026-08-29 23:42:06.269031+00:00,0,B
TX11391,USR_1205,ACC_2205,132.42,USD,ACH,MER_394,BEN_761,DEV_420,17a963387deb159b,"London, UK",2026-08-29 23:45:06.269031+00:00,0,A
TX11286,USR_1081,ACC_2081,109.96,USD,ACH,MER_267,BEN_817,DEV_490,54c1bae29c21b64f,"New York, US",2026-08-29 23:45:06.269031+00:00,0,A
TX13282,USR_1089,ACC_2089,30.25,USD,CARD,MER_264,BEN_960,DEV_511,c9dca1b44f1121b5,"Sydney, AU",2026-08-29 23:48:06.269031+00:00,0,A
TX11907,USR_1241,ACC_2241,152.1,USD,P2P,MER_305,BEN_921,DEV_204,fbd7d4ee4caf9386,"New York, US",2026-08-29 23:50:06.269031+00:00,0,A
TX10258,USR_1003,ACC_2003,6054.74,USD,P2P,MER_140,BEN_RING_777,DEV_RING_999,fd5dc3897b156800,"Sydney, AU",2026-08-29 23:52:06.269031+00:00,1,D
TX12339,USR_1010,ACC_2010,25.89,USD,CARD,MER_178,BEN_967,DEV_261,f192cebecb4b1736,"Tokyo, JP",2026-08-29 23:53:06.269031+00:00,0,A
TX12300,USR_1291,ACC_2291,78.42,USD,P2P,MER_393,BEN_545,DEV_804,73383021c91189cd,"New York, US",2026-08-29 23:53:06.269031+00:00,0,A
TX12442,USR_1079,ACC_2079,62.77,USD,P2P,MER_158,BEN_925,DEV_279,03e70a2d37a6fbd7,"Tokyo, JP",2026-08-29 23:53:06.269031+00:00,0,A
TX12627,USR_1202,ACC_2202,8.46,USD,P2P,MER_102,BEN_514,DEV_916,6479e01d7b163595,"Sydney, AU",2026-08-29 23:54:06.269031+00:00,0,A
TX11821,USR_1271,ACC_2271,123.31,USD,CARD,MER_202,BEN_948,DEV_899,bcd2c88a9c3ee93c,"New York, US",2026-08-29 23:55:06.269031+00:00,0,A
TX10870,USR_1039,ACC_2039,80.57,USD,ACH,MER_222,BEN_626,DEV_950,51115cee44834188,"Sydney, AU",2026-08-29 23:58:06.269031+00:00,0,A
TX11890,USR_1208,ACC_2208,80.62,USD,WIRE,MER_353,BEN_586,DEV_914,bf683377a3f8fe47,"Tokyo, JP",2026-08-30 00:01:06.269031+00:00,0,A
TX13017,USR_1073,ACC_2073,80.63,USD,ACH,MER_128,BEN_653,DEV_864,58254c0adfed6a9f,"New York, US",2026-08-30 00:01:06.269031+00:00,0,A
TX11592,USR_1104,ACC_2104,150.05,USD,P2P,MER_337,BEN_588,DEV_844,66e643e8a810cdda,"New York, US",2026-08-30 00:04:06.269031+00:00,0,A
TX13322,USR_1226,ACC_2226,82.3,USD,P2P,MER_129,BEN_988,DEV_700,ad7846d8a635bc19,"New York, US",2026-08-30 00:08:06.269031+00:00,0,A
TX12729,USR_1071,ACC_2071,853.01,USD,WIRE,MER_340,BEN_CAR_DEALER_112,DEV_UPGRADE_3263,f338536f45f03dae,"Sydney, AU",2026-08-30 00:10:06.269031+00:00,0,E
TX11438,USR_1063,ACC_2063,54.24,USD,WIRE,MER_310,BEN_664,DEV_699,553ed483ad5e1493,"New York, US",2026-08-30 00:11:06.269031+00:00,0,A
TX11455,USR_1143,ACC_2143,257.33,USD,P2P,MER_243,BEN_537,DEV_510,d9d3e907738609eb,"Tokyo, JP",2026-08-30 00:16:06.269031+00:00,0,A
TX13045,USR_1108,ACC_2108,176.72,USD,P2P,MER_244,BEN_690,DEV_140,63da350cf0be46c5,"Sydney, AU",2026-08-30 00:18:06.269031+00:00,0,A
TX14028,USR_1161,ACC_2161,195.8,USD,CARD,MER_369,BEN_910,DEV_565,67c9e296ad6a0f6a,"Sydney, AU",2026-08-30 00:22:06.269031+00:00,0,A
TX13739,USR_1296,ACC_2296,39.15,USD,WIRE,MER_389,BEN_860,DEV_215,98eccdccd122648d,"Tokyo, JP",2026-08-30 00:22:06.269031+00:00,0,A
TX11756,USR_1112,ACC_2112,5.34,USD,P2P,MER_178,BEN_838,DEV_619,21a2fd522723acff,"Toronto, CA",2026-08-30 00:30:06.269031+00:00,0,A
TX11758,USR_1143,ACC_2143,1697.63,USD,CARD,MER_381,BEN_730,DEV_NEW_8415,d9d3e907738609eb,"Tokyo, JP",2026-08-30 00:31:06.269031+00:00,0,B
TX11488,USR_1081,ACC_2081,57.8,USD,ACH,MER_132,BEN_817,DEV_698,2aad58fdf2327f88,"New York, US",2026-08-30 00:32:06.269031+00:00,0,A
TX12153,USR_1241,ACC_2241,121.13,USD,P2P,MER_398,BEN_921,DEV_923,fbd7d4ee4caf9386,"New York, US",2026-08-30 00:35:06.269031+00:00,0,A
TX12430,USR_1006,ACC_2006,5444.35,USD,P2P,MER_208,BEN_RING_777,DEV_RING_999,fd5dc3897b156800,"New York, US",2026-08-30 00:38:06.269031+00:00,1,D
TX11023,USR_1185,ACC_2185,189.18,USD,CARD,MER_206,BEN_975,DEV_147,f8fadad8ba4fa2c6,"Toronto, CA",2026-08-30 00:38:06.269031+00:00,0,A
TX12434,USR_1212,ACC_2212,34.9,USD,CARD,MER_164,BEN_992,DEV_396,ecfbae456439a3ec,"New York, US",2026-08-30 00:39:06.269031+00:00,0,A
TX12087,USR_1263,ACC_2263,62.85,USD,P2P,MER_357,BEN_540,DEV_803,5b50cb1181290aec,"London, UK",2026-08-30 00:39:06.269031+00:00,0,A
TX11936,USR_1285,ACC_2285,106.52,USD,ACH,MER_248,BEN_921,DEV_205,f508248cccfe83c8,"London, UK",2026-08-30 00:44:06.269031+00:00,0,A
TX12848,USR_1200,ACC_2200,82.23,USD,WIRE,MER_331,BEN_869,DEV_456,1084998dfd6f5f0a,"London, UK",2026-08-30 00:47:06.269031+00:00,0,A
TX12137,USR_1060,ACC_2060,93.45,USD,CARD,MER_391,BEN_530,DEV_535,204afa4b255ccaef,"London, UK",2026-08-30 00:48:06.269031+00:00,0,A
TX13706,USR_1179,ACC_2179,5.0,USD,WIRE,MER_103,BEN_768,DEV_243,f373adddf6679640,"Toronto, CA",2026-08-30 00:48:06.269031+00:00,0,A
TX12757,USR_1210,ACC_2210,71.29,USD,P2P,MER_160,BEN_724,DEV_404,63a4bbc201560ce0,"Tokyo, JP",2026-08-30 01:00:06.269031+00:00,0,A
TX11931,USR_1096,ACC_2096,173.59,USD,CARD,MER_292,BEN_882,DEV_679,2de281d9b2a90870,"New York, US",2026-08-30 01:02:06.269031+00:00,0,A
TX12934,USR_1136,ACC_2136,104.05,USD,P2P,MER_178,BEN_982,DEV_228,e687ecdb5a48d3fd,"Toronto, CA",2026-08-30 01:04:06.269031+00:00,0,A
TX12916,USR_1168,ACC_2168,211.36,USD,ACH,MER_134,BEN_838,DEV_258,ca649f404e150fd6,"New York, US",2026-08-30 01:06:06.269031+00:00,0,A
TX11566,USR_1019,ACC_2019,97.31,USD,WIRE,MER_260,BEN_579,DEV_903,169234b0f36be910,"Toronto, CA",2026-08-30 01:07:06.269031+00:00,0,A
TX14193,USR_1224,ACC_2224,141.31,USD,P2P,MER_303,BEN_530,DEV_888,1db1632945fdf4fb,"Tokyo, JP",2026-08-30 01:10:06.269031+00:00,0,A
TX12537,USR_1019,ACC_2019,1327.94,USD,WIRE,MER_131,BEN_NEW_8081,DEV_ATO_5592,673e06da2ae5c235,Unknown / Proxy IP,2026-08-30 01:10:06.269031+00:00,1,C
TX14695,USR_1153,ACC_2153,5.0,USD,ACH,MER_151,BEN_619,DEV_730,ea01f47d91af8c3e,"New York, US",2026-08-30 01:18:06.269031+00:00,0,A
TX14494,USR_1206,ACC_2206,57.14,USD,WIRE,MER_283,BEN_750,DEV_598,19d4d2715c5c7f3a,"London, UK",2026-08-30 01:19:06.269031+00:00,0,A
TX12160,USR_1125,ACC_2125,5.0,USD,WIRE,MER_320,BEN_872,DEV_608,3bd97ae68c3711b6,"Toronto, CA",2026-08-30 01:20:06.269031+00:00,0,A
TX13429,USR_1115,ACC_2115,199.03,USD,ACH,MER_239,BEN_542,DEV_756,144ef9b1edd50150,"New York, US",2026-08-30 01:27:06.269031+00:00,0,A
TX14584,USR_1164,ACC_2164,110.54,USD,CARD,MER_276,BEN_611,DEV_788,eb6318d23a29cdd4,"Tokyo, JP",2026-08-30 01:34:06.269031+00:00,0,A
TX14542,USR_1206,ACC_2206,311.91,USD,WIRE,MER_127,BEN_NEW_8257,DEV_ATO_5301,dfe5fe250ee6c3d2,Unknown / Proxy IP,2026-08-30 01:34:06.269031+00:00,1,C
TX11555,USR_1001,ACC_2001,77.38,USD,ACH,MER_379,BEN_859,DEV_323,34128ce15708ffd5,"Toronto, CA",2026-08-30 01:37:06.269031+00:00,0,A
TX13546,USR_1082,ACC_2082,206.65,USD,ACH,MER_169,BEN_549,DEV_518,e9adc9bb40a0ee12,"New York, US",2026-08-30 01:39:06.269031+00:00,0,A
TX13880,USR_1015,ACC_2015,28.35,USD,ACH,MER_395,BEN_870,DEV_626,5457ab5de7f73ba3,"London, UK",2026-08-30 01:41:06.269031+00:00,0,A
TX12896,USR_1022,ACC_2022,114.99,USD,CARD,MER_261,BEN_653,DEV_785,3dcf2f0b24fe3401,"Sydney, AU",2026-08-30 01:41:06.269031+00:00,0,A
TX13199,USR_1072,ACC_2072,71.96,USD,WIRE,MER_377,BEN_867,DEV_809,ee002e7632564a9f,"Tokyo, JP",2026-08-30 01:42:06.269031+00:00,0,A
TX13559,USR_1173,ACC_2173,110.91,USD,WIRE,MER_374,BEN_972,DEV_642,643840ebe753d743,"London, UK",2026-08-30 01:47:06.269031+00:00,0,A
TX12184,USR_1090,ACC_2090,111.0,USD,ACH,MER_331,BEN_550,DEV_490,d37b2f3a3e8b1e76,"Toronto, CA",2026-08-30 01:48:06.269031+00:00,0,A
TX12925,USR_1025,ACC_2025,220.44,USD,CARD,MER_350,BEN_851,DEV_378,2488659b8d6070e6,"Tokyo, JP",2026-08-30 01:48:06.269031+00:00,0,A
TX13175,USR_1266,ACC_2266,24.42,USD,ACH,MER_388,BEN_790,DEV_112,7285e174966eb919,"Toronto, CA",2026-08-30 01:53:06.269031+00:00,0,A
TX12539,USR_1079,ACC_2079,93.3,USD,ACH,MER_273,BEN_584,DEV_279,01ccb63b20374c9e,"Tokyo, JP",2026-08-30 02:00:06.269031+00:00,0,A
TX13283,USR_1242,ACC_2242,983.99,USD,P2P,MER_121,BEN_933,DEV_NEW_8394,bda908a866f4be63,"Sydney, AU",2026-08-30 02:03:06.269031+00:00,1,B
TX14031,USR_1041,ACC_2041,77.84,USD,CARD,MER_103,BEN_699,DEV_517,6f38731baa6eaa18,"London, UK",2026-08-30 02:04:06.269031+00:00,0,A
TX12748,USR_1090,ACC_2090,145.39,USD,ACH,MER_331,BEN_936,DEV_490,4307ddaed7752a92,"Toronto, CA",2026-08-30 02:05:06.269031+00:00,0,A
TX11218,USR_1054,ACC_2054,103.64,USD,CARD,MER_284,BEN_599,DEV_321,25bcd6ffa38deb1b,"Toronto, CA",2026-08-30 02:07:06.269031+00:00,0,A
TX11272,USR_1054,ACC_2054,82.07,USD,CARD,MER_107,BEN_551,DEV_321,99ea77d9ff8fe312,"Toronto, CA",2026-08-30 02:12:06.269031+00:00,0,A
TX11823,USR_1007,ACC_2007,140.88,USD,CARD,MER_234,BEN_571,DEV_771,62b5698b674c63cc,"Sydney, AU",2026-08-30 02:14:06.269031+00:00,0,A
TX14234,USR_1264,ACC_2264,100.93,USD,CARD,MER_316,BEN_913,DEV_223,c5d36bbeb8a834e0,"London, UK",2026-08-30 02:18:06.269031+00:00,0,A
TX12304,USR_1268,ACC_2268,85.72,USD,ACH,MER_290,BEN_743,DEV_139,520b3672ae9f6d8e,"London, UK",2026-08-30 02:19:06.269031+00:00,0,A
TX14561,USR_1247,ACC_2247,31.27,USD,CARD,MER_394,BEN_636,DEV_885,b323e19bdbec4d4c,"London, UK",2026-08-30 02:22:06.269031+00:00,0,A
TX10929,USR_1101,ACC_2101,109.53,USD,P2P,MER_158,BEN_863,DEV_570,67cd47b2a74e105a,"Toronto, CA",2026-08-30 02:27:06.269031+00:00,0,A
TX14765,USR_1225,ACC_2225,112.08,USD,CARD,MER_204,BEN_642,DEV_818,ab044683f536f8af,"Toronto, CA",2026-08-30 02:28:06.269031+00:00,0,A
TX12145,USR_1270,ACC_2270,200.21,USD,P2P,MER_306,BEN_920,DEV_552,1c3a07e244071917,"Sydney, AU",2026-08-30 02:29:06.269031+00:00,0,A
TX12008,USR_1047,ACC_2047,235.56,USD,P2P,MER_161,BEN_601,DEV_692,b8407f9f90f8f46f,"Sydney, AU",2026-08-30 02:36:06.269031+00:00,0,A
TX11689,USR_1282,ACC_2282,124.68,USD,CARD,MER_331,BEN_670,DEV_423,a056b9561fb0441c,"New York, US",2026-08-30 02:37:06.269031+00:00,0,A
TX14769,USR_1225,ACC_2225,1857.92,USD,WIRE,MER_179,BEN_NEW_8790,DEV_ATO_8678,748ec8694553de3e,Unknown / Proxy IP,2026-08-30 02:37:06.269031+00:00,1,C
TX13968,USR_1215,ACC_2215,5.0,USD,ACH,MER_348,BEN_780,DEV_539,9d3410d1f125e1df,"Tokyo, JP",2026-08-30 02:37:06.269031+00:00,0,A
TX11844,USR_1028,ACC_2028,63.48,USD,P2P,MER_281,BEN_841,DEV_415,367de0248003677f,"New York, US",2026-08-30 02:40:06.269031+00:00,0,A
TX13485,USR_1172,ACC_2172,35.99,USD,CARD,MER_311,BEN_934,DEV_526,a857062f049ebbf9,"London, UK",2026-08-30 02:40:06.269031+00:00,0,A
TX11676,USR_1023,ACC_2023,152.69,USD,P2P,MER_180,BEN_625,DEV_175,549711726c0cadf1,"London, UK",2026-08-30 02:42:06.269031+00:00,0,A
TX11958,USR_1057,ACC_2057,136.73,USD,P2P,MER_256,BEN_694,DEV_187,9ea722f8987c3433,"Toronto, CA",2026-08-30 02:45:06.269031+00:00,0,A
TX12048,USR_1151,ACC_2151,1507.75,USD,CARD,MER_174,BEN_846,DEV_NEW_7753,b48b3f861a1e313c,"Tokyo, JP",2026-08-30 02:47:06.269031+00:00,0,B
TX13177,USR_1266,ACC_2266,135.34,USD,WIRE,MER_151,BEN_575,DEV_112,7285e174966eb919,"Toronto, CA",2026-08-30 02:48:06.269031+00:00,0,A
TX12767,USR_1106,ACC_2106,118.65,USD,CARD,MER_359,BEN_937,DEV_417,6549d2c87e6aa66a,"Tokyo, JP",2026-08-30 02:49:06.269031+00:00,0,A
TX14473,USR_1258,ACC_2258,5.0,USD,P2P,MER_383,BEN_709,DEV_721,5edcd001a917a101,"New York, US",2026-08-30 02:49:06.269031+00:00,0,A
TX12619,USR_1170,ACC_2170,31.39,USD,ACH,MER_264,BEN_844,DEV_615,f0cd8fb7596faa02,"Toronto, CA",2026-08-30 02:53:06.269031+00:00,0,A
TX12457,USR_1154,ACC_2154,53.63,USD,WIRE,MER_247,BEN_949,DEV_105,369cfc7051bf1120,"London, UK",2026-08-30 02:54:06.269031+00:00,0,A
TX11657,USR_1254,ACC_2254,117.73,USD,P2P,MER_271,BEN_993,DEV_244,81d994e1fde62732,"Tokyo, JP",2026-08-30 02:56:06.269031+00:00,0,A
TX13401,USR_1181,ACC_2181,105.22,USD,ACH,MER_149,BEN_916,DEV_112,31b63d4339095769,"Tokyo, JP",2026-08-30 02:59:06.269031+00:00,0,A
TX11803,USR_1236,ACC_2236,5.0,USD,CARD,MER_322,BEN_758,DEV_817,d1657b5d33f1bffa,"Toronto, CA",2026-08-30 03:06:06.269031+00:00,0,A
TX11642,USR_1051,ACC_2051,98.72,USD,P2P,MER_384,BEN_543,DEV_710,3e9b67fa112f4e75,"New York, US",2026-08-30 03:06:06.269031+00:00,0,A
TX13580,USR_1135,ACC_2135,65.09,USD,P2P,MER_200,BEN_958,DEV_411,eddad66c8f2b7404,"London, UK",2026-08-30 03:08:06.269031+00:00,0,A
TX13809,USR_1082,ACC_2082,168.86,USD,WIRE,MER_289,BEN_620,DEV_764,e9adc9bb40a0ee12,"New York, US",2026-08-30 03:09:06.269031+00:00,0,A
TX14252,USR_1131,ACC_2131,35.45,USD,P2P,MER_162,BEN_864,DEV_455,1f64066193cd0ee5,"Tokyo, JP",2026-08-30 03:11:06.269031+00:00,0,A
TX13330,USR_1114,ACC_2114,162.99,USD,P2P,MER_202,BEN_893,DEV_298,c9dd0282c5c3f36e,"Sydney, AU",2026-08-30 03:12:06.269031+00:00,0,A
TX12895,USR_1284,ACC_2284,158.07,USD,CARD,MER_102,BEN_771,DEV_138,ccbf846be6c6de2e,"New York, US",2026-08-30 03:14:06.269031+00:00,0,A
TX11169,USR_1147,ACC_2147,71.07,USD,CARD,MER_175,BEN_869,DEV_711,aad4dc93bf3e811d,"Toronto, CA",2026-08-30 03:18:06.269031+00:00,0,A
TX12469,USR_1245,ACC_2245,174.86,USD,CARD,MER_378,BEN_910,DEV_492,c234b94963614182,"Toronto, CA",2026-08-30 03:19:06.269031+00:00,0,A
TX12621,USR_1137,ACC_2137,226.71,USD,CARD,MER_115,BEN_833,DEV_183,164f8d9a21be4783,"Toronto, CA",2026-08-30 03:21:06.269031+00:00,0,A
TX14594,USR_1164,ACC_2164,100.87,USD,ACH,MER_276,BEN_611,DEV_926,26ded6819e145354,"Tokyo, JP",2026-08-30 03:37:06.269031+00:00,0,A
TX12542,USR_1298,ACC_2298,254.05,USD,WIRE,MER_214,BEN_642,DEV_269,77f386399a2800ee,"London, UK",2026-08-30 03:39:06.269031+00:00,0,A
TX13315,USR_1163,ACC_2163,100.32,USD,WIRE,MER_388,BEN_762,DEV_834,98b63981f14d1e18,"Toronto, CA",2026-08-30 03:49:06.269031+00:00,0,A
TX12089,USR_1285,ACC_2285,90.32,USD,CARD,MER_368,BEN_921,DEV_205,f508248cccfe83c8,"London, UK",2026-08-30 03:50:06.269031+00:00,0,A
TX13299,USR_1169,ACC_2169,87.5,USD,ACH,MER_128,BEN_705,DEV_708,3e8b39ef9a3b81ca,"New York, US",2026-08-30 03:52:06.269031+00:00,0,A
TX12578,USR_1212,ACC_2212,5.0,USD,ACH,MER_164,BEN_902,DEV_396,6c2af72bb9543d43,"New York, US",2026-08-30 03:54:06.269031+00:00,0,A
TX13305,USR_1169,ACC_2169,1789.07,USD,WIRE,MER_376,BEN_NEW_8236,DEV_ATO_5567,c73fbad1b7e8704c,Unknown / Proxy IP,2026-08-30 03:57:06.269031+00:00,1,C
TX13300,USR_1072,ACC_2072,108.38,USD,WIRE,MER_135,BEN_820,DEV_809,262810317c02055b,"Tokyo, JP",2026-08-30 03:58:06.269031+00:00,0,A
TX14563,USR_1183,ACC_2183,115.74,USD,CARD,MER_343,BEN_694,DEV_800,73e4ace72d513ef6,"New York, US",2026-08-30 04:07:06.269031+00:00,0,A
TX13263,USR_1132,ACC_2132,166.76,USD,P2P,MER_144,BEN_688,DEV_NEW_1215,01ed69d6118ed97c,"New York, US",2026-08-30 04:12:06.269031+00:00,1,B
TX11928,USR_1116,ACC_2116,26.56,USD,P2P,MER_141,BEN_691,DEV_193,0afa7d2175280287,"New York, US",2026-08-30 04:12:06.269031+00:00,0,A
TX11439,USR_1074,ACC_2074,16.69,USD,P2P,MER_354,BEN_589,DEV_541,167806ab11382ccb,"London, UK",2026-08-30 04:12:06.269031+00:00,0,A
TX11649,USR_1104,ACC_2104,209.16,USD,CARD,MER_190,BEN_631,DEV_844,4945799b02508963,"New York, US",2026-08-30 04:15:06.269031+00:00,0,A
TX11720,USR_1117,ACC_2117,86.57,USD,ACH,MER_340,BEN_969,DEV_201,f0d3fb6b451af130,"London, UK",2026-08-30 04:26:06.269031+00:00,0,A
TX12630,USR_1129,ACC_2129,56.99,USD,ACH,MER_160,BEN_755,DEV_765,cab280aa6bbedc20,"New York, US",2026-08-30 04:26:06.269031+00:00,0,A
TX12359,USR_1285,ACC_2285,111.51,USD,CARD,MER_368,BEN_523,DEV_205,f508248cccfe83c8,"London, UK",2026-08-30 04:28:06.269031+00:00,0,A
TX14565,USR_1258,ACC_2258,23.85,USD,P2P,MER_376,BEN_998,DEV_721,5edcd001a917a101,"New York, US",2026-08-30 04:35:06.269031+00:00,0,A
TX14001,USR_1062,ACC_2062,17.44,USD,P2P,MER_326,BEN_520,DEV_790,d3f71a2a96f5572f,"New York, US",2026-08-30 04:37:06.269031+00:00,0,A
TX11848,USR_1235,ACC_2235,795.15,USD,WIRE,MER_218,BEN_997,DEV_NEW_3680,1fe9fcc6678ffd0c,"Sydney, AU",2026-08-30 04:37:06.269031+00:00,1,B
TX14783,USR_1265,ACC_2265,112.68,USD,P2P,MER_382,BEN_784,DEV_954,3a9ef89cf7f2e266,"New York, US",2026-08-30 04:38:06.269031+00:00,0,A
TX12465,USR_1196,ACC_2196,27.32,USD,WIRE,MER_373,BEN_729,DEV_358,f0c9d1ca368b0809,"Sydney, AU",2026-08-30 04:40:06.269031+00:00,0,A
TX12588,USR_1010,ACC_2010,35.24,USD,P2P,MER_178,BEN_759,DEV_261,f192cebecb4b1736,"Tokyo, JP",2026-08-30 04:44:06.269031+00:00,0,A
TX12438,USR_1227,ACC_2227,47.97,USD,P2P,MER_183,BEN_862,DEV_564,d402ea784b1d456b,"London, UK",2026-08-30 04:44:06.269031+00:00,0,A
TX13140,USR_1010,ACC_2010,1026.31,USD,WIRE,MER_178,BEN_NEW_9302,DEV_ATO_9599,8633566955620eb7,Unknown / Proxy IP,2026-08-30 04:45:06.269031+00:00,1,C
TX14406,USR_1062,ACC_2062,556.5,USD,WIRE,MER_189,BEN_NEW_8718,DEV_ATO_7543,0667b204269d6344,Unknown / Proxy IP,2026-08-30 04:46:06.269031+00:00,1,C
TX11881,USR_1040,ACC_2040,25.71,USD,ACH,MER_296,BEN_577,DEV_830,3eb4005ac7b49cb1,"Tokyo, JP",2026-08-30 04:47:06.269031+00:00,0,A
TX13235,USR_1050,ACC_2050,240.77,USD,P2P,MER_281,BEN_CAR_DEALER_182,DEV_UPGRADE_3026,176a14ccea5b7c33,"Sydney, AU",2026-08-30 04:49:06.269031+00:00,0,E
TX12683,USR_1219,ACC_2219,75.49,USD,CARD,MER_173,BEN_653,DEV_492,cdbc196f2eb61754,"New York, US",2026-08-30 04:50:06.269031+00:00,0,A
TX12267,USR_1093,ACC_2093,91.5,USD,P2P,MER_179,BEN_680,DEV_994,fa54c7e2e8ed5049,"New York, US",2026-08-30 04:53:06.269031+00:00,0,A
TX12664,USR_1124,ACC_2124,5.0,USD,CARD,MER_297,BEN_909,DEV_899,b4895ee1beb11ace,"Tokyo, JP",2026-08-30 04:54:06.269031+00:00,0,A
TX11838,USR_1143,ACC_2143,217.0,USD,CARD,MER_243,BEN_758,DEV_510,4ae101e33ed41f66,"Tokyo, JP",2026-08-30 04:55:06.269031+00:00,0,A
TX12495,USR_1027,ACC_2027,180.63,USD,CARD,MER_382,BEN_689,DEV_214,1c63c3c47526e1d4,"London, UK",2026-08-30 04:56:06.269031+00:00,0,A
TX13705,USR_1192,ACC_2192,47.16,USD,P2P,MER_255,BEN_569,DEV_469,20356fb5faf580cb,"Sydney, AU",2026-08-30 05:06:06.269031+00:00,0,A
TX12351,USR_1026,ACC_2026,39.97,USD,ACH,MER_182,BEN_634,DEV_749,4e21fe86b4614f9c,"New York, US",2026-08-30 05:06:06.269031+00:00,0,A
TX11210,USR_1005,ACC_2005,6663.97,USD,P2P,MER_294,BEN_RING_777,DEV_RING_999,fd5dc3897b156800,"New York, US",2026-08-30 05:12:06.269031+00:00,1,D
TX14786,USR_1191,ACC_2191,302.95,USD,CARD,MER_322,BEN_CAR_DEALER_115,DEV_UPGRADE_3067,1720b6347df01502,"Tokyo, JP",2026-08-30 05:13:06.269031+00:00,0,E
TX13687,USR_1123,ACC_2123,328.43,USD,P2P,MER_342,BEN_703,DEV_NEW_1126,3c5b2e36fc42544e,"Tokyo, JP",2026-08-30 05:13:06.269031+00:00,1,B
TX13522,USR_1115,ACC_2115,695.4,USD,WIRE,MER_182,BEN_542,DEV_NEW_5345,144ef9b1edd50150,"New York, US",2026-08-30 05:15:06.269031+00:00,1,B
TX13780,USR_1240,ACC_2240,92.28,USD,CARD,MER_227,BEN_707,DEV_150,ca36ba145e753c8c,"London, UK",2026-08-30 05:19:06.269031+00:00,0,A
TX11255,USR_1017,ACC_2017,13.02,USD,WIRE,MER_381,BEN_627,DEV_296,8c715aa596b7f198,"Sydney, AU",2026-08-30 05:20:06.269031+00:00,0,A
TX14890,USR_1045,ACC_2045,149.09,USD,P2P,MER_110,BEN_990,DEV_867,14436c644a367cb9,"London, UK",2026-08-30 05:21:06.269031+00:00,0,A
TX11837,USR_1288,ACC_2288,108.39,USD,WIRE,MER_104,BEN_780,DEV_769,6da18eb3006706c0,"New York, US",2026-08-30 05:21:06.269031+00:00,0,A
TX12128,USR_1002,ACC_2002,4304.29,USD,P2P,MER_147,BEN_RING_777,DEV_RING_999,fd5dc3897b156800,"Tokyo, JP",2026-08-30 05:22:06.269031+00:00,1,D
TX13246,USR_1075,ACC_2075,167.38,USD,CARD,MER_400,BEN_846,DEV_572,7a29d09e4d3a3ef7,"New York, US",2026-08-30 05:25:06.269031+00:00,0,A
TX11660,USR_1292,ACC_2292,36.85,USD,ACH,MER_120,BEN_635,DEV_840,47a7d5c3ae210030,"London, UK",2026-08-30 05:25:06.269031+00:00,0,A
TX13068,USR_1186,ACC_2186,110.28,USD,ACH,MER_150,BEN_886,DEV_406,01212de5b81c350b,"Sydney, AU",2026-08-30 05:29:06.269031+00:00,0,A
TX12817,USR_1277,ACC_2277,247.56,USD,CARD,MER_113,BEN_764,DEV_828,0776f8ca060cb5a9,"London, UK",2026-08-30 05:33:06.269031+00:00,0,A
TX12391,USR_1253,ACC_2253,75.25,USD,CARD,MER_389,BEN_790,DEV_281,45f4a1d19d86b658,"Toronto, CA",2026-08-30 05:35:06.269031+00:00,0,A
TX12990,USR_1216,ACC_2216,131.34,USD,CARD,MER_181,BEN_500,DEV_741,90c7e4613d1238b2,"New York, US",2026-08-30 05:37:06.269031+00:00,0,A
TX13431,USR_1132,ACC_2132,5.0,USD,P2P,MER_166,BEN_688,DEV_911,01ed69d6118ed97c,"New York, US",2026-08-30 05:37:06.269031+00:00,0,A
TX14605,USR_1164,ACC_2164,106.25,USD,P2P,MER_123,BEN_881,DEV_788,26ded6819e145354,"Tokyo, JP",2026-08-30 05:46:06.269031+00:00,0,A
TX11647,USR_1205,ACC_2205,152.05,USD,CARD,MER_170,BEN_855,DEV_420,4d66e8ede2b3dfa5,"London, UK",2026-08-30 05:48:06.269031+00:00,0,A
TX11662,USR_1034,ACC_2034,55.9,USD,ACH,MER_254,BEN_840,DEV_782,2a9d9783bdddca1f,"Toronto, CA",2026-08-30 05:51:06.269031+00:00,0,A
TX12771,USR_1052,ACC_2052,45.72,USD,ACH,MER_383,BEN_797,DEV_558,666c612e2ac1ca57,"Sydney, AU",2026-08-30 05:53:06.269031+00:00,0,A
TX11052,USR_1101,ACC_2101,60.34,USD,ACH,MER_266,BEN_827,DEV_570,9ad7f3c439662655,"Toronto, CA",2026-08-30 05:56:06.269031+00:00,0,A
TX13382,USR_1140,ACC_2140,102.53,USD,P2P,MER_197,BEN_943,DEV_560,4af4f4dcf8282d9e,"Sydney, AU",2026-08-30 05:57:06.269031+00:00,0,A
TX11875,USR_1034,ACC_2034,561.47,USD,WIRE,MER_254,BEN_NEW_8034,DEV_ATO_7803,c713d180087cf8a7,Unknown / Proxy IP,2026-08-30 05:57:06.269031+00:00,1,C
TX14562,USR_1059,ACC_2059,140.23,USD,WIRE,MER_235,BEN_861,DEV_102,5ec654ffc81f21ab,"Sydney, AU",2026-08-30 05:59:06.269031+00:00,0,A
TX11477,USR_1295,ACC_2295,78.51,USD,P2P,MER_114,BEN_724,DEV_964,4263555a333d9831,"Toronto, CA",2026-08-30 06:00:06.269031+00:00,0,A
TX12062,USR_1034,ACC_2034,842.68,USD,WIRE,MER_189,BEN_NEW_8572,DEV_ATO_6097,29686a073011b965,Unknown / Proxy IP,2026-08-30 06:08:06.269031+00:00,1,C
TX12706,USR_1167,ACC_2167,12.74,USD,CARD,MER_294,BEN_868,DEV_845,6550e5bfba9b0a52,"New York, US",2026-08-30 06:11:06.269031+00:00,0,A
TX14608,USR_1164,ACC_2164,96.08,USD,CARD,MER_276,BEN_611,DEV_926,26ded6819e145354,"Tokyo, JP",2026-08-30 06:13:06.269031+00:00,0,A
TX12292,USR_1166,ACC_2166,70.59,USD,P2P,MER_191,BEN_678,DEV_486,c8ad27d26d0d4858,"Toronto, CA",2026-08-30 06:14:06.269031+00:00,0,A
TX13008,USR_1230,ACC_2230,10.13,USD,WIRE,MER_123,BEN_939,DEV_687,121e0a975b3b7d20,"Toronto, CA",2026-08-30 06:21:06.269031+00:00,0,A
TX13440,USR_1275,ACC_2275,121.2,USD,ACH,MER_366,BEN_936,DEV_358,ca3268b5ffd16cb7,"Tokyo, JP",2026-08-30 06:24:06.269031+00:00,0,A
TX12340,USR_1021,ACC_2021,1141.18,USD,ACH,MER_398,BEN_CAR_DEALER_111,DEV_UPGRADE_3080,54c8e13af5852b70,"Toronto, CA",2026-08-30 06:26:06.269031+00:00,0,E
TX14771,USR_1153,ACC_2153,344.12,USD,WIRE,MER_269,BEN_526,DEV_NEW_3927,ea01f47d91af8c3e,"New York, US",2026-08-30 06:29:06.269031+00:00,1,B
TX12739,USR_1012,ACC_2012,206.59,USD,WIRE,MER_184,BEN_565,DEV_187,a36b945469e26e05,"Toronto, CA",2026-08-30 06:32:06.269031+00:00,0,A
TX13682,USR_1102,ACC_2102,65.45,USD,CARD,MER_323,BEN_932,DEV_920,bcef80d0e40d9da3,"Tokyo, JP",2026-08-30 06:33:06.269031+00:00,0,A
TX11369,USR_1249,ACC_2249,1025.71,USD,CARD,MER_369,BEN_589,DEV_NEW_8206,2c441bdc949bccf1,"Sydney, AU",2026-08-30 06:35:06.269031+00:00,1,B
TX12023,USR_1295,ACC_2295,5.0,USD,ACH,MER_114,BEN_791,DEV_964,4263555a333d9831,"Toronto, CA",2026-08-30 06:39:06.269031+00:00,0,A
TX13167,USR_1211,ACC_2211,68.83,USD,WIRE,MER_186,BEN_791,DEV_730,1c69e66247a30c97,"London, UK",2026-08-30 06:39:06.269031+00:00,0,A
TX13203,USR_1129,ACC_2129,73.0,USD,CARD,MER_233,BEN_755,DEV_765,cab280aa6bbedc20,"New York, US",2026-08-30 06:42:06.269031+00:00,0,A
TX12164,USR_1190,ACC_2190,94.47,USD,P2P,MER_224,BEN_942,DEV_126,3862c4777cb683d4,"Toronto, CA",2026-08-30 06:47:06.269031+00:00,0,A
TX13635,USR_1135,ACC_2135,56.25,USD,P2P,MER_200,BEN_981,DEV_411,eddad66c8f2b7404,"London, UK",2026-08-30 06:49:06.269031+00:00,0,A
TX13080,USR_1178,ACC_2178,332.45,USD,WIRE,MER_186,BEN_983,DEV_NEW_9146,5722f7c9bfecc5d8,"London, UK",2026-08-30 06:54:06.269031+00:00,1,B
TX10710,USR_1008,ACC_2008,87.37,USD,P2P,MER_316,BEN_578,DEV_470,86ec58ef83a3a12c,"New York, US",2026-08-30 06:54:06.269031+00:00,0,A
TX11615,USR_1121,ACC_2121,96.66,USD,P2P,MER_134,BEN_629,DEV_499,257492fb34368b9a,"Sydney, AU",2026-08-30 06:56:06.269031+00:00,0,A
TX11640,USR_1054,ACC_2054,95.4,USD,WIRE,MER_254,BEN_651,DEV_321,25bcd6ffa38deb1b,"Toronto, CA",2026-08-30 06:57:06.269031+00:00,0,A
TX13995,USR_1296,ACC_2296,30.49,USD,WIRE,MER_214,BEN_944,DEV_215,98eccdccd122648d,"Tokyo, JP",2026-08-30 06:57:06.269031+00:00,0,A
TX14637,USR_1059,ACC_2059,139.95,USD,WIRE,MER_219,BEN_618,DEV_102,5ec654ffc81f21ab,"Sydney, AU",2026-08-30 06:57:06.269031+00:00,0,A
TX13417,USR_1061,ACC_2061,27.98,USD,ACH,MER_228,BEN_541,DEV_579,a8a0e5e079ff595f,"Tokyo, JP",2026-08-30 06:59:06.269031+00:00,0,A
TX12622,USR_1190,ACC_2190,48.52,USD,ACH,MER_298,BEN_697,DEV_126,3862c4777cb683d4,"Toronto, CA",2026-08-30 07:00:06.269031+00:00,0,A
TX11726,USR_1290,ACC_2290,83.69,USD,P2P,MER_354,BEN_709,DEV_609,7a232aa325593eec,"Tokyo, JP",2026-08-30 07:00:06.269031+00:00,0,A
TX13770,USR_1068,ACC_2068,93.54,USD,ACH,MER_396,BEN_636,DEV_984,fa361ea74f62b17b,"Sydney, AU",2026-08-30 07:01:06.269031+00:00,0,A
TX12276,USR_1157,ACC_2157,71.15,USD,WIRE,MER_195,BEN_831,DEV_971,82338ff02e297db6,"New York, US",2026-08-30 07:02:06.269031+00:00,0,A
TX11149,USR_1004,ACC_2004,9396.55,USD,P2P,MER_151,BEN_RING_777,DEV_RING_999,fd5dc3897b156800,"Tokyo, JP",2026-08-30 07:02:06.269031+00:00,1,D
TX12945,USR_1134,ACC_2134,170.87,USD,CARD,MER_128,BEN_566,DEV_999,fcac5511c1942848,"Toronto, CA",2026-08-30 07:04:06.269031+00:00,0,A
TX12482,USR_1248,ACC_2248,43.35,USD,P2P,MER_172,BEN_858,DEV_280,aed85343eab6ce68,"Tokyo, JP",2026-08-30 07:07:06.269031+00:00,0,A
TX13395,USR_1230,ACC_2230,32.64,USD,ACH,MER_123,BEN_522,DEV_687,121e0a975b3b7d20,"Toronto, CA",2026-08-30 07:09:06.269031+00:00,0,A
TX13716,USR_1181,ACC_2181,101.26,USD,ACH,MER_154,BEN_916,DEV_112,9e61c93a56ccb2d7,"Tokyo, JP",2026-08-30 07:10:06.269031+00:00,0,A
TX13751,USR_1172,ACC_2172,33.6,USD,CARD,MER_129,BEN_623,DEV_813,418ca1e6507f5057,"London, UK",2026-08-30 07:18:06.269031+00:00,0,A
TX13178,USR_1162,ACC_2162,193.43,USD,CARD,MER_326,BEN_576,DEV_179,93b1c2216db49997,"Toronto, CA",2026-08-30 07:21:06.269031+00:00,0,A
TX12136,USR_1189,ACC_2189,61.12,USD,ACH,MER_320,BEN_684,DEV_424,d0509ec5865f2372,"Tokyo, JP",2026-08-30 07:24:06.269031+00:00,0,A
TX12504,USR_1098,ACC_2098,258.23,USD,ACH,MER_156,BEN_886,DEV_534,52fe8baed4ca9e50,"Tokyo, JP",2026-08-30 07:24:06.269031+00:00,0,A
TX13950,USR_1172,ACC_2172,760.43,USD,WIRE,MER_311,BEN_NEW_8876,DEV_ATO_6472,030b44578a15052e,Unknown / Proxy IP,2026-08-30 07:24:06.269031+00:00,1,C
TX11158,USR_1008,ACC_2008,8000.29,USD,P2P,MER_132,BEN_RING_777,DEV_RING_999,fd5dc3897b156800,"New York, US",2026-08-30 07:24:06.269031+00:00,1,D
TX11789,USR_1017,ACC_2017,46.8,USD,P2P,MER_150,BEN_627,DEV_296,8c715aa596b7f198,"Sydney, AU",2026-08-30 07:26:06.269031+00:00,0,A
TX12857,USR_1066,ACC_2066,257.27,USD,P2P,MER_147,BEN_782,DEV_NEW_2289,8e173b21ad577306,"London, UK",2026-08-30 07:26:06.269031+00:00,0,B
TX12026,USR_1287,ACC_2287,50.62,USD,P2P,MER_373,BEN_905,DEV_851,30f7004dbb25ffff,"New York, US",2026-08-30 07:27:06.269031+00:00,0,A
TX12113,USR_1035,ACC_2035,98.5,USD,ACH,MER_342,BEN_726,DEV_411,366dd80803ad332d,"Toronto, CA",2026-08-30 07:28:06.269031+00:00,0,A
TX11806,USR_1187,ACC_2187,55.2,USD,CARD,MER_216,BEN_996,DEV_337,a14175d14a3639c0,"Toronto, CA",2026-08-30 07:28:06.269031+00:00,0,A
TX12011,USR_1148,ACC_2148,121.0,USD,ACH,MER_314,BEN_660,DEV_132,01035ad56c314015,"London, UK",2026-08-30 07:38:06.269031+00:00,0,A
TX13088,USR_1110,ACC_2110,56.56,USD,ACH,MER_369,BEN_658,DEV_417,aadad9bce1f7e80b,"Toronto, CA",2026-08-30 07:40:06.269031+00:00,0,A
TX14573,USR_1119,ACC_2119,199.19,USD,P2P,MER_173,BEN_823,DEV_213,ef4697ab732d72a0,"Toronto, CA",2026-08-30 07:40:06.269031+00:00,0,A
TX12768,USR_1071,ACC_2071,158.65,USD,WIRE,MER_340,BEN_869,DEV_995,7eebaedd1b534afc,"Sydney, AU",2026-08-30 07:40:06.269031+00:00,0,A
TX12696,USR_1148,ACC_2148,1789.51,USD,WIRE,MER_314,BEN_NEW_9685,DEV_ATO_6543,3f39e4c3b09d6040,Unknown / Proxy IP,2026-08-30 07:40:06.269031+00:00,1,C
TX13024,USR_1067,ACC_2067,60.85,USD,WIRE,MER_382,BEN_624,DEV_610,d7762f781a7e7f4a,"Tokyo, JP",2026-08-30 07:42:06.269031+00:00,0,A
TX13609,USR_1257,ACC_2257,159.42,USD,WIRE,MER_347,BEN_780,DEV_175,7e192a1d985ae69e,"London, UK",2026-08-30 07:42:06.269031+00:00,0,A
TX12883,USR_1019,ACC_2019,38.44,USD,CARD,MER_377,BEN_651,DEV_902,cc8a8481c7d3d479,"Toronto, CA",2026-08-30 07:43:06.269031+00:00,0,A
TX12022,USR_1294,ACC_2294,89.67,USD,CARD,MER_344,BEN_992,DEV_481,cb3af032c68139db,"Sydney, AU",2026-08-30 07:53:06.269031+00:00,0,A
TX12818,USR_1076,ACC_2076,53.34,USD,CARD,MER_111,BEN_792,DEV_806,af0d92457cc9a553,"Sydney, AU",2026-08-30 07:53:06.269031+00:00,0,A
TX13912,USR_1082,ACC_2082,163.36,USD,ACH,MER_169,BEN_559,DEV_764,28af3e505676849d,"New York, US",2026-08-30 07:53:06.269031+00:00,0,A
TX14535,USR_1252,ACC_2252,105.65,USD,WIRE,MER_214,BEN_787,DEV_239,2976e699c0947510,"Sydney, AU",2026-08-30 07:54:06.269031+00:00,0,A
TX12786,USR_1156,ACC_2156,5.0,USD,P2P,MER_271,BEN_790,DEV_290,21ee76f01e88620b,"New York, US",2026-08-30 08:04:06.269031+00:00,0,A
TX11610,USR_1001,ACC_2001,79.85,USD,ACH,MER_329,BEN_866,DEV_323,34128ce15708ffd5,"Toronto, CA",2026-08-30 08:04:06.269031+00:00,0,A
TX11699,USR_1159,ACC_2159,78.23,USD,P2P,MER_284,BEN_793,DEV_106,9be4689c28b9a2b0,"Tokyo, JP",2026-08-30 08:05:06.269031+00:00,0,A
TX12846,USR_1024,ACC_2024,105.72,USD,ACH,MER_168,BEN_980,DEV_926,8a0759df3a3a9f03,"Toronto, CA",2026-08-30 08:11:06.269031+00:00,0,A
TX13875,USR_1159,ACC_2159,1398.55,USD,WIRE,MER_105,BEN_NEW_9114,DEV_ATO_5219,eae2c092303ca092,Unknown / Proxy IP,2026-08-30 08:14:06.269031+00:00,1,C
TX13700,USR_1086,ACC_2086,124.75,USD,ACH,MER_156,BEN_628,DEV_251,21cf3e421285e1fa,"Tokyo, JP",2026-08-30 08:19:06.269031+00:00,0,A
TX12773,USR_1198,ACC_2198,97.29,USD,P2P,MER_394,BEN_613,DEV_439,e9f7c9e4f8358d4f,"New York, US",2026-08-30 08:21:06.269031+00:00,0,A
TX13553,USR_1184,ACC_2184,147.71,USD,P2P,MER_343,BEN_958,DEV_NEW_7505,4a1afa885aeef4cc,"Tokyo, JP",2026-08-30 08:23:06.269031+00:00,0,B
TX12058,USR_1105,ACC_2105,14.3,USD,P2P,MER_128,BEN_534,DEV_797,0cc56806395d3d2b,"Tokyo, JP",2026-08-30 08:24:06.269031+00:00,0,A
TX12878,USR_1021,ACC_2021,161.28,USD,ACH,MER_233,BEN_714,DEV_683,54c8e13af5852b70,"Toronto, CA",2026-08-30 08:24:06.269031+00:00,0,A
TX13887,USR_1068,ACC_2068,108.3,USD,WIRE,MER_244,BEN_759,DEV_984,28b558237a8ce9a4,"Sydney, AU",2026-08-30 08:26:06.269031+00:00,0,A
TX14218,USR_1107,ACC_2107,46.63,USD,P2P,MER_275,BEN_809,DEV_560,9e958d16e65a5abe,"London, UK",2026-08-30 08:28:06.269031+00:00,0,A
TX14024,USR_1226,ACC_2226,107.16,USD,ACH,MER_322,BEN_723,DEV_500,ad7846d8a635bc19,"New York, US",2026-08-30 08:29:06.269031+00:00,0,A
TX13852,USR_1080,ACC_2080,116.27,USD,WIRE,MER_163,BEN_904,DEV_244,15286ec96ebfbae1,"Sydney, AU",2026-08-30 08:31:06.269031+00:00,0,A
TX12797,USR_1133,ACC_2133,47.26,USD,WIRE,MER_262,BEN_564,DEV_836,ef76d461bce1b4dc,"Sydney, AU",2026-08-30 08:35:06.269031+00:00,0,A
TX13506,USR_1140,ACC_2140,96.6,USD,WIRE,MER_395,BEN_581,DEV_560,4af4f4dcf8282d9e,"Sydney, AU",2026-08-30 08:42:06.269031+00:00,0,A
TX14036,USR_1179,ACC_2179,51.76,USD,WIRE,MER_311,BEN_768,DEV_243,adb4f2be356e2898,"Toronto, CA",2026-08-30 08:44:06.269031+00:00,0,A
TX13805,USR_1118,ACC_2118,75.54,USD,WIRE,MER_314,BEN_621,DEV_119,3a493d2950689330,"Toronto, CA",2026-08-30 08:48:06.269031+00:00,0,A
TX13673,USR_1280,ACC_2280,112.51,USD,CARD,MER_398,BEN_690,DEV_463,c80da5be8e1c3709,"Sydney, AU",2026-08-30 08:49:06.269031+00:00,0,A
TX13836,USR_1126,ACC_2126,61.09,USD,ACH,MER_121,BEN_585,DEV_181,5f77f6179e67d445,"Sydney, AU",2026-08-30 08:49:06.269031+00:00,0,A
TX12713,USR_1209,ACC_2209,25.61,USD,ACH,MER_211,BEN_868,DEV_686,19cd5e10192a7982,"Tokyo, JP",2026-08-30 08:53:06.269031+00:00,0,A
TX12663,USR_1234,ACC_2234,139.69,USD,ACH,MER_271,BEN_929,DEV_106,7e1e719175d63229,"Toronto, CA",2026-08-30 08:56:06.269031+00:00,0,A
TX11636,USR_1064,ACC_2064,150.84,USD,CARD,MER_306,BEN_629,DEV_510,4db1862dd0e40d19,"Sydney, AU",2026-08-30 09:00:06.269031+00:00,0,A
TX12332,USR_1127,ACC_2127,89.32,USD,CARD,MER_134,BEN_573,DEV_787,d9ec58cb702d403f,"London, UK",2026-08-30 09:00:06.269031+00:00,0,A
TX12634,USR_1026,ACC_2026,55.92,USD,ACH,MER_326,BEN_826,DEV_749,4e21fe86b4614f9c,"New York, US",2026-08-30 09:03:06.269031+00:00,0,A
TX11826,USR_1130,ACC_2130,115.28,USD,CARD,MER_327,BEN_936,DEV_726,77f41dc0ae42f3da,"London, UK",2026-08-30 09:04:06.269031+00:00,0,A
TX12449,USR_1097,ACC_2097,70.98,USD,WIRE,MER_141,BEN_952,DEV_478,900cbd71f690a490,"Toronto, CA",2026-08-30 09:05:06.269031+00:00,0,A
TX12764,USR_1232,ACC_2232,61.73,USD,P2P,MER_135,BEN_988,DEV_614,218257120f7025ad,"London, UK",2026-08-30 09:05:06.269031+00:00,0,A
TX12342,USR_1287,ACC_2287,45.11,USD,WIRE,MER_230,BEN_519,DEV_851,30f7004dbb25ffff,"New York, US",2026-08-30 09:08:06.269031+00:00,0,A
TX13628,USR_1148,ACC_2148,82.0,USD,ACH,MER_311,BEN_725,DEV_132,01035ad56c314015,"London, UK",2026-08-30 09:09:06.269031+00:00,0,A
TX13318,USR_1267,ACC_2267,675.35,USD,P2P,MER_306,BEN_742,DEV_NEW_5464,9d27a1fb075270c8,"Tokyo, JP",2026-08-30 09:11:06.269031+00:00,1,B
TX14676,USR_1058,ACC_2058,106.38,USD,WIRE,MER_188,BEN_838,DEV_724,fbabd4fed7536e51,"London, UK",2026-08-30 09:12:06.269031+00:00,0,A
TX11985,USR_1001,ACC_2001,4975.31,USD,P2P,MER_329,BEN_RING_777,DEV_RING_999,fd5dc3897b156800,"Toronto, CA",2026-08-30 09:13:06.269031+00:00,1,D
TX12154,USR_1060,ACC_2060,97.97,USD,WIRE,MER_257,BEN_923,DEV_535,204afa4b255ccaef,"London, UK",2026-08-30 09:16:06.269031+00:00,0,A
TX11204,USR_1004,ACC_2004,4539.66,USD,P2P,MER_286,BEN_RING_777,DEV_RING_999,fd5dc3897b156800,"Tokyo, JP",2026-08-30 09:22:06.269031+00:00,1,D
TX12488,USR_1238,ACC_2238,231.81,USD,WIRE,MER_331,BEN_774,DEV_208,9e90958ba683f358,"Sydney, AU",2026-08-30 09:24:06.269031+00:00,0,A
TX14219,USR_1087,ACC_2087,5.0,USD,P2P,MER_158,BEN_879,DEV_907,3b86210ba12aac66,"London, UK",2026-08-30 09:30:06.269031+00:00,0,A
TX12735,USR_1046,ACC_2046,161.93,USD,WIRE,MER_185,BEN_738,DEV_344,af7aa7cef426f5ac,"Toronto, CA",2026-08-30 09:31:06.269031+00:00,0,A
TX11771,USR_1128,ACC_2128,377.16,USD,ACH,MER_287,BEN_CAR_DEALER_180,DEV_UPGRADE_3391,e116857d689b3cac,"London, UK",2026-08-30 09:32:06.269031+00:00,0,E
TX14051,USR_1272,ACC_2272,27.17,USD,ACH,MER_350,BEN_848,DEV_469,86889ce0a7e296c8,"Sydney, AU",2026-08-30 09:41:06.269031+00:00,0,A
TX10543,USR_1011,ACC_2011,5.0,USD,CARD,MER_257,BEN_509,DEV_652,77c76c6de779a4b4,"New York, US",2026-08-30 09:44:06.269031+00:00,0,A
TX12216,USR_1260,ACC_2260,49.6,USD,P2P,MER_235,BEN_901,DEV_126,c2fc49a7af3910a3,"New York, US",2026-08-30 09:46:06.269031+00:00,0,A
TX13474,USR_1158,ACC_2158,47.56,USD,WIRE,MER_344,BEN_705,DEV_279,992c28be99efb351,"Sydney, AU",2026-08-30 09:50:06.269031+00:00,0,A
TX11154,USR_1195,ACC_2195,52.39,USD,P2P,MER_309,BEN_908,DEV_798,e6d664e190e0dcae,"Sydney, AU",2026-08-30 09:51:06.269031+00:00,0,A
TX12173,USR_1201,ACC_2201,112.38,USD,P2P,MER_269,BEN_589,DEV_123,6c4d778432e31286,"London, UK",2026-08-30 09:52:06.269031+00:00,0,A
TX14568,USR_1062,ACC_2062,34.2,USD,CARD,MER_326,BEN_890,DEV_790,d3f71a2a96f5572f,"New York, US",2026-08-30 09:58:06.269031+00:00,0,A
TX13006,USR_1083,ACC_2083,115.12,USD,CARD,MER_327,BEN_643,DEV_860,8c6fbb422103eaee,"New York, US",2026-08-30 10:06:06.269031+00:00,0,A
TX14792,USR_1281,ACC_2281,23.47,USD,P2P,MER_202,BEN_945,DEV_583,068cee71cfaa6c66,"Sydney, AU",2026-08-30 10:09:06.269031+00:00,0,A
TX12460,USR_1259,ACC_2259,101.16,USD,ACH,MER_318,BEN_684,DEV_198,a286ac7c278aa0b4,"Sydney, AU",2026-08-30 10:13:06.269031+00:00,0,A
TX12215,USR_1205,ACC_2205,140.85,USD,P2P,MER_394,BEN_698,DEV_420,17a963387deb159b,"London, UK",2026-08-30 10:15:06.269031+00:00,0,A
TX13126,USR_1108,ACC_2108,238.54,USD,CARD,MER_244,BEN_686,DEV_140,63da350cf0be46c5,"Sydney, AU",2026-08-30 10:15:06.269031+00:00,0,A
TX11769,USR_1109,ACC_2109,189.75,USD,P2P,MER_141,BEN_936,DEV_NEW_1990,53cef7037ed47034,"Tokyo, JP",2026-08-30 10:16:06.269031+00:00,1,B
TX12155,USR_1208,ACC_2208,83.64,USD,ACH,MER_381,BEN_775,DEV_914,bf683377a3f8fe47,"Tokyo, JP",2026-08-30 10:16:06.269031+00:00,0,A
TX14790,USR_1163,ACC_2163,85.78,USD,WIRE,MER_129,BEN_567,DEV_834,09344d7a13118986,"Toronto, CA",2026-08-30 10:28:06.269031+00:00,0,A
TX13181,USR_1203,ACC_2203,170.06,USD,CARD,MER_195,BEN_909,DEV_385,b36e719e322cc5fc,"New York, US",2026-08-30 10:29:06.269031+00:00,0,A
TX11732,USR_1117,ACC_2117,121.02,USD,CARD,MER_341,BEN_519,DEV_959,f0d3fb6b451af130,"London, UK",2026-08-30 10:30:06.269031+00:00,0,A
TX11962,USR_1099,ACC_2099,128.24,USD,P2P,MER_230,BEN_654,DEV_146,a337844e39f0a6d2,"New York, US",2026-08-30 10:32:06.269031+00:00,0,A
TX13669,USR_1222,ACC_2222,98.52,USD,ACH,MER_297,BEN_901,DEV_310,44e6d40e8d8d321c,"Sydney, AU",2026-08-30 10:38:06.269031+00:00,0,A
TX12737,USR_1121,ACC_2121,68.72,USD,ACH,MER_223,BEN_882,DEV_499,c5be08c76a7060ec,"Sydney, AU",2026-08-30 10:40:06.269031+00:00,0,A
TX12233,USR_1125,ACC_2125,32.92,USD,CARD,MER_192,BEN_542,DEV_608,3bd97ae68c3711b6,"Toronto, CA",2026-08-30 10:45:06.269031+00:00,0,A
TX13436,USR_1266,ACC_2266,5.0,USD,P2P,MER_151,BEN_712,DEV_112,7285e174966eb919,"Toronto, CA",2026-08-30 10:45:06.269031+00:00,0,A
TX13214,USR_1141,ACC_2141,685.15,USD,CARD,MER_334,BEN_CAR_DEALER_164,DEV_UPGRADE_3546,4d95437c84830bda,"New York, US",2026-08-30 10:50:06.269031+00:00,0,E
TX12330,USR_1037,ACC_2037,69.78,USD,WIRE,MER_190,BEN_704,DEV_744,47d647a2985d1a90,"Sydney, AU",2026-08-30 10:50:06.269031+00:00,0,A
TX13745,USR_1210,ACC_2210,196.89,USD,ACH,MER_279,BEN_724,DEV_404,63a4bbc201560ce0,"Tokyo, JP",2026-08-30 10:51:06.269031+00:00,0,A
TX11808,USR_1048,ACC_2048,78.4,USD,CARD,MER_350,BEN_715,DEV_455,2b9102c1b5c23e99,"New York, US",2026-08-30 10:51:06.269031+00:00,0,A
TX13755,USR_1174,ACC_2174,96.3,USD,CARD,MER_345,BEN_889,DEV_789,0cc746ed483b6373,"New York, US",2026-08-30 10:55:06.269031+00:00,0,A
TX13892,USR_1077,ACC_2077,63.53,USD,WIRE,MER_217,BEN_897,DEV_679,e3a313e033bb8984,"New York, US",2026-08-30 10:58:06.269031+00:00,0,A
TX12924,USR_1085,ACC_2085,124.31,USD,P2P,MER_210,BEN_891,DEV_905,df3739cee9a7f836,"Toronto, CA",2026-08-30 11:00:06.269031+00:00,0,A
TX14318,USR_1226,ACC_2226,103.48,USD,WIRE,MER_222,BEN_873,DEV_500,0a8af8981c081dfa,"New York, US",2026-08-30 11:02:06.269031+00:00,0,A
TX12472,USR_1299,ACC_2299,5.0,USD,ACH,MER_109,BEN_881,DEV_570,8bdd36f5ed2bd26b,"New York, US",2026-08-30 11:07:06.269031+00:00,0,A
TX13582,USR_1018,ACC_2018,114.82,USD,ACH,MER_294,BEN_748,DEV_195,4929ec3e758a0a98,"London, UK",2026-08-30 11:09:06.269031+00:00,0,A
TX12268,USR_1231,ACC_2231,142.14,USD,P2P,MER_139,BEN_664,DEV_283,f3e6e6aad46a7ebd,"Toronto, CA",2026-08-30 11:09:06.269031+00:00,0,A
TX13348,USR_1020,ACC_2020,143.16,USD,ACH,MER_134,BEN_760,DEV_151,b5ff272adcc184f7,"Toronto, CA",2026-08-30 11:09:06.269031+00:00,0,A
TX13003,USR_1090,ACC_2090,59.56,USD,P2P,MER_331,BEN_859,DEV_711,4307ddaed7752a92,"Toronto, CA",2026-08-30 11:11:06.269031+00:00,0,A
TX12601,USR_1255,ACC_2255,71.96,USD,P2P,MER_311,BEN_697,DEV_355,1737b49d2dc116c6,"New York, US",2026-08-30 11:13:06.269031+00:00,0,A
TX13327,USR_1169,ACC_2169,55.47,USD,WIRE,MER_128,BEN_522,DEV_708,3e8b39ef9a3b81ca,"New York, US",2026-08-30 11:18:06.269031+00:00,0,A
TX12059,USR_1145,ACC_2145,83.16,USD,P2P,MER_171,BEN_957,DEV_830,5286bf21461c013e,"Sydney, AU",2026-08-30 11:24:06.269031+00:00,0,A
TX10287,USR_1003,ACC_2003,2833.32,USD,P2P,MER_293,BEN_RING_777,DEV_RING_999,fd5dc3897b156800,"Sydney, AU",2026-08-30 11:24:06.269031+00:00,1,D
TX13462,USR_1078,ACC_2078,122.54,USD,WIRE,MER_146,BEN_796,DEV_743,0fb9c57e09bf3897,"New York, US",2026-08-30 11:24:06.269031+00:00,0,A
TX13241,USR_1027,ACC_2027,187.37,USD,ACH,MER_382,BEN_927,DEV_214,ead699ed5e370d8a,"London, UK",2026-08-30 11:26:06.269031+00:00,0,A
TX13878,USR_1165,ACC_2165,171.76,USD,P2P,MER_192,BEN_646,DEV_654,6a209799414ac9ae,"Sydney, AU",2026-08-30 11:27:06.269031+00:00,0,A
TX14141,USR_1077,ACC_2077,114.36,USD,ACH,MER_228,BEN_926,DEV_679,cb99c4f64b0c2e92,"New York, US",2026-08-30 11:29:06.269031+00:00,0,A
TX13087,USR_1019,ACC_2019,58.27,USD,CARD,MER_129,BEN_651,DEV_903,169234b0f36be910,"Toronto, CA",2026-08-30 11:31:06.269031+00:00,0,A
TX12897,USR_1022,ACC_2022,101.88,USD,CARD,MER_261,BEN_843,DEV_785,3dcf2f0b24fe3401,"Sydney, AU",2026-08-30 11:35:06.269031+00:00,0,A
TX11975,USR_1204,ACC_2204,11.27,USD,P2P,MER_334,BEN_678,DEV_368,d31bda7984910180,"Tokyo, JP",2026-08-30 11:37:06.269031+00:00,0,A
TX12522,USR_1125,ACC_2125,24.05,USD,P2P,MER_320,BEN_717,DEV_608,9d968dc522301427,"Toronto, CA",2026-08-30 11:37:06.269031+00:00,0,A
TX12705,USR_1293,ACC_2293,83.63,USD,WIRE,MER_268,BEN_570,DEV_218,5fcbcf952ebe4639,"New York, US",2026-08-30 11:38:06.269031+00:00,0,A
TX12168,USR_1235,ACC_2235,121.58,USD,CARD,MER_366,BEN_572,DEV_310,1fe9fcc6678ffd0c,"Sydney, AU",2026-08-30 11:38:06.269031+00:00,0,A
TX14046,USR_1068,ACC_2068,37.6,USD,WIRE,MER_400,BEN_903,DEV_984,fa361ea74f62b17b,"Sydney, AU",2026-08-30 11:39:06.269031+00:00,0,A
TX12265,USR_1217,ACC_2217,73.26,USD,ACH,MER_219,BEN_702,DEV_770,120fb4e11b005dae,"London, UK",2026-08-30 11:39:06.269031+00:00,0,A
TX11967,USR_1042,ACC_2042,396.6,USD,WIRE,MER_323,BEN_639,DEV_NEW_2716,4deedbb583918fca,"Sydney, AU",2026-08-30 11:42:06.269031+00:00,0,B
TX13438,USR_1027,ACC_2027,233.84,USD,WIRE,MER_382,BEN_927,DEV_214,1c63c3c47526e1d4,"London, UK",2026-08-30 11:45:06.269031+00:00,0,A
TX12609,USR_1125,ACC_2125,446.19,USD,WIRE,MER_320,BEN_NEW_9349,DEV_ATO_7127,c4ce789ccfae0a5b,Unknown / Proxy IP,2026-08-30 11:45:06.269031+00:00,1,C
TX13084,USR_1000,ACC_2000,102.27,USD,P2P,MER_379,BEN_879,DEV_125,e5b5a7e8cd8467b3,"London, UK",2026-08-30 11:50:06.269031+00:00,0,A
TX12689,USR_1120,ACC_2120,111.49,USD,WIRE,MER_284,BEN_768,DEV_729,acf4e5f702d3cb66,"London, UK",2026-08-30 11:50:06.269031+00:00,0,A
TX12955,USR_1198,ACC_2198,49.47,USD,CARD,MER_361,BEN_613,DEV_439,e9f7c9e4f8358d4f,"New York, US",2026-08-30 11:52:06.269031+00:00,0,A
TX12333,USR_1145,ACC_2145,76.73,USD,ACH,MER_171,BEN_763,DEV_830,c615bf10c0f6ef80,"Sydney, AU",2026-08-30 11:52:06.269031+00:00,0,A
TX11813,USR_1142,ACC_2142,128.31,USD,ACH,MER_168,BEN_774,DEV_149,87c723e76a7e0203,"Sydney, AU",2026-08-30 11:57:06.269031+00:00,0,A
TX12673,USR_1170,ACC_2170,72.06,USD,ACH,MER_173,BEN_806,DEV_615,6d3f2c0efed53fd2,"Toronto, CA",2026-08-30 11:58:06.269031+00:00,0,A
TX12200,USR_1279,ACC_2279,36.86,USD,WIRE,MER_232,BEN_879,DEV_274,1954f8dacd6f403a,"London, UK",2026-08-30 12:00:06.269031+00:00,0,A
TX12909,USR_1284,ACC_2284,184.88,USD,P2P,MER_276,BEN_597,DEV_138,ccbf846be6c6de2e,"New York, US",2026-08-30 12:02:06.269031+00:00,0,A
TX14092,USR_1181,ACC_2181,82.22,USD,CARD,MER_149,BEN_757,DEV_112,9e61c93a56ccb2d7,"Tokyo, JP",2026-08-30 12:03:06.269031+00:00,0,A
TX12692,USR_1166,ACC_2166,887.0,USD,ACH,MER_370,BEN_CAR_DEALER_130,DEV_UPGRADE_3597,c8ad27d26d0d4858,"Toronto, CA",2026-08-30 12:05:06.269031+00:00,0,E
TX14364,USR_1100,ACC_2100,109.7,USD,P2P,MER_303,BEN_786,DEV_609,0b550abed4d63847,"Sydney, AU",2026-08-30 12:14:06.269031+00:00,0,A
TX13863,USR_1141,ACC_2141,88.21,USD,WIRE,MER_210,BEN_701,DEV_578,c2490af88173eb58,"New York, US",2026-08-30 12:17:06.269031+00:00,0,A
TX13219,USR_1239,ACC_2239,83.24,USD,ACH,MER_227,BEN_927,DEV_192,4fac9047a43ceafc,"Toronto, CA",2026-08-30 12:23:06.269031+00:00,0,A
TX13293,USR_1162,ACC_2162,139.58,USD,P2P,MER_159,BEN_793,DEV_179,085f174413030ecf,"Toronto, CA",2026-08-30 12:23:06.269031+00:00,0,A
TX14106,USR_1215,ACC_2215,47.01,USD,ACH,MER_275,BEN_780,DEV_539,9d3410d1f125e1df,"Tokyo, JP",2026-08-30 12:27:06.269031+00:00,0,A
TX11191,USR_1243,ACC_2243,51.52,USD,P2P,MER_281,BEN_849,DEV_687,3ff853a1c744a0b6,"Sydney, AU",2026-08-30 12:27:06.269031+00:00,0,A
TX13248,USR_1151,ACC_2151,231.19,USD,P2P,MER_248,BEN_846,DEV_424,b48b3f861a1e313c,"Tokyo, JP",2026-08-30 12:32:06.269031+00:00,0,A
TX13850,USR_1186,ACC_2186,152.83,USD,P2P,MER_127,BEN_886,DEV_406,eb7f2ef45fdc1ca3,"Sydney, AU",2026-08-30 12:39:06.269031+00:00,0,A
TX14010,USR_1038,ACC_2038,5.0,USD,ACH,MER_386,BEN_841,DEV_670,198c5bf5e708adb7,"Sydney, AU",2026-08-30 12:47:06.269031+00:00,0,A
TX14081,USR_1172,ACC_2172,70.93,USD,WIRE,MER_337,BEN_653,DEV_526,a857062f049ebbf9,"London, UK",2026-08-30 12:51:06.269031+00:00,0,A
TX12214,USR_1175,ACC_2175,244.26,USD,CARD,MER_264,BEN_624,DEV_NEW_4753,15bf1c91432da6c2,"New York, US",2026-08-30 12:51:06.269031+00:00,0,B
TX13540,USR_1230,ACC_2230,30.11,USD,P2P,MER_286,BEN_939,DEV_687,e0b1369be54e04f0,"Toronto, CA",2026-08-30 12:51:06.269031+00:00,0,A
TX13533,USR_1256,ACC_2256,118.21,USD,CARD,MER_250,BEN_583,DEV_659,1ef60236fe347e83,"Toronto, CA",2026-08-30 12:57:06.269031+00:00,0,A
TX13530,USR_1269,ACC_2269,181.9,USD,ACH,MER_145,BEN_568,DEV_NEW_5124,f73871d4716ca547,"New York, US",2026-08-30 12:57:06.269031+00:00,1,B
TX11086,USR_1101,ACC_2101,138.41,USD,P2P,MER_266,BEN_793,DEV_570,9ad7f3c439662655,"Toronto, CA",2026-08-30 13:02:06.269031+00:00,0,A
TX12452,USR_1113,ACC_2113,93.28,USD,WIRE,MER_373,BEN_885,DEV_838,422acfea258515ca,"London, UK",2026-08-30 13:03:06.269031+00:00,0,A
TX14238,USR_1296,ACC_2296,67.89,USD,ACH,MER_368,BEN_860,DEV_215,56dc5c0a9d1e223b,"Tokyo, JP",2026-08-30 13:06:06.269031+00:00,0,A
TX12515,USR_1297,ACC_2297,55.78,USD,P2P,MER_105,BEN_956,DEV_543,7aa269778c11feae,"Tokyo, JP",2026-08-30 13:07:06.269031+00:00,0,A
TX12480,USR_1196,ACC_2196,33.64,USD,P2P,MER_398,BEN_806,DEV_358,f56b9b8e7db62522,"Sydney, AU",2026-08-30 13:09:06.269031+00:00,0,A
TX12902,USR_1121,ACC_2121,82.98,USD,ACH,MER_153,BEN_629,DEV_499,257492fb34368b9a,"Sydney, AU",2026-08-30 13:16:06.269031+00:00,0,A
TX13550,USR_1071,ACC_2071,72.69,USD,ACH,MER_309,BEN_869,DEV_995,f338536f45f03dae,"Sydney, AU",2026-08-30 13:16:06.269031+00:00,0,A
TX12863,USR_1188,ACC_2188,49.13,USD,WIRE,MER_178,BEN_865,DEV_542,4ef285a84911ce89,"New York, US",2026-08-30 13:17:06.269031+00:00,0,A
TX12558,USR_1113,ACC_2113,85.12,USD,P2P,MER_258,BEN_883,DEV_838,422acfea258515ca,"London, UK",2026-08-30 13:18:06.269031+00:00,0,A
TX13747,USR_1086,ACC_2086,98.76,USD,ACH,MER_107,BEN_776,DEV_892,ee2876480c330c83,"Tokyo, JP",2026-08-30 13:19:06.269031+00:00,0,A
TX11659,USR_1195,ACC_2195,84.42,USD,ACH,MER_309,BEN_908,DEV_798,e6d664e190e0dcae,"Sydney, AU",2026-08-30 13:19:06.269031+00:00,0,A
TX11134,USR_1160,ACC_2160,71.17,USD,P2P,MER_288,BEN_969,DEV_576,337d54f89d9cced9,"Toronto, CA",2026-08-30 13:19:06.269031+00:00,0,A
TX14956,USR_1237,ACC_2237,140.94,USD,WIRE,MER_399,BEN_731,DEV_342,8b11224c92458caf,"Sydney, AU",2026-08-30 13:19:06.269031+00:00,0,A
TX14044,USR_1115,ACC_2115,95.34,USD,WIRE,MER_182,BEN_542,DEV_153,4d8f3a7ab28f30b0,"New York, US",2026-08-30 13:20:06.269031+00:00,0,A
TX12573,USR_1227,ACC_2227,144.11,USD,ACH,MER_354,BEN_506,DEV_564,5b3522464b586141,"London, UK",2026-08-30 13:22:06.269031+00:00,0,A
TX12497,USR_1171,ACC_2171,102.06,USD,WIRE,MER_384,BEN_718,DEV_523,8aae49a384ac18fb,"Toronto, CA",2026-08-30 13:24:06.269031+00:00,0,A
TX13390,USR_1089,ACC_2089,220.54,USD,ACH,MER_164,BEN_541,DEV_NEW_5373,c9dca1b44f1121b5,"Sydney, AU",2026-08-30 13:28:06.269031+00:00,1,B
TX13164,USR_1000,ACC_2000,124.55,USD,ACH,MER_144,BEN_879,DEV_125,848df14feec37bf9,"London, UK",2026-08-30 13:31:06.269031+00:00,0,A
TX14461,USR_1115,ACC_2115,1990.14,USD,WIRE,MER_239,BEN_NEW_9579,DEV_ATO_6349,a06493268279c909,Unknown / Proxy IP,2026-08-30 13:33:06.269031+00:00,1,C
TX13160,USR_1202,ACC_2202,45.69,USD,ACH,MER_299,BEN_814,DEV_916,6479e01d7b163595,"Sydney, AU",2026-08-30 13:33:06.269031+00:00,0,A
TX12841,USR_1150,ACC_2150,91.07,USD,WIRE,MER_215,BEN_642,DEV_450,43a67aa88ddfe9a5,"Tokyo, JP",2026-08-30 13:34:06.269031+00:00,0,A
TX13306,USR_1069,ACC_2069,824.7,USD,ACH,MER_219,BEN_733,DEV_NEW_8433,ed4b5a832416af09,"Tokyo, JP",2026-08-30 13:34:06.269031+00:00,1,B
TX13947,USR_1049,ACC_2049,61.47,USD,ACH,MER_265,BEN_922,DEV_545,2d5ca29e2ab18fd2,"Tokyo, JP",2026-08-30 13:36:06.269031+00:00,0,A
TX13854,USR_1073,ACC_2073,61.41,USD,ACH,MER_128,BEN_585,DEV_864,e5324ea32e3f72f6,"New York, US",2026-08-30 13:39:06.269031+00:00,0,A
TX11754,USR_1023,ACC_2023,162.22,USD,P2P,MER_378,BEN_535,DEV_175,549711726c0cadf1,"London, UK",2026-08-30 13:40:06.269031+00:00,0,A
TX12171,USR_1095,ACC_2095,129.1,USD,WIRE,MER_258,BEN_639,DEV_723,47dee88f32dc4e73,"Tokyo, JP",2026-08-30 13:41:06.269031+00:00,0,A
TX13599,USR_1030,ACC_2030,186.42,USD,CARD,MER_304,BEN_656,DEV_993,a24862cb3a0ddabd,"Sydney, AU",2026-08-30 13:42:06.269031+00:00,0,A
TX14511,USR_1296,ACC_2296,85.35,USD,ACH,MER_273,BEN_860,DEV_215,98eccdccd122648d,"Tokyo, JP",2026-08-30 13:47:06.269031+00:00,0,A
TX12559,USR_1262,ACC_2262,75.66,USD,CARD,MER_216,BEN_913,DEV_254,142617e48d73374c,"New York, US",2026-08-30 13:51:06.269031+00:00,0,A
TX13989,USR_1123,ACC_2123,107.56,USD,WIRE,MER_197,BEN_778,DEV_144,3c20fd93e10a2c4d,"Tokyo, JP",2026-08-30 13:56:06.269031+00:00,0,A
TX12762,USR_1299,ACC_2299,5.0,USD,WIRE,MER_306,BEN_560,DEV_570,8bdd36f5ed2bd26b,"New York, US",2026-08-30 13:56:06.269031+00:00,0,A
TX14171,USR_1025,ACC_2025,205.98,USD,P2P,MER_126,BEN_851,DEV_378,2488659b8d6070e6,"Tokyo, JP",2026-08-30 13:57:06.269031+00:00,0,A
TX14424,USR_1275,ACC_2275,133.48,USD,ACH,MER_211,BEN_735,DEV_358,cff6f731a3aa7735,"Tokyo, JP",2026-08-30 14:01:06.269031+00:00,0,A
TX13019,USR_1066,ACC_2066,38.19,USD,WIRE,MER_336,BEN_708,DEV_745,722c81b0c225405a,"London, UK",2026-08-30 14:01:06.269031+00:00,0,A
TX12238,USR_1152,ACC_2152,153.66,USD,CARD,MER_375,BEN_745,DEV_394,bd5e4722f4a3f853,"Sydney, AU",2026-08-30 14:01:06.269031+00:00,0,A
TX13997,USR_1080,ACC_2080,104.87,USD,CARD,MER_235,BEN_507,DEV_244,15286ec96ebfbae1,"Sydney, AU",2026-08-30 14:03:06.269031+00:00,0,A
TX11635,USR_1031,ACC_2031,50.86,USD,CARD,MER_191,BEN_669,DEV_385,5200cf954889065e,"Tokyo, JP",2026-08-30 14:06:06.269031+00:00,0,A
TX13515,USR_1151,ACC_2151,194.88,USD,ACH,MER_294,BEN_846,DEV_591,b48b3f861a1e313c,"Tokyo, JP",2026-08-30 14:08:06.269031+00:00,0,A
TX14928,USR_1102,ACC_2102,87.26,USD,CARD,MER_368,BEN_932,DEV_920,bcef80d0e40d9da3,"Tokyo, JP",2026-08-30 14:11:06.269031+00:00,0,A
TX13020,USR_1046,ACC_2046,80.11,USD,WIRE,MER_185,BEN_858,DEV_344,753d8b158f374251,"Toronto, CA",2026-08-30 14:15:06.269031+00:00,0,A
TX10570,USR_1011,ACC_2011,4513.29,USD,P2P,MER_257,BEN_RING_777,DEV_RING_999,fd5dc3897b156800,"New York, US",2026-08-30 14:21:06.269031+00:00,1,D
TX12707,USR_1253,ACC_2253,435.97,USD,CARD,MER_389,BEN_516,DEV_NEW_5979,45f4a1d19d86b658,"Toronto, CA",2026-08-30 14:23:06.269031+00:00,0,B
TX13074,USR_1234,ACC_2234,134.47,USD,CARD,MER_271,BEN_929,DEV_106,7e1e719175d63229,"Toronto, CA",2026-08-30 14:23:06.269031+00:00,0,A
TX11559,USR_1273,ACC_2273,5.0,USD,WIRE,MER_125,BEN_514,DEV_664,ead1ba663b08014c,"Tokyo, JP",2026-08-30 14:25:06.269031+00:00,0,A
TX11980,USR_1283,ACC_2283,184.62,USD,P2P,MER_319,BEN_824,DEV_690,b52082bae5419f55,"New York, US",2026-08-30 14:28:06.269031+00:00,0,A
TX13481,USR_1000,ACC_2000,72.71,USD,ACH,MER_115,BEN_879,DEV_125,848df14feec37bf9,"London, UK",2026-08-30 14:29:06.269031+00:00,0,A
TX12829,USR_1042,ACC_2042,71.6,USD,CARD,MER_348,BEN_639,DEV_871,070ff06ec268ff91,"Sydney, AU",2026-08-30 14:32:06.269031+00:00,0,A
TX11906,USR_1236,ACC_2236,104.71,USD,P2P,MER_390,BEN_568,DEV_817,d1657b5d33f1bffa,"Toronto, CA",2026-08-30 14:33:06.269031+00:00,0,A
TX12633,USR_1146,ACC_2146,129.61,USD,ACH,MER_269,BEN_508,DEV_444,1c61219d3526daa9,"Sydney, AU",2026-08-30 14:34:06.269031+00:00,0,A
TX11705,USR_1244,ACC_2244,85.35,USD,P2P,MER_345,BEN_651,DEV_386,95af57c5afaf0f11,"Toronto, CA",2026-08-30 14:39:06.269031+00:00,0,A
TX10667,USR_1011,ACC_2011,2619.61,USD,P2P,MER_129,BEN_RING_777,DEV_RING_999,fd5dc3897b156800,"New York, US",2026-08-30 14:42:06.269031+00:00,1,D
TX14887,USR_1103,ACC_2103,24.53,USD,CARD,MER_199,BEN_761,DEV_505,3bd6c9e1e86aa4e1,"London, UK",2026-08-30 14:42:06.269031+00:00,0,A
TX12740,USR_1190,ACC_2190,5.0,USD,CARD,MER_311,BEN_697,DEV_126,3862c4777cb683d4,"Toronto, CA",2026-08-30 14:45:06.269031+00:00,0,A
TX13236,USR_1251,ACC_2251,69.21,USD,ACH,MER_272,BEN_691,DEV_892,1967d4b96d6bf678,"Tokyo, JP",2026-08-30 14:46:06.269031+00:00,0,A
TX14632,USR_1164,ACC_2164,92.74,USD,WIRE,MER_137,BEN_611,DEV_788,eb6318d23a29cdd4,"Tokyo, JP",2026-08-30 14:46:06.269031+00:00,0,A
TX12780,USR_1245,ACC_2245,165.82,USD,P2P,MER_378,BEN_778,DEV_240,c234b94963614182,"Toronto, CA",2026-08-30 14:49:06.269031+00:00,0,A
TX11403,USR_1032,ACC_2032,126.35,USD,P2P,MER_122,BEN_960,DEV_139,45bbc125bb9f3fa7,"Tokyo, JP",2026-08-30 14:49:06.269031+00:00,0,A
TX13898,USR_1071,ACC_2071,753.44,USD,ACH,MER_179,BEN_573,DEV_NEW_2930,7eebaedd1b534afc,"Sydney, AU",2026-08-30 15:03:06.269031+00:00,0,B
TX13170,USR_1223,ACC_2223,190.78,USD,ACH,MER_379,BEN_662,DEV_708,cbc3291fb0da28bd,"New York, US",2026-08-30 15:04:06.269031+00:00,0,A
TX12032,USR_1295,ACC_2295,39.86,USD,P2P,MER_347,BEN_910,DEV_964,a64a19e570d11404,"Toronto, CA",2026-08-30 15:07:06.269031+00:00,0,A
TX14829,USR_1153,ACC_2153,80.78,USD,WIRE,MER_151,BEN_526,DEV_730,ea01f47d91af8c3e,"New York, US",2026-08-30 15:08:06.269031+00:00,0,A
TX13945,USR_1126,ACC_2126,80.11,USD,CARD,MER_129,BEN_728,DEV_181,5f77f6179e67d445,"Sydney, AU",2026-08-30 15:11:06.269031+00:00,0,A
TX11812,USR_1117,ACC_2117,131.61,USD,ACH,MER_341,BEN_646,DEV_201,f0d3fb6b451af130,"London, UK",2026-08-30 15:12:06.269031+00:00,0,A
TX12865,USR_1146,ACC_2146,134.31,USD,WIRE,MER_313,BEN_688,DEV_707,1c61219d3526daa9,"Sydney, AU",2026-08-30 15:14:06.269031+00:00,0,A
TX11892,USR_1289,ACC_2289,93.13,USD,WIRE,MER_361,BEN_960,DEV_203,d86fed0966b732bb,"Toronto, CA",2026-08-30 15:16:06.269031+00:00,0,A
TX12812,USR_1166,ACC_2166,164.74,USD,CARD,MER_370,BEN_834,DEV_486,817ec2d627862004,"Toronto, CA",2026-08-30 15:21:06.269031+00:00,0,A
TX13574,USR_1250,ACC_2250,51.73,USD,CARD,MER_265,BEN_867,DEV_439,8bc5ca6f1c58f90a,"London, UK",2026-08-30 15:23:06.269031+00:00,0,A
TX12994,USR_1111,ACC_2111,56.7,USD,WIRE,MER_215,BEN_985,DEV_620,dc65b42e8044fcc4,"London, UK",2026-08-30 15:24:06.269031+00:00,0,A
TX14227,USR_1053,ACC_2053,58.97,USD,CARD,MER_194,BEN_561,DEV_663,b6ccfe2c28a47580,"Tokyo, JP",2026-08-30 15:27:06.269031+00:00,0,A
TX12286,USR_1205,ACC_2205,141.15,USD,ACH,MER_316,BEN_698,DEV_420,4d66e8ede2b3dfa5,"London, UK",2026-08-30 15:27:06.269031+00:00,0,A
TX12582,USR_1128,ACC_2128,31.36,USD,ACH,MER_170,BEN_890,DEV_470,899e2fbba4cdd118,"London, UK",2026-08-30 15:33:06.269031+00:00,0,A
TX13059,USR_1168,ACC_2168,139.76,USD,CARD,MER_314,BEN_914,DEV_258,75dc671fb1371347,"New York, US",2026-08-30 15:33:06.269031+00:00,0,A
TX11895,USR_1040,ACC_2040,5.0,USD,WIRE,MER_132,BEN_577,DEV_830,db45800d487a786b,"Tokyo, JP",2026-08-30 15:35:06.269031+00:00,0,A
TX11533,USR_1084,ACC_2084,32.94,USD,ACH,MER_162,BEN_531,DEV_975,0f2642a2d4f0e8ea,"Tokyo, JP",2026-08-30 15:37:06.269031+00:00,0,A
TX14876,USR_1141,ACC_2141,94.77,USD,WIRE,MER_358,BEN_983,DEV_578,4d95437c84830bda,"New York, US",2026-08-30 15:46:06.269031+00:00,0,A
TX14476,USR_1135,ACC_2135,59.91,USD,CARD,MER_228,BEN_981,DEV_411,eddad66c8f2b7404,"London, UK",2026-08-30 15:51:06.269031+00:00,0,A
TX13193,USR_1070,ACC_2070,5.0,USD,P2P,MER_164,BEN_839,DEV_425,e17b9a40f4875acc,"Sydney, AU",2026-08-30 15:57:06.269031+00:00,0,A
TX12282,USR_1138,ACC_2138,129.89,USD,ACH,MER_312,BEN_530,DEV_594,895fb4d15f41d577,"Tokyo, JP",2026-08-30 16:00:06.269031+00:00,0,A
TX14672,USR_1146,ACC_2146,170.54,USD,WIRE,MER_269,BEN_743,DEV_444,c33c25d83dc44ad3,"Sydney, AU",2026-08-30 16:00:06.269031+00:00,0,A
TX12587,USR_1113,ACC_2113,132.9,USD,WIRE,MER_258,BEN_645,DEV_838,98eccdccd122648d,"London, UK",2026-08-30 16:12:06.269031+00:00,0,A
TX11431,USR_1013,ACC_2013,5694.9,USD,P2P,MER_226,BEN_RING_777,DEV_RING_999,fd5dc3897b156800,"Tokyo, JP",2026-08-30 16:12:06.269031+00:00,1,D
TX13681,USR_1078,ACC_2078,106.44,USD,CARD,MER_251,BEN_796,DEV_743,0fb9c57e09bf3897,"New York, US",2026-08-30 16:15:06.269031+00:00,0,A
TX14397,USR_1080,ACC_2080,54.52,USD,ACH,MER_332,BEN_702,DEV_244,483e41a558764e8a,"Sydney, AU",2026-08-30 16:19:06.269031+00:00,0,A
TX14283,USR_1216,ACC_2216,138.31,USD,CARD,MER_254,BEN_500,DEV_741,119ef96e716612dc,"New York, US",2026-08-30 16:21:06.269031+00:00,0,A
TX12302,USR_1270,ACC_2270,191.66,USD,WIRE,MER_306,BEN_920,DEV_552,3631663658218087,"Sydney, AU",2026-08-30 16:29:06.269031+00:00,0,A
TX12187,USR_1282,ACC_2282,118.72,USD,ACH,MER_129,BEN_590,DEV_246,d3d65ee8b2408bc7,"New York, US",2026-08-30 16:29:06.269031+00:00,0,A
TX14123,USR_1041,ACC_2041,51.57,USD,P2P,MER_103,BEN_984,DEV_438,6f38731baa6eaa18,"London, UK",2026-08-30 16:31:06.269031+00:00,0,A
TX12237,USR_1043,ACC_2043,98.86,USD,ACH,MER_113,BEN_701,DEV_841,a13bd63118e22736,"Toronto, CA",2026-08-30 16:32:06.269031+00:00,0,A
TX11991,USR_1182,ACC_2182,107.05,USD,ACH,MER_307,BEN_540,DEV_346,6fe60e5021e846bd,"Tokyo, JP",2026-08-30 16:33:06.269031+00:00,0,A
TX12307,USR_1263,ACC_2263,55.0,USD,P2P,MER_364,BEN_937,DEV_648,5b50cb1181290aec,"London, UK",2026-08-30 16:34:06.269031+00:00,0,A
TX11900,USR_1065,ACC_2065,117.53,USD,P2P,MER_247,BEN_781,DEV_155,50f80dd021cf6a7a,"Sydney, AU",2026-08-30 16:44:06.269031+00:00,0,A
TX13829,USR_1144,ACC_2144,93.6,USD,CARD,MER_305,BEN_760,DEV_482,cc8bd0b7935b5734,"Tokyo, JP",2026-08-30 16:50:06.269031+00:00,0,A
TX12041,USR_1271,ACC_2271,704.8,USD,ACH,MER_116,BEN_948,DEV_NEW_6712,bcd2c88a9c3ee93c,"New York, US",2026-08-30 16:56:06.269031+00:00,1,B
TX13723,USR_1218,ACC_2218,636.74,USD,CARD,MER_316,BEN_675,DEV_NEW_7885,d7226c000046452f,"London, UK",2026-08-30 17:04:06.269031+00:00,1,B
TX13111,USR_1198,ACC_2198,39.09,USD,P2P,MER_365,BEN_613,DEV_870,9b0f4b33f9b12ba7,"New York, US",2026-08-30 17:09:06.269031+00:00,0,A
TX14346,USR_1122,ACC_2122,96.54,USD,CARD,MER_250,BEN_593,DEV_145,f5a9eef8abf31c92,"London, UK",2026-08-30 17:11:06.269031+00:00,0,A
TX14477,USR_1176,ACC_2176,31.29,USD,ACH,MER_289,BEN_738,DEV_577,b185032c6b58239c,"Tokyo, JP",2026-08-30 17:13:06.269031+00:00,0,A
TX12589,USR_1248,ACC_2248,92.63,USD,ACH,MER_388,BEN_860,DEV_280,f39d9230d2c100e0,"Tokyo, JP",2026-08-30 17:17:06.269031+00:00,0,A
TX13294,USR_1029,ACC_2029,95.61,USD,WIRE,MER_310,BEN_670,DEV_985,c7e3f1b326ee84a0,"London, UK",2026-08-30 17:19:06.269031+00:00,0,A
TX14752,USR_1206,ACC_2206,79.52,USD,ACH,MER_283,BEN_571,DEV_598,17673fd32798d605,"London, UK",2026-08-30 17:21:06.269031+00:00,0,A
TX12386,USR_1221,ACC_2221,87.71,USD,ACH,MER_227,BEN_641,DEV_703,decd57703473e273,"Sydney, AU",2026-08-30 17:32:06.269031+00:00,0,A
TX12097,USR_1056,ACC_2056,94.77,USD,CARD,MER_137,BEN_751,DEV_590,292e1d1a2fc9ded3,"Tokyo, JP",2026-08-30 17:32:06.269031+00:00,0,A
TX12881,USR_1098,ACC_2098,242.25,USD,CARD,MER_276,BEN_762,DEV_534,52fe8baed4ca9e50,"Tokyo, JP",2026-08-30 17:33:06.269031+00:00,0,A
TX14967,USR_1059,ACC_2059,40.97,USD,ACH,MER_235,BEN_861,DEV_102,5ec654ffc81f21ab,"Sydney, AU",2026-08-30 17:35:06.269031+00:00,0,A
TX12411,USR_1268,ACC_2268,105.77,USD,WIRE,MER_255,BEN_743,DEV_139,5580895259e008e5,"London, UK",2026-08-30 17:38:06.269031+00:00,0,A
TX12423,USR_1221,ACC_2221,77.71,USD,ACH,MER_113,BEN_626,DEV_703,2ba65b50195c3319,"Sydney, AU",2026-08-30 17:39:06.269031+00:00,0,A
TX12704,USR_1006,ACC_2006,304.22,USD,ACH,MER_261,BEN_920,DEV_NEW_7938,7b9b363b102f9355,"New York, US",2026-08-30 17:43:06.269031+00:00,0,B
TX12862,USR_1298,ACC_2298,151.56,USD,P2P,MER_306,BEN_642,DEV_990,77f386399a2800ee,"London, UK",2026-08-30 17:46:06.269031+00:00,0,A
TX13979,USR_1073,ACC_2073,111.04,USD,CARD,MER_283,BEN_855,DEV_864,58254c0adfed6a9f,"New York, US",2026-08-30 17:53:06.269031+00:00,0,A
TX12650,USR_1137,ACC_2137,253.67,USD,P2P,MER_248,BEN_792,DEV_183,28af3e505676849d,"Toronto, CA",2026-08-30 17:57:06.269031+00:00,0,A
TX13398,USR_1242,ACC_2242,174.17,USD,CARD,MER_269,BEN_933,DEV_176,16b1981054412bbd,"Sydney, AU",2026-08-30 17:57:06.269031+00:00,0,A
TX12875,USR_1167,ACC_2167,34.31,USD,CARD,MER_226,BEN_868,DEV_845,b9416ceca6a04ceb,"New York, US",2026-08-30 17:59:06.269031+00:00,0,A
TX14037,USR_1165,ACC_2165,178.17,USD,ACH,MER_192,BEN_709,DEV_654,1c8f363bdf87e8ad,"Sydney, AU",2026-08-30 18:00:06.269031+00:00,0,A
TX11026,USR_1014,ACC_2014,170.62,USD,ACH,MER_217,BEN_862,DEV_446,f808d0e331397ae0,"Toronto, CA",2026-08-30 18:02:06.269031+00:00,0,A
TX13744,USR_1019,ACC_2019,64.14,USD,WIRE,MER_131,BEN_651,DEV_903,169234b0f36be910,"Toronto, CA",2026-08-30 18:02:06.269031+00:00,0,A
TX13029,USR_1088,ACC_2088,107.68,USD,CARD,MER_115,BEN_901,DEV_707,bb2cb8fd7aba67e8,"Toronto, CA",2026-08-30 18:08:06.269031+00:00,0,A
TX12951,USR_1154,ACC_2154,48.69,USD,CARD,MER_247,BEN_834,DEV_105,821fce86e69adfe0,"London, UK",2026-08-30 18:08:06.269031+00:00,0,A
TX14131,USR_1177,ACC_2177,109.7,USD,CARD,MER_251,BEN_783,DEV_523,d0954936adb6f994,"London, UK",2026-08-30 18:12:06.269031+00:00,0,A
TX11683,USR_1104,ACC_2104,1487.56,USD,CARD,MER_138,BEN_CAR_DEALER_123,DEV_UPGRADE_3349,4945799b02508963,"New York, US",2026-08-30 18:14:06.269031+00:00,0,E
TX12710,USR_1180,ACC_2180,5.0,USD,P2P,MER_349,BEN_826,DEV_169,4e3c89636a5903ac,"Toronto, CA",2026-08-30 18:19:06.269031+00:00,0,A
TX11858,USR_1109,ACC_2109,32.05,USD,ACH,MER_270,BEN_936,DEV_437,53cef7037ed47034,"Tokyo, JP",2026-08-30 18:21:06.269031+00:00,0,A
TX14052,USR_1038,ACC_2038,475.17,USD,CARD,MER_371,BEN_737,DEV_NEW_3844,d1561592aad7dc92,"Sydney, AU",2026-08-30 18:22:06.269031+00:00,1,B
TX13137,USR_1033,ACC_2033,102.94,USD,CARD,MER_163,BEN_840,DEV_632,46aa30724ea1e038,"London, UK",2026-08-30 18:32:06.269031+00:00,0,A
TX13354,USR_1121,ACC_2121,86.07,USD,WIRE,MER_223,BEN_682,DEV_499,257492fb34368b9a,"Sydney, AU",2026-08-30 18:36:06.269031+00:00,0,A
TX14215,USR_1228,ACC_2228,179.4,USD,P2P,MER_319,BEN_960,DEV_270,3f70b2135cc48ade,"Tokyo, JP",2026-08-30 18:36:06.269031+00:00,0,A
TX14656,USR_1194,ACC_2194,28.85,USD,WIRE,MER_202,BEN_643,DEV_398,9f8604cb7e467670,"Toronto, CA",2026-08-30 18:36:06.269031+00:00,0,A
TX14011,USR_1196,ACC_2196,27.58,USD,WIRE,MER_398,BEN_729,DEV_358,f56b9b8e7db62522,"Sydney, AU",2026-08-30 18:42:06.269031+00:00,0,A
TX13775,USR_1222,ACC_2222,661.86,USD,WIRE,MER_353,BEN_CAR_DEALER_173,DEV_UPGRADE_3523,44e6d40e8d8d321c,"Sydney, AU",2026-08-30 18:42:06.269031+00:00,0,E
TX12044,USR_1044,ACC_2044,161.44,USD,WIRE,MER_141,BEN_694,DEV_286,7dd4f2ecf1f66f66,"Sydney, AU",2026-08-30 18:47:06.269031+00:00,0,A
TX11498,USR_1063,ACC_2063,161.86,USD,CARD,MER_353,BEN_709,DEV_699,201c1973492a8659,"New York, US",2026-08-30 18:50:06.269031+00:00,0,A
TX14705,USR_1247,ACC_2247,5.0,USD,CARD,MER_298,BEN_773,DEV_698,ed62994153dcc26c,"London, UK",2026-08-30 18:54:06.269031+00:00,0,A
TX12922,USR_1098,ACC_2098,224.31,USD,CARD,MER_156,BEN_558,DEV_534,52fe8baed4ca9e50,"Tokyo, JP",2026-08-30 18:55:06.269031+00:00,0,A
TX14269,USR_1016,ACC_2016,6.02,USD,ACH,MER_306,BEN_739,DEV_196,faef1aaa3962a0dd,"Sydney, AU",2026-08-30 19:03:06.269031+00:00,0,A
TX11863,USR_1007,ACC_2007,54.44,USD,CARD,MER_375,BEN_571,DEV_317,62b5698b674c63cc,"Sydney, AU",2026-08-30 19:05:06.269031+00:00,0,A
TX14540,USR_1135,ACC_2135,503.45,USD,CARD,MER_200,BEN_958,DEV_NEW_6201,eddad66c8f2b7404,"London, UK",2026-08-30 19:05:06.269031+00:00,1,B
TX11113,USR_1185,ACC_2185,167.49,USD,ACH,MER_173,BEN_591,DEV_176,47545ed8e2a937ee,"Toronto, CA",2026-08-30 19:07:06.269031+00:00,0,A
TX12018,USR_1054,ACC_2054,94.36,USD,P2P,MER_254,BEN_926,DEV_321,99ea77d9ff8fe312,"Toronto, CA",2026-08-30 19:11:06.269031+00:00,0,A
TX13881,USR_1144,ACC_2144,60.39,USD,P2P,MER_120,BEN_601,DEV_482,1738decb44c32509,"Tokyo, JP",2026-08-30 19:12:06.269031+00:00,0,A
TX11943,USR_1254,ACC_2254,103.59,USD,WIRE,MER_271,BEN_825,DEV_439,81d994e1fde62732,"Tokyo, JP",2026-08-30 19:12:06.269031+00:00,0,A
TX13601,USR_1129,ACC_2129,83.95,USD,WIRE,MER_387,BEN_698,DEV_421,4541428cfc1cd62e,"New York, US",2026-08-30 19:12:06.269031+00:00,0,A
TX14739,USR_1199,ACC_2199,351.86,USD,WIRE,MER_251,BEN_512,DEV_NEW_6733,cec3b891aa0766f8,"Toronto, CA",2026-08-30 19:17:06.269031+00:00,1,B
TX14439,USR_1161,ACC_2161,161.6,USD,CARD,MER_328,BEN_922,DEV_565,67c9e296ad6a0f6a,"Sydney, AU",2026-08-30 19:20:06.269031+00:00,0,A
TX12665,USR_1124,ACC_2124,5.0,USD,CARD,MER_323,BEN_688,DEV_899,6368a1fc6b09e2af,"Tokyo, JP",2026-08-30 19:21:06.269031+00:00,0,A
TX13888,USR_1132,ACC_2132,63.01,USD,ACH,MER_382,BEN_739,DEV_911,01ed69d6118ed97c,"New York, US",2026-08-30 19:23:06.269031+00:00,0,A
TX11916,USR_1143,ACC_2143,255.28,USD,P2P,MER_160,BEN_697,DEV_510,4ae101e33ed41f66,"Tokyo, JP",2026-08-30 19:24:06.269031+00:00,0,A
TX13531,USR_1269,ACC_2269,5.0,USD,P2P,MER_264,BEN_568,DEV_963,4ce705bd91f4650b,"New York, US",2026-08-30 19:24:06.269031+00:00,0,A
TX12644,USR_1291,ACC_2291,165.75,USD,P2P,MER_176,BEN_545,DEV_804,07e6b2518940233a,"New York, US",2026-08-30 19:27:06.269031+00:00,0,A
TX13005,USR_1111,ACC_2111,43.9,USD,CARD,MER_179,BEN_598,DEV_620,6b00b3fa091b36e5,"London, UK",2026-08-30 19:28:06.269031+00:00,0,A
TX13566,USR_1269,ACC_2269,5.0,USD,WIRE,MER_237,BEN_568,DEV_387,4ce705bd91f4650b,"New York, US",2026-08-30 19:29:06.269031+00:00,0,A
TX13038,USR_1284,ACC_2284,1323.3,USD,P2P,MER_276,BEN_887,DEV_NEW_5253,dd17096cb236e923,"New York, US",2026-08-30 19:29:06.269031+00:00,1,B
TX12572,USR_1286,ACC_2286,5.0,USD,CARD,MER_109,BEN_985,DEV_544,971dc7574aadf36f,"Tokyo, JP",2026-08-30 19:30:06.269031+00:00,0,A
TX12294,USR_1009,ACC_2009,5.0,USD,CARD,MER_236,BEN_849,DEV_357,f95917160c8c9e2a,"New York, US",2026-08-30 19:35:06.269031+00:00,0,A
TX12317,USR_1205,ACC_2205,86.97,USD,CARD,MER_394,BEN_698,DEV_420,17a963387deb159b,"London, UK",2026-08-30 19:48:06.269031+00:00,0,A
TX10449,USR_1003,ACC_2003,129.6,USD,P2P,MER_382,BEN_972,DEV_967,5fb8c19f162b2fd9,"Sydney, AU",2026-08-30 19:51:06.269031+00:00,0,A
TX13467,USR_1166,ACC_2166,1103.92,USD,CARD,MER_375,BEN_940,DEV_NEW_2439,c8ad27d26d0d4858,"Toronto, CA",2026-08-30 19:53:06.269031+00:00,1,B
TX14592,USR_1119,ACC_2119,183.88,USD,WIRE,MER_319,BEN_823,DEV_213,ef4697ab732d72a0,"Toronto, CA",2026-08-30 19:54:06.269031+00:00,0,A
TX13615,USR_1030,ACC_2030,158.26,USD,P2P,MER_214,BEN_920,DEV_993,a24862cb3a0ddabd,"Sydney, AU",2026-08-30 19:55:06.269031+00:00,0,A
TX11938,USR_1195,ACC_2195,130.78,USD,ACH,MER_135,BEN_649,DEV_798,e6d664e190e0dcae,"Sydney, AU",2026-08-30 19:57:06.269031+00:00,0,A
TX12256,USR_1142,ACC_2142,124.42,USD,WIRE,MER_306,BEN_774,DEV_149,bcd8541d04723bde,"Sydney, AU",2026-08-30 20:02:06.269031+00:00,0,A
TX12197,USR_1288,ACC_2288,44.36,USD,CARD,MER_178,BEN_780,DEV_769,b840d900f540b080,"New York, US",2026-08-30 20:05:06.269031+00:00,0,A
TX14546,USR_1224,ACC_2224,58.93,USD,ACH,MER_246,BEN_520,DEV_888,1db1632945fdf4fb,"Tokyo, JP",2026-08-30 20:07:06.269031+00:00,0,A
TX12695,USR_1096,ACC_2096,181.98,USD,WIRE,MER_274,BEN_882,DEV_679,2de281d9b2a90870,"New York, US",2026-08-30 20:07:06.269031+00:00,0,A
TX12889,USR_1128,ACC_2128,61.32,USD,CARD,MER_371,BEN_890,DEV_470,e116857d689b3cac,"London, UK",2026-08-30 20:12:06.269031+00:00,0,A
TX14032,USR_1140,ACC_2140,696.96,USD,P2P,MER_197,BEN_CAR_DEALER_174,DEV_UPGRADE_3072,4af4f4dcf8282d9e,"Sydney, AU",2026-08-30 20:13:06.269031+00:00,0,E
TX11811,USR_1244,ACC_2244,116.23,USD,CARD,MER_310,BEN_831,DEV_386,95af57c5afaf0f11,"Toronto, CA",2026-08-30 20:16:06.269031+00:00,0,A
TX12940,USR_1155,ACC_2155,184.89,USD,WIRE,MER_313,BEN_971,DEV_887,ce61f694417a43be,"Toronto, CA",2026-08-30 20:17:06.269031+00:00,0,A
TX13629,USR_1184,ACC_2184,13.51,USD,WIRE,MER_343,BEN_958,DEV_184,4a1afa885aeef4cc,"Tokyo, JP",2026-08-30 20:17:06.269031+00:00,0,A
TX14080,USR_1269,ACC_2269,137.62,USD,ACH,MER_237,BEN_653,DEV_NEW_4836,f73871d4716ca547,"New York, US",2026-08-30 20:21:06.269031+00:00,1,B
TX12436,USR_1116,ACC_2116,591.69,USD,CARD,MER_297,BEN_691,DEV_NEW_9882,0afa7d2175280287,"New York, US",2026-08-30 20:22:06.269031+00:00,1,B
TX14407,USR_1173,ACC_2173,104.84,USD,CARD,MER_289,BEN_972,DEV_670,643840ebe753d743,"London, UK",2026-08-30 20:23:06.269031+00:00,0,A
TX14688,USR_1131,ACC_2131,68.6,USD,WIRE,MER_214,BEN_580,DEV_455,1f64066193cd0ee5,"Tokyo, JP",2026-08-30 20:24:06.269031+00:00,0,A
TX14095,USR_1196,ACC_2196,48.61,USD,ACH,MER_398,BEN_729,DEV_358,f0c9d1ca368b0809,"Sydney, AU",2026-08-30 20:25:06.269031+00:00,0,A
TX13063,USR_1083,ACC_2083,135.31,USD,P2P,MER_289,BEN_987,DEV_860,175fedd283ce6476,"New York, US",2026-08-30 20:27:06.269031+00:00,0,A
TX12298,USR_1217,ACC_2217,81.66,USD,CARD,MER_148,BEN_820,DEV_770,120fb4e11b005dae,"London, UK",2026-08-30 20:27:06.269031+00:00,0,A
TX12179,USR_1074,ACC_2074,51.11,USD,ACH,MER_173,BEN_540,DEV_541,167806ab11382ccb,"London, UK",2026-08-30 20:28:06.269031+00:00,0,A
TX11478,USR_1147,ACC_2147,123.94,USD,CARD,MER_368,BEN_526,DEV_711,aad4dc93bf3e811d,"Toronto, CA",2026-08-30 20:29:06.269031+00:00,0,A
TX13201,USR_1113,ACC_2113,149.26,USD,P2P,MER_222,BEN_901,DEV_838,422acfea258515ca,"London, UK",2026-08-30 20:30:06.269031+00:00,0,A
TX14359,USR_1214,ACC_2214,109.74,USD,P2P,MER_373,BEN_667,DEV_867,ca649f404e150fd6,"Tokyo, JP",2026-08-30 20:33:06.269031+00:00,0,A
TX11342,USR_1039,ACC_2039,110.86,USD,P2P,MER_366,BEN_930,DEV_950,b60f32873a6a1158,"Sydney, AU",2026-08-30 20:33:06.269031+00:00,0,A
TX14411,USR_1226,ACC_2226,105.73,USD,P2P,MER_129,BEN_723,DEV_700,ad7846d8a635bc19,"New York, US",2026-08-30 20:33:06.269031+00:00,0,A
TX14417,USR_1272,ACC_2272,5.0,USD,CARD,MER_190,BEN_515,DEV_469,43d8fae6420bbe4b,"Sydney, AU",2026-08-30 20:35:06.269031+00:00,0,A
TX13295,USR_1261,ACC_2261,49.5,USD,WIRE,MER_388,BEN_634,DEV_289,4d4cf90ee85528e0,"Sydney, AU",2026-08-30 20:35:06.269031+00:00,0,A
TX13777,USR_1020,ACC_2020,136.77,USD,ACH,MER_195,BEN_991,DEV_151,ea54cd4ad8cdf904,"Toronto, CA",2026-08-30 20:35:06.269031+00:00,0,A
TX13115,USR_1022,ACC_2022,90.4,USD,CARD,MER_334,BEN_653,DEV_785,3dcf2f0b24fe3401,"Sydney, AU",2026-08-30 20:37:06.269031+00:00,0,A
TX12211,USR_1201,ACC_2201,96.73,USD,ACH,MER_181,BEN_764,DEV_123,91e7767500f47f48,"London, UK",2026-08-30 20:38:06.269031+00:00,0,A
TX12985,USR_1291,ACC_2291,92.05,USD,P2P,MER_156,BEN_843,DEV_804,07e6b2518940233a,"New York, US",2026-08-30 20:39:06.269031+00:00,0,A
TX14451,USR_1226,ACC_2226,1239.84,USD,WIRE,MER_225,BEN_NEW_9028,DEV_ATO_9367,8ed248403d1a240c,Unknown / Proxy IP,2026-08-30 20:41:06.269031+00:00,1,C
TX14124,USR_1215,ACC_2215,77.83,USD,P2P,MER_275,BEN_566,DEV_323,9d3410d1f125e1df,"Tokyo, JP",2026-08-30 20:41:06.269031+00:00,0,A
TX13098,USR_1287,ACC_2287,22.85,USD,P2P,MER_292,BEN_864,DEV_851,3c8fe058cbb41642,"New York, US",2026-08-30 20:44:06.269031+00:00,0,A
TX12932,USR_1232,ACC_2232,62.92,USD,WIRE,MER_267,BEN_988,DEV_614,57cd4dd75ee045c8,"London, UK",2026-08-30 20:46:06.269031+00:00,0,A
TX13853,USR_1222,ACC_2222,208.22,USD,ACH,MER_353,BEN_901,DEV_630,44e6d40e8d8d321c,"Sydney, AU",2026-08-30 20:50:06.269031+00:00,0,A
TX13016,USR_1085,ACC_2085,110.19,USD,ACH,MER_206,BEN_535,DEV_905,d15e8c587f1dd67a,"Toronto, CA",2026-08-30 20:53:06.269031+00:00,0,A
TX12549,USR_1171,ACC_2171,95.05,USD,WIRE,MER_384,BEN_847,DEV_523,8aae49a384ac18fb,"Toronto, CA",2026-08-30 20:55:06.269031+00:00,0,A
TX12642,USR_1009,ACC_2009,5628.0,USD,P2P,MER_157,BEN_RING_777,DEV_RING_999,fd5dc3897b156800,"New York, US",2026-08-30 20:56:06.269031+00:00,1,D
TX13227,USR_1291,ACC_2291,117.14,USD,CARD,MER_176,BEN_843,DEV_804,73383021c91189cd,"New York, US",2026-08-30 21:01:06.269031+00:00,0,A
TX12659,USR_1026,ACC_2026,766.44,USD,P2P,MER_318,BEN_634,DEV_NEW_8778,644cd2e14ee2c85b,"New York, US",2026-08-30 21:02:06.269031+00:00,0,B
TX13534,USR_1110,ACC_2110,119.53,USD,WIRE,MER_147,BEN_658,DEV_417,4c245ca65429c4d7,"Toronto, CA",2026-08-30 21:03:06.269031+00:00,0,A
TX14203,USR_1123,ACC_2123,59.52,USD,ACH,MER_229,BEN_917,DEV_144,3c20fd93e10a2c4d,"Tokyo, JP",2026-08-30 21:04:06.269031+00:00,0,A
TX12195,USR_1112,ACC_2112,70.49,USD,ACH,MER_292,BEN_672,DEV_619,402439e7d7ccfd33,"Toronto, CA",2026-08-30 21:13:06.269031+00:00,0,A
TX12366,USR_1034,ACC_2034,45.71,USD,ACH,MER_294,BEN_715,DEV_518,2a9d9783bdddca1f,"Toronto, CA",2026-08-30 21:16:06.269031+00:00,0,A
TX14816,USR_1055,ACC_2055,177.32,USD,ACH,MER_245,BEN_944,DEV_380,747453dffe2e3b17,"Tokyo, JP",2026-08-30 21:20:06.269031+00:00,0,A
TX13928,USR_1148,ACC_2148,86.3,USD,ACH,MER_310,BEN_660,DEV_132,01035ad56c314015,"London, UK",2026-08-30 21:22:06.269031+00:00,0,A
TX12730,USR_1217,ACC_2217,88.43,USD,WIRE,MER_148,BEN_702,DEV_770,120fb4e11b005dae,"London, UK",2026-08-30 21:30:06.269031+00:00,0,A
TX12606,USR_1248,ACC_2248,73.56,USD,WIRE,MER_388,BEN_860,DEV_280,f39d9230d2c100e0,"Tokyo, JP",2026-08-30 21:34:06.269031+00:00,0,A
TX12625,USR_1271,ACC_2271,157.2,USD,CARD,MER_227,BEN_948,DEV_899,c67a1e0a7190f404,"New York, US",2026-08-30 21:35:06.269031+00:00,0,A
TX12360,USR_1145,ACC_2145,24.68,USD,WIRE,MER_183,BEN_957,DEV_830,5286bf21461c013e,"Sydney, AU",2026-08-30 21:36:06.269031+00:00,0,A
TX12971,USR_1156,ACC_2156,12.34,USD,WIRE,MER_332,BEN_790,DEV_866,62075f8be723f4c2,"New York, US",2026-08-30 21:36:06.269031+00:00,0,A
TX13796,USR_1280,ACC_2280,84.87,USD,CARD,MER_337,BEN_690,DEV_463,c80da5be8e1c3709,"Sydney, AU",2026-08-30 21:36:06.269031+00:00,0,A
TX11914,USR_1249,ACC_2249,202.34,USD,WIRE,MER_128,BEN_546,DEV_956,c24ea062cf3c7968,"Sydney, AU",2026-08-30 21:37:06.269031+00:00,0,A
TX13873,USR_1113,ACC_2113,98.08,USD,WIRE,MER_329,BEN_883,DEV_838,98eccdccd122648d,"London, UK",2026-08-30 21:37:06.269031+00:00,0,A
TX14804,USR_1179,ACC_2179,85.03,USD,WIRE,MER_138,BEN_768,DEV_273,adb4f2be356e2898,"Toronto, CA",2026-08-30 21:44:06.269031+00:00,0,A
TX12277,USR_1274,ACC_2274,145.19,USD,ACH,MER_104,BEN_942,DEV_762,383262a527cc1403,"Sydney, AU",2026-08-30 21:46:06.269031+00:00,0,A
TX12421,USR_1193,ACC_2193,213.16,USD,P2P,MER_260,BEN_808,DEV_550,e4ba75bf79fdcb04,"Toronto, CA",2026-08-30 21:55:06.269031+00:00,0,A
TX13377,USR_1072,ACC_2072,98.76,USD,WIRE,MER_220,BEN_662,DEV_809,262810317c02055b,"Tokyo, JP",2026-08-30 21:57:06.269031+00:00,0,A
TX11949,USR_1104,ACC_2104,100.18,USD,ACH,MER_337,BEN_631,DEV_844,4945799b02508963,"New York, US",2026-08-30 21:58:06.269031+00:00,0,A
TX13202,USR_1156,ACC_2156,5.0,USD,ACH,MER_271,BEN_652,DEV_866,62075f8be723f4c2,"New York, US",2026-08-30 21:59:06.269031+00:00,0,A
TX12942,USR_1136,ACC_2136,73.77,USD,CARD,MER_388,BEN_982,DEV_228,e687ecdb5a48d3fd,"Toronto, CA",2026-08-30 22:03:06.269031+00:00,0,A
TX13623,USR_1050,ACC_2050,67.08,USD,WIRE,MER_349,BEN_935,DEV_868,1bf0c487dfdc7d77,"Sydney, AU",2026-08-30 22:07:06.269031+00:00,0,A
TX12563,USR_1145,ACC_2145,48.3,USD,WIRE,MER_183,BEN_957,DEV_830,5286bf21461c013e,"Sydney, AU",2026-08-30 22:07:06.269031+00:00,0,A
TX10577,USR_1003,ACC_2003,116.55,USD,P2P,MER_293,BEN_998,DEV_967,5fb8c19f162b2fd9,"Sydney, AU",2026-08-30 22:08:06.269031+00:00,0,A
TX11446,USR_1139,ACC_2139,58.13,USD,WIRE,MER_338,BEN_566,DEV_420,d3d65ee8b2408bc7,"Tokyo, JP",2026-08-30 22:09:06.269031+00:00,0,A
TX12163,USR_1056,ACC_2056,66.95,USD,CARD,MER_177,BEN_705,DEV_551,292e1d1a2fc9ded3,"Tokyo, JP",2026-08-30 22:17:06.269031+00:00,0,A
TX12827,USR_1145,ACC_2145,1251.03,USD,WIRE,MER_183,BEN_NEW_8935,DEV_ATO_9414,7f3fd28b5e21fd0b,Unknown / Proxy IP,2026-08-30 22:19:06.269031+00:00,1,C
TX13982,USR_1168,ACC_2168,204.2,USD,CARD,MER_134,BEN_838,DEV_454,ca649f404e150fd6,"New York, US",2026-08-30 22:23:06.269031+00:00,0,A
TX12975,USR_1219,ACC_2219,13.13,USD,WIRE,MER_295,BEN_653,DEV_492,8ac9ec0ab7625d5e,"New York, US",2026-08-30 22:25:06.269031+00:00,0,A
TX12612,USR_1268,ACC_2268,675.22,USD,CARD,MER_237,BEN_881,DEV_NEW_6785,520b3672ae9f6d8e,"London, UK",2026-08-30 22:28:06.269031+00:00,0,B
TX14661,USR_1296,ACC_2296,7.54,USD,ACH,MER_395,BEN_944,DEV_215,98eccdccd122648d,"Tokyo, JP",2026-08-30 22:31:06.269031+00:00,0,A
TX13882,USR_1113,ACC_2113,172.45,USD,CARD,MER_222,BEN_901,DEV_838,422acfea258515ca,"London, UK",2026-08-30 22:31:06.269031+00:00,0,A
TX14362,USR_1033,ACC_2033,101.56,USD,WIRE,MER_253,BEN_535,DEV_632,d04c1334ba31bc7c,"London, UK",2026-08-30 22:32:06.269031+00:00,0,A
TX12312,USR_1288,ACC_2288,160.86,USD,ACH,MER_205,BEN_727,DEV_769,6da18eb3006706c0,"New York, US",2026-08-30 22:34:06.269031+00:00,0,A
TX14864,USR_1199,ACC_2199,32.4,USD,CARD,MER_143,BEN_512,DEV_556,74e49e5edbd31069,"Toronto, CA",2026-08-30 22:38:06.269031+00:00,0,A
TX12175,USR_1244,ACC_2244,51.37,USD,ACH,MER_345,BEN_831,DEV_556,95af57c5afaf0f11,"Toronto, CA",2026-08-30 22:39:06.269031+00:00,0,A
TX14256,USR_1264,ACC_2264,5.0,USD,ACH,MER_203,BEN_564,DEV_223,c5d36bbeb8a834e0,"London, UK",2026-08-30 22:39:06.269031+00:00,0,A
TX14908,USR_1192,ACC_2192,36.43,USD,WIRE,MER_103,BEN_734,DEV_469,5dd32c369dca9f43,"Sydney, AU",2026-08-30 22:40:06.269031+00:00,0,A
TX14040,USR_1015,ACC_2015,424.1,USD,ACH,MER_342,BEN_951,DEV_NEW_9659,5457ab5de7f73ba3,"London, UK",2026-08-30 22:40:06.269031+00:00,1,B
TX14396,USR_1053,ACC_2053,45.09,USD,ACH,MER_374,BEN_618,DEV_663,384061d4871fda2e,"Tokyo, JP",2026-08-30 22:46:06.269031+00:00,0,A
TX12602,USR_1241,ACC_2241,52.09,USD,P2P,MER_305,BEN_566,DEV_204,fbd7d4ee4caf9386,"New York, US",2026-08-30 22:47:06.269031+00:00,0,A
TX12834,USR_1209,ACC_2209,45.88,USD,ACH,MER_317,BEN_868,DEV_686,038309423bd0f69b,"Tokyo, JP",2026-08-30 22:54:06.269031+00:00,0,A
TX11982,USR_1236,ACC_2236,5.0,USD,WIRE,MER_131,BEN_568,DEV_817,d1657b5d33f1bffa,"Toronto, CA",2026-08-30 22:54:06.269031+00:00,0,A
TX11665,USR_1292,ACC_2292,29.88,USD,P2P,MER_120,BEN_651,DEV_840,47a7d5c3ae210030,"London, UK",2026-08-30 23:00:06.269031+00:00,0,A
TX12982,USR_1052,ACC_2052,33.85,USD,P2P,MER_276,BEN_656,DEV_558,666c612e2ac1ca57,"Sydney, AU",2026-08-30 23:04:06.269031+00:00,0,A
TX13334,USR_1036,ACC_2036,74.2,USD,ACH,MER_225,BEN_601,DEV_779,cea311fcad472a9b,"London, UK",2026-08-30 23:05:06.269031+00:00,0,A
TX11167,USR_1101,ACC_2101,131.66,USD,P2P,MER_110,BEN_827,DEV_570,9ad7f3c439662655,"Toronto, CA",2026-08-30 23:06:06.269031+00:00,0,A
TX12725,USR_1270,ACC_2270,204.53,USD,WIRE,MER_259,BEN_763,DEV_552,1c3a07e244071917,"Sydney, AU",2026-08-30 23:08:06.269031+00:00,0,A
TX11664,USR_1081,ACC_2081,128.38,USD,CARD,MER_213,BEN_741,DEV_698,54c1bae29c21b64f,"New York, US",2026-08-30 23:10:06.269031+00:00,0,A
TX12490,USR_1263,ACC_2263,33.07,USD,CARD,MER_392,BEN_702,DEV_648,c7e72f84ea95305d,"London, UK",2026-08-30 23:16:06.269031+00:00,0,A
TX13089,USR_1200,ACC_2200,113.26,USD,CARD,MER_253,BEN_743,DEV_456,1084998dfd6f5f0a,"London, UK",2026-08-30 23:16:06.269031+00:00,0,A
TX12289,USR_1057,ACC_2057,154.78,USD,P2P,MER_330,BEN_897,DEV_354,c45d5c6c769f2b69,"Toronto, CA",2026-08-30 23:18:06.269031+00:00,0,A
TX12912,USR_1021,ACC_2021,138.09,USD,WIRE,MER_261,BEN_836,DEV_683,54c8e13af5852b70,"Toronto, CA",2026-08-30 23:23:06.269031+00:00,0,A
TX12637,USR_1034,ACC_2034,81.21,USD,WIRE,MER_294,BEN_715,DEV_782,2a9d9783bdddca1f,"Toronto, CA",2026-08-30 23:26:06.269031+00:00,0,A
TX12691,USR_1263,ACC_2263,21.71,USD,ACH,MER_364,BEN_962,DEV_648,5b50cb1181290aec,"London, UK",2026-08-30 23:43:06.269031+00:00,0,A
TX12295,USR_1093,ACC_2093,86.52,USD,WIRE,MER_346,BEN_553,DEV_781,fa54c7e2e8ed5049,"New York, US",2026-08-30 23:47:06.269031+00:00,0,A
TX12851,USR_1238,ACC_2238,252.65,USD,P2P,MER_257,BEN_774,DEV_208,9e90958ba683f358,"Sydney, AU",2026-08-30 23:48:06.269031+00:00,0,A
TX14325,USR_1038,ACC_2038,331.17,USD,WIRE,MER_326,BEN_737,DEV_NEW_2880,d1561592aad7dc92,"Sydney, AU",2026-08-30 23:56:06.269031+00:00,0,B
TX14351,USR_1144,ACC_2144,77.08,USD,ACH,MER_120,BEN_601,DEV_482,cc8bd0b7935b5734,"Tokyo, JP",2026-08-31 00:08:06.269031+00:00,0,A
TX14185,USR_1240,ACC_2240,114.37,USD,ACH,MER_148,BEN_707,DEV_150,87a1a3b014960188,"London, UK",2026-08-31 00:10:06.269031+00:00,0,A
TX12977,USR_1136,ACC_2136,83.24,USD,CARD,MER_178,BEN_803,DEV_740,bde624019cb538ca,"Toronto, CA",2026-08-31 00:10:06.269031+00:00,0,A
TX13232,USR_1010,ACC_2010,5797.11,USD,P2P,MER_178,BEN_RING_777,DEV_RING_999,fd5dc3897b156800,"Tokyo, JP",2026-08-31 00:12:06.269031+00:00,1,D
TX14400,USR_1186,ACC_2186,80.45,USD,ACH,MER_356,BEN_886,DEV_406,eb7f2ef45fdc1ca3,"Sydney, AU",2026-08-31 00:12:06.269031+00:00,0,A
TX13385,USR_1262,ACC_2262,75.54,USD,CARD,MER_367,BEN_913,DEV_254,142617e48d73374c,"New York, US",2026-08-31 00:14:06.269031+00:00,0,A
TX12068,USR_1109,ACC_2109,42.94,USD,P2P,MER_176,BEN_870,DEV_167,53cef7037ed47034,"Tokyo, JP",2026-08-31 00:19:06.269031+00:00,0,A
TX12196,USR_1044,ACC_2044,231.48,USD,CARD,MER_141,BEN_889,DEV_151,57b5ef6ca2f69bab,"Sydney, AU",2026-08-31 00:19:06.269031+00:00,0,A
TX12791,USR_1023,ACC_2023,103.67,USD,CARD,MER_245,BEN_625,DEV_175,ef68c766279b5ce9,"London, UK",2026-08-31 00:20:06.269031+00:00,0,A
TX13035,USR_1009,ACC_2009,33.22,USD,WIRE,MER_236,BEN_953,DEV_357,f95917160c8c9e2a,"New York, US",2026-08-31 00:21:06.269031+00:00,0,A
TX12355,USR_1235,ACC_2235,166.23,USD,P2P,MER_366,BEN_572,DEV_310,726bb384b3c414ca,"Sydney, AU",2026-08-31 00:22:06.269031+00:00,0,A
TX12408,USR_1205,ACC_2205,117.66,USD,CARD,MER_314,BEN_698,DEV_420,4d66e8ede2b3dfa5,"London, UK",2026-08-31 00:24:06.269031+00:00,0,A
TX14482,USR_1087,ACC_2087,5.86,USD,CARD,MER_158,BEN_879,DEV_908,3b86210ba12aac66,"London, UK",2026-08-31 00:26:06.269031+00:00,0,A
TX14288,USR_1165,ACC_2165,978.04,USD,ACH,MER_315,BEN_646,DEV_NEW_6305,1c8f363bdf87e8ad,"Sydney, AU",2026-08-31 00:29:06.269031+00:00,0,B
TX12892,USR_1044,ACC_2044,162.37,USD,CARD,MER_229,BEN_889,DEV_286,7dd4f2ecf1f66f66,"Sydney, AU",2026-08-31 00:31:06.269031+00:00,0,A
TX14912,USR_1058,ACC_2058,82.78,USD,CARD,MER_188,BEN_635,DEV_724,fbabd4fed7536e51,"London, UK",2026-08-31 00:34:06.269031+00:00,0,A
TX11718,USR_1243,ACC_2243,26.38,USD,CARD,MER_195,BEN_695,DEV_687,374dcf84a838dbb4,"Sydney, AU",2026-08-31 00:36:06.269031+00:00,0,A
TX14264,USR_1177,ACC_2177,107.95,USD,ACH,MER_178,BEN_783,DEV_523,2d9eae9ad589ed38,"London, UK",2026-08-31 00:42:06.269031+00:00,0,A
TX13813,USR_1291,ACC_2291,165.25,USD,WIRE,MER_393,BEN_545,DEV_804,07e6b2518940233a,"New York, US",2026-08-31 00:43:06.269031+00:00,0,A
TX12750,USR_1231,ACC_2231,133.8,USD,CARD,MER_238,BEN_614,DEV_283,f3e6e6aad46a7ebd,"Toronto, CA",2026-08-31 00:46:06.269031+00:00,0,A
TX12080,USR_1047,ACC_2047,257.98,USD,P2P,MER_224,BEN_866,DEV_692,a800010fef16c5ea,"Sydney, AU",2026-08-31 00:47:06.269031+00:00,0,A
TX12788,USR_1106,ACC_2106,152.42,USD,CARD,MER_336,BEN_539,DEV_417,0c68f51756e95452,"Tokyo, JP",2026-08-31 00:50:06.269031+00:00,0,A
TX11214,USR_1005,ACC_2005,47.41,USD,CARD,MER_294,BEN_873,DEV_479,153c3b2b0c4f6c24,"New York, US",2026-08-31 00:51:06.269031+00:00,0,A
TX14130,USR_1082,ACC_2082,33.5,USD,CARD,MER_298,BEN_559,DEV_518,e9adc9bb40a0ee12,"New York, US",2026-08-31 00:51:06.269031+00:00,0,A
TX14458,USR_1021,ACC_2021,130.91,USD,WIRE,MER_367,BEN_836,DEV_222,60144cd34ce98fe1,"Toronto, CA",2026-08-31 00:52:06.269031+00:00,0,A
TX11765,USR_1290,ACC_2290,38.21,USD,P2P,MER_380,BEN_709,DEV_609,b3203dec1bd8e624,"Tokyo, JP",2026-08-31 00:53:06.269031+00:00,0,A
TX12843,USR_1099,ACC_2099,81.19,USD,ACH,MER_248,BEN_984,DEV_325,7f3bb771f0573b6f,"New York, US",2026-08-31 01:02:06.269031+00:00,0,A
TX13931,USR_1203,ACC_2203,57.41,USD,P2P,MER_195,BEN_909,DEV_385,b36e719e322cc5fc,"New York, US",2026-08-31 01:02:06.269031+00:00,0,A
TX12698,USR_1157,ACC_2157,71.06,USD,P2P,MER_231,BEN_583,DEV_971,82338ff02e297db6,"New York, US",2026-08-31 01:03:06.269031+00:00,0,A
TX12138,USR_1051,ACC_2051,93.13,USD,P2P,MER_308,BEN_543,DEV_386,3e9b67fa112f4e75,"New York, US",2026-08-31 01:05:06.269031+00:00,0,A
TX11323,USR_1008,ACC_2008,6458.25,USD,P2P,MER_132,BEN_RING_777,DEV_RING_999,fd5dc3897b156800,"New York, US",2026-08-31 01:07:06.269031+00:00,1,D
TX13166,USR_1134,ACC_2134,116.22,USD,CARD,MER_163,BEN_566,DEV_999,fcac5511c1942848,"Toronto, CA",2026-08-31 01:12:06.269031+00:00,0,A
TX12927,USR_1248,ACC_2248,551.01,USD,WIRE,MER_388,BEN_CAR_DEALER_131,DEV_UPGRADE_3353,aed85343eab6ce68,"Tokyo, JP",2026-08-31 01:12:06.269031+00:00,0,E
TX13849,USR_1261,ACC_2261,6.95,USD,P2P,MER_215,BEN_725,DEV_289,811834c71f1d4f06,"Sydney, AU",2026-08-31 01:17:06.269031+00:00,0,A
TX11974,USR_1254,ACC_2254,93.69,USD,CARD,MER_271,BEN_993,DEV_439,ce7d41e693885b0f,"Tokyo, JP",2026-08-31 01:21:06.269031+00:00,0,A
TX14045,USR_1210,ACC_2210,109.02,USD,ACH,MER_221,BEN_943,DEV_404,c9ceeb8e9250506f,"Tokyo, JP",2026-08-31 01:24:06.269031+00:00,0,A
TX13157,USR_1285,ACC_2285,94.82,USD,ACH,MER_333,BEN_523,DEV_205,f508248cccfe83c8,"London, UK",2026-08-31 01:27:06.269031+00:00,0,A
TX14381,USR_1100,ACC_2100,86.77,USD,WIRE,MER_136,BEN_786,DEV_609,0b550abed4d63847,"Sydney, AU",2026-08-31 01:31:06.269031+00:00,0,A
TX13924,USR_1071,ACC_2071,76.82,USD,P2P,MER_340,BEN_869,DEV_995,f338536f45f03dae,"Sydney, AU",2026-08-31 01:33:06.269031+00:00,0,A
TX14358,USR_1123,ACC_2123,50.61,USD,CARD,MER_229,BEN_917,DEV_144,3c5b2e36fc42544e,"Tokyo, JP",2026-08-31 01:36:06.269031+00:00,0,A
TX14702,USR_1062,ACC_2062,46.33,USD,CARD,MER_365,BEN_795,DEV_790,3cef47ffd66e1e9f,"New York, US",2026-08-31 01:43:06.269031+00:00,0,A
TX13446,USR_1067,ACC_2067,99.55,USD,ACH,MER_360,BEN_927,DEV_610,d7762f781a7e7f4a,"Tokyo, JP",2026-08-31 01:44:06.269031+00:00,0,A
TX12626,USR_1079,ACC_2079,87.48,USD,CARD,MER_339,BEN_631,DEV_305,03e70a2d37a6fbd7,"Tokyo, JP",2026-08-31 01:45:06.269031+00:00,0,A
TX14894,USR_1196,ACC_2196,62.53,USD,ACH,MER_398,BEN_729,DEV_358,f0c9d1ca368b0809,"Sydney, AU",2026-08-31 01:46:06.269031+00:00,0,A
TX13719,USR_1061,ACC_2061,14.9,USD,ACH,MER_321,BEN_520,DEV_579,a8a0e5e079ff595f,"Tokyo, JP",2026-08-31 01:52:06.269031+00:00,0,A
TX12882,USR_1042,ACC_2042,61.06,USD,WIRE,MER_114,BEN_749,DEV_405,4deedbb583918fca,"Sydney, AU",2026-08-31 01:57:06.269031+00:00,0,A
TX14791,USR_1210,ACC_2210,94.76,USD,ACH,MER_319,BEN_943,DEV_404,c9ceeb8e9250506f,"Tokyo, JP",2026-08-31 01:59:06.269031+00:00,0,A
TX12437,USR_1282,ACC_2282,106.81,USD,P2P,MER_240,BEN_824,DEV_423,a056b9561fb0441c,"New York, US",2026-08-31 02:08:06.269031+00:00,0,A
TX13145,USR_1293,ACC_2293,41.6,USD,CARD,MER_187,BEN_570,DEV_856,5fcbcf952ebe4639,"New York, US",2026-08-31 02:09:06.269031+00:00,0,A
TX14454,USR_1078,ACC_2078,65.71,USD,CARD,MER_286,BEN_517,DEV_743,0fb9c57e09bf3897,"New York, US",2026-08-31 02:10:06.269031+00:00,0,A
TX14214,USR_1077,ACC_2077,77.47,USD,P2P,MER_280,BEN_962,DEV_679,e3a313e033bb8984,"New York, US",2026-08-31 02:16:06.269031+00:00,0,A
TX12063,USR_1028,ACC_2028,63.64,USD,P2P,MER_179,BEN_627,DEV_415,367de0248003677f,"New York, US",2026-08-31 02:18:06.269031+00:00,0,A
TX13658,USR_1169,ACC_2169,131.33,USD,P2P,MER_376,BEN_705,DEV_708,3e8b39ef9a3b81ca,"New York, US",2026-08-31 02:18:06.269031+00:00,0,A
TX13572,USR_1114,ACC_2114,95.87,USD,ACH,MER_370,BEN_898,DEV_298,a96525fe39fe5020,"Sydney, AU",2026-08-31 02:18:06.269031+00:00,0,A
TX13827,USR_1029,ACC_2029,42.84,USD,ACH,MER_155,BEN_512,DEV_985,c7e3f1b326ee84a0,"London, UK",2026-08-31 02:18:06.269031+00:00,0,A
TX14514,USR_1078,ACC_2078,2417.73,USD,WIRE,MER_167,BEN_NEW_8607,DEV_ATO_7686,ad7487a4b49454f7,Unknown / Proxy IP,2026-08-31 02:20:06.269031+00:00,1,C
TX11476,USR_1160,ACC_2160,146.11,USD,CARD,MER_168,BEN_CAR_DEALER_118,DEV_UPGRADE_3558,337d54f89d9cced9,"Toronto, CA",2026-08-31 02:20:06.269031+00:00,0,E
TX14965,USR_1062,ACC_2062,59.89,USD,WIRE,MER_189,BEN_887,DEV_790,3cef47ffd66e1e9f,"New York, US",2026-08-31 02:23:06.269031+00:00,0,A
TX12682,USR_1201,ACC_2201,82.9,USD,CARD,MER_336,BEN_764,DEV_123,91e7767500f47f48,"London, UK",2026-08-31 02:31:06.269031+00:00,0,A
TX13480,USR_1212,ACC_2212,5.0,USD,P2P,MER_310,BEN_992,DEV_396,6c2af72bb9543d43,"New York, US",2026-08-31 02:33:06.269031+00:00,0,A
TX13818,USR_1018,ACC_2018,63.81,USD,P2P,MER_101,BEN_942,DEV_195,4929ec3e758a0a98,"London, UK",2026-08-31 02:35:06.269031+00:00,0,A
TX13900,USR_1174,ACC_2174,69.62,USD,WIRE,MER_270,BEN_911,DEV_789,0cc746ed483b6373,"New York, US",2026-08-31 02:37:06.269031+00:00,0,A
TX12838,USR_1127,ACC_2127,14.55,USD,WIRE,MER_220,BEN_573,DEV_787,c2be3c3ecfd76072,"London, UK",2026-08-31 02:44:06.269031+00:00,0,A
TX13820,USR_1158,ACC_2158,77.6,USD,CARD,MER_148,BEN_667,DEV_279,992c28be99efb351,"Sydney, AU",2026-08-31 02:47:06.269031+00:00,0,A
TX12998,USR_1231,ACC_2231,101.21,USD,WIRE,MER_263,BEN_664,DEV_283,69b564f42ff74364,"Toronto, CA",2026-08-31 02:47:06.269031+00:00,0,A
TX14311,USR_1177,ACC_2177,109.15,USD,WIRE,MER_399,BEN_783,DEV_146,2d9eae9ad589ed38,"London, UK",2026-08-31 02:55:06.269031+00:00,0,A
TX13830,USR_1218,ACC_2218,101.19,USD,ACH,MER_316,BEN_504,DEV_318,55488a4c24a30597,"London, UK",2026-08-31 02:59:06.269031+00:00,0,A
TX14137,USR_1148,ACC_2148,135.83,USD,WIRE,MER_314,BEN_725,DEV_132,a81e278d899ba53d,"London, UK",2026-08-31 03:07:06.269031+00:00,0,A
TX12356,USR_1095,ACC_2095,117.19,USD,CARD,MER_258,BEN_639,DEV_723,0650760e7d900a61,"Tokyo, JP",2026-08-31 03:09:06.269031+00:00,0,A
TX13535,USR_1069,ACC_2069,216.59,USD,ACH,MER_222,BEN_733,DEV_252,ed4b5a832416af09,"Tokyo, JP",2026-08-31 03:10:06.269031+00:00,0,A
TX12338,USR_1175,ACC_2175,52.09,USD,ACH,MER_303,BEN_968,DEV_115,15bf1c91432da6c2,"New York, US",2026-08-31 03:11:06.269031+00:00,0,A
TX12849,USR_1253,ACC_2253,92.59,USD,WIRE,MER_213,BEN_894,DEV_281,017862b631264848,"Toronto, CA",2026-08-31 03:14:06.269031+00:00,0,A
TX14427,USR_1148,ACC_2148,1875.65,USD,WIRE,MER_204,BEN_NEW_8113,DEV_ATO_7023,21ff06e445d7c3f3,Unknown / Proxy IP,2026-08-31 03:14:06.269031+00:00,1,C
TX13949,USR_1203,ACC_2203,147.8,USD,P2P,MER_195,BEN_946,DEV_385,b36e719e322cc5fc,"New York, US",2026-08-31 03:19:06.269031+00:00,0,A
TX12288,USR_1002,ACC_2002,6048.78,USD,P2P,MER_147,BEN_RING_777,DEV_RING_999,fd5dc3897b156800,"Tokyo, JP",2026-08-31 03:20:06.269031+00:00,1,D
TX14128,USR_1159,ACC_2159,84.42,USD,P2P,MER_131,BEN_793,DEV_106,9be4689c28b9a2b0,"Tokyo, JP",2026-08-31 03:21:06.269031+00:00,0,A
TX14300,USR_1121,ACC_2121,604.53,USD,CARD,MER_397,BEN_682,DEV_NEW_3535,257492fb34368b9a,"Sydney, AU",2026-08-31 03:28:06.269031+00:00,1,B
TX13326,USR_1217,ACC_2217,75.01,USD,ACH,MER_219,BEN_820,DEV_770,e7d64b667c42d07d,"London, UK",2026-08-31 03:30:06.269031+00:00,0,A
TX13551,USR_1108,ACC_2108,148.86,USD,P2P,MER_126,BEN_686,DEV_140,8892758077968628,"Sydney, AU",2026-08-31 03:31:06.269031+00:00,0,A
TX13432,USR_1075,ACC_2075,117.03,USD,ACH,MER_276,BEN_779,DEV_572,7a29d09e4d3a3ef7,"New York, US",2026-08-31 03:35:06.269031+00:00,0,A
TX12763,USR_1241,ACC_2241,93.68,USD,P2P,MER_143,BEN_601,DEV_923,fbd7d4ee4caf9386,"New York, US",2026-08-31 03:42:06.269031+00:00,0,A
TX12334,USR_1060,ACC_2060,411.94,USD,WIRE,MER_184,BEN_572,DEV_NEW_9841,204afa4b255ccaef,"London, UK",2026-08-31 03:46:06.269031+00:00,0,B
TX12832,USR_1133,ACC_2133,5.0,USD,ACH,MER_137,BEN_997,DEV_834,ef76d461bce1b4dc,"Sydney, AU",2026-08-31 03:52:06.269031+00:00,0,A
TX13586,USR_1110,ACC_2110,80.53,USD,WIRE,MER_369,BEN_658,DEV_417,aadad9bce1f7e80b,"Toronto, CA",2026-08-31 03:54:06.269031+00:00,0,A
TX13250,USR_1255,ACC_2255,73.2,USD,WIRE,MER_314,BEN_524,DEV_355,1737b49d2dc116c6,"New York, US",2026-08-31 03:55:06.269031+00:00,0,A
TX14120,USR_1090,ACC_2090,30.76,USD,WIRE,MER_320,BEN_906,DEV_490,d37b2f3a3e8b1e76,"Toronto, CA",2026-08-31 03:55:06.269031+00:00,0,A
TX10593,USR_1003,ACC_2003,107.61,USD,P2P,MER_293,BEN_998,DEV_967,24ab4f9b83590934,"Sydney, AU",2026-08-31 03:57:06.269031+00:00,0,A
TX13255,USR_1010,ACC_2010,3896.39,USD,P2P,MER_252,BEN_RING_777,DEV_RING_999,fd5dc3897b156800,"Tokyo, JP",2026-08-31 03:57:06.269031+00:00,1,D
TX12928,USR_1201,ACC_2201,55.93,USD,P2P,MER_318,BEN_589,DEV_123,91e7767500f47f48,"London, UK",2026-08-31 03:59:06.269031+00:00,0,A
TX11685,USR_1084,ACC_2084,42.32,USD,WIRE,MER_146,BEN_597,DEV_975,0f2642a2d4f0e8ea,"Tokyo, JP",2026-08-31 03:59:06.269031+00:00,0,A
TX12348,USR_1295,ACC_2295,52.88,USD,CARD,MER_114,BEN_791,DEV_964,4263555a333d9831,"Toronto, CA",2026-08-31 04:01:06.269031+00:00,0,A
TX12269,USR_1105,ACC_2105,28.5,USD,P2P,MER_255,BEN_534,DEV_797,07270622312de951,"Tokyo, JP",2026-08-31 04:01:06.269031+00:00,0,A
TX13104,USR_1052,ACC_2052,37.56,USD,WIRE,MER_288,BEN_656,DEV_911,543d3130925feae7,"Sydney, AU",2026-08-31 04:03:06.269031+00:00,0,A
TX13078,USR_1201,ACC_2201,1721.46,USD,WIRE,MER_181,BEN_NEW_9045,DEV_ATO_5717,b8e03a0074bc92c9,Unknown / Proxy IP,2026-08-31 04:04:06.269031+00:00,1,C
TX14437,USR_1121,ACC_2121,72.22,USD,WIRE,MER_397,BEN_508,DEV_499,c5be08c76a7060ec,"Sydney, AU",2026-08-31 04:05:06.269031+00:00,0,A
TX11680,USR_1273,ACC_2273,5.0,USD,ACH,MER_209,BEN_645,DEV_664,ead1ba663b08014c,"Tokyo, JP",2026-08-31 04:09:06.269031+00:00,0,A
TX12453,USR_1260,ACC_2260,90.62,USD,ACH,MER_341,BEN_932,DEV_126,c2fc49a7af3910a3,"New York, US",2026-08-31 04:11:06.269031+00:00,0,A
TX12579,USR_1282,ACC_2282,77.39,USD,ACH,MER_331,BEN_823,DEV_246,a056b9561fb0441c,"New York, US",2026-08-31 04:12:06.269031+00:00,0,A
TX12910,USR_1076,ACC_2076,30.94,USD,ACH,MER_251,BEN_683,DEV_806,af0d92457cc9a553,"Sydney, AU",2026-08-31 04:12:06.269031+00:00,0,A
TX14543,USR_1272,ACC_2272,18.88,USD,CARD,MER_190,BEN_825,DEV_469,86889ce0a7e296c8,"Sydney, AU",2026-08-31 04:13:06.269031+00:00,0,A
TX13602,USR_1256,ACC_2256,130.89,USD,CARD,MER_110,BEN_537,DEV_459,1ef60236fe347e83,"Toronto, CA",2026-08-31 04:15:06.269031+00:00,0,A
TX14610,USR_1161,ACC_2161,154.16,USD,CARD,MER_141,BEN_887,DEV_565,5cdd1dd4ffdabd3f,"Sydney, AU",2026-08-31 04:18:06.269031+00:00,0,A
TX11201,USR_1101,ACC_2101,136.46,USD,P2P,MER_307,BEN_827,DEV_570,9ad7f3c439662655,"Toronto, CA",2026-08-31 04:19:06.269031+00:00,0,A
TX13792,USR_1061,ACC_2061,43.37,USD,ACH,MER_113,BEN_806,DEV_579,c4edbac3e2662aa3,"Tokyo, JP",2026-08-31 04:21:06.269031+00:00,0,A
TX12019,USR_1254,ACC_2254,66.22,USD,P2P,MER_105,BEN_993,DEV_439,81d994e1fde62732,"Tokyo, JP",2026-08-31 04:25:06.269031+00:00,0,A
TX12045,USR_1182,ACC_2182,97.33,USD,CARD,MER_307,BEN_691,DEV_346,a8f4b31a7881bbaf,"Tokyo, JP",2026-08-31 04:28:06.269031+00:00,0,A
TX14272,USR_1082,ACC_2082,116.9,USD,P2P,MER_332,BEN_752,DEV_518,e9adc9bb40a0ee12,"New York, US",2026-08-31 04:29:06.269031+00:00,0,A
TX14347,USR_1025,ACC_2025,119.0,USD,P2P,MER_228,BEN_936,DEV_378,8735e94194cd8c19,"Tokyo, JP",2026-08-31 04:31:06.269031+00:00,0,A
TX13625,USR_1262,ACC_2262,65.66,USD,P2P,MER_367,BEN_711,DEV_254,142617e48d73374c,"New York, US",2026-08-31 04:32:06.269031+00:00,0,A
TX13212,USR_1044,ACC_2044,140.97,USD,WIRE,MER_315,BEN_950,DEV_151,7dd4f2ecf1f66f66,"Sydney, AU",2026-08-31 04:33:06.269031+00:00,0,A
TX14805,USR_1135,ACC_2135,61.4,USD,CARD,MER_200,BEN_985,DEV_411,eddad66c8f2b7404,"London, UK",2026-08-31 04:33:06.269031+00:00,0,A
TX12473,USR_1235,ACC_2235,119.54,USD,P2P,MER_218,BEN_572,DEV_310,726bb384b3c414ca,"Sydney, AU",2026-08-31 04:39:06.269031+00:00,0,A
TX14966,USR_1181,ACC_2181,132.06,USD,WIRE,MER_154,BEN_916,DEV_117,31b63d4339095769,"Tokyo, JP",2026-08-31 04:41:06.269031+00:00,0,A
TX12106,USR_1294,ACC_2294,71.97,USD,WIRE,MER_185,BEN_697,DEV_481,cb3af032c68139db,"Sydney, AU",2026-08-31 04:41:06.269031+00:00,0,A
TX12054,USR_1001,ACC_2001,57.24,USD,ACH,MER_314,BEN_859,DEV_323,c630a3784351343b,"Toronto, CA",2026-08-31 04:44:06.269031+00:00,0,A
TX14245,USR_1107,ACC_2107,76.06,USD,WIRE,MER_330,BEN_756,DEV_560,9e958d16e65a5abe,"London, UK",2026-08-31 04:53:06.269031+00:00,0,A
TX10769,USR_1011,ACC_2011,72.67,USD,CARD,MER_129,BEN_750,DEV_652,77c76c6de779a4b4,"New York, US",2026-08-31 04:54:06.269031+00:00,0,A
TX13032,USR_1076,ACC_2076,5.0,USD,ACH,MER_251,BEN_554,DEV_806,fa4671919fd212bb,"Sydney, AU",2026-08-31 05:00:06.269031+00:00,0,A
TX13105,USR_1012,ACC_2012,164.2,USD,CARD,MER_235,BEN_837,DEV_187,e909c29bce6a8450,"Toronto, CA",2026-08-31 05:04:06.269031+00:00,0,A
TX14919,USR_1141,ACC_2141,76.42,USD,P2P,MER_358,BEN_983,DEV_578,c2490af88173eb58,"New York, US",2026-08-31 05:05:06.269031+00:00,0,A
TX13812,USR_1020,ACC_2020,144.84,USD,CARD,MER_135,BEN_991,DEV_151,b5ff272adcc184f7,"Toronto, CA",2026-08-31 05:07:06.269031+00:00,0,A
TX11235,USR_1101,ACC_2101,79.68,USD,P2P,MER_110,BEN_707,DEV_570,67cd47b2a74e105a,"Toronto, CA",2026-08-31 05:08:06.269031+00:00,0,A
TX13987,USR_1073,ACC_2073,5.0,USD,P2P,MER_266,BEN_962,DEV_332,e5324ea32e3f72f6,"New York, US",2026-08-31 05:08:06.269031+00:00,0,A
TX13342,USR_1188,ACC_2188,49.38,USD,WIRE,MER_178,BEN_537,DEV_290,4dc54b085bc7cf37,"New York, US",2026-08-31 05:09:06.269031+00:00,0,A
TX12349,USR_1037,ACC_2037,83.99,USD,WIRE,MER_102,BEN_624,DEV_744,47d647a2985d1a90,"Sydney, AU",2026-08-31 05:09:06.269031+00:00,0,A
TX13423,USR_1255,ACC_2255,70.83,USD,ACH,MER_185,BEN_697,DEV_355,1737b49d2dc116c6,"New York, US",2026-08-31 05:11:06.269031+00:00,0,A
TX12852,USR_1245,ACC_2245,163.26,USD,P2P,MER_283,BEN_822,DEV_240,c234b94963614182,"Toronto, CA",2026-08-31 05:16:06.269031+00:00,0,A
TX13208,USR_1099,ACC_2099,107.37,USD,WIRE,MER_230,BEN_608,DEV_325,a337844e39f0a6d2,"New York, US",2026-08-31 05:17:06.269031+00:00,0,A
TX13707,USR_1188,ACC_2188,452.97,USD,WIRE,MER_294,BEN_NEW_8960,DEV_ATO_8210,0a9d2a8be99d3b14,Unknown / Proxy IP,2026-08-31 05:17:06.269031+00:00,1,C
TX13376,USR_1277,ACC_2277,1402.64,USD,ACH,MER_113,BEN_623,DEV_NEW_1085,0776f8ca060cb5a9,"London, UK",2026-08-31 05:18:06.269031+00:00,1,B
TX12009,USR_1187,ACC_2187,63.15,USD,ACH,MER_351,BEN_896,DEV_958,a14175d14a3639c0,"Toronto, CA",2026-08-31 05:20:06.269031+00:00,0,A
TX12243,USR_1056,ACC_2056,99.81,USD,ACH,MER_177,BEN_558,DEV_590,b8d9f40734eb5d68,"Tokyo, JP",2026-08-31 05:23:06.269031+00:00,0,A
TX11512,USR_1013,ACC_2013,23.96,USD,ACH,MER_226,BEN_843,DEV_652,c113e887aa08ae7f,"Tokyo, JP",2026-08-31 05:28:06.269031+00:00,0,A
TX14004,USR_1006,ACC_2006,3928.84,USD,P2P,MER_305,BEN_RING_777,DEV_RING_999,fd5dc3897b156800,"New York, US",2026-08-31 05:29:06.269031+00:00,1,D
TX11576,USR_1147,ACC_2147,134.58,USD,ACH,MER_345,BEN_869,DEV_711,aad4dc93bf3e811d,"Toronto, CA",2026-08-31 05:29:06.269031+00:00,0,A
TX12938,USR_1125,ACC_2125,34.92,USD,WIRE,MER_250,BEN_717,DEV_608,9d968dc522301427,"Toronto, CA",2026-08-31 05:29:06.269031+00:00,0,A
TX13412,USR_1267,ACC_2267,97.53,USD,WIRE,MER_119,BEN_835,DEV_648,4a5972ea9c44bd37,"Tokyo, JP",2026-08-31 05:33:06.269031+00:00,0,A
TX12527,USR_1097,ACC_2097,148.18,USD,CARD,MER_141,BEN_952,DEV_478,50903041fbb7424c,"Toronto, CA",2026-08-31 05:34:06.269031+00:00,0,A
TX12949,USR_1298,ACC_2298,151.79,USD,P2P,MER_220,BEN_525,DEV_269,77f386399a2800ee,"London, UK",2026-08-31 05:35:06.269031+00:00,0,A
TX14018,USR_1006,ACC_2006,435.63,USD,WIRE,MER_261,BEN_NEW_9628,DEV_ATO_7807,dd10a1956338b35e,Unknown / Proxy IP,2026-08-31 05:35:06.269031+00:00,1,C
TX13281,USR_1178,ACC_2178,52.41,USD,WIRE,MER_186,BEN_850,DEV_437,7a1f096984df4b45,"London, UK",2026-08-31 05:41:06.269031+00:00,0,A
TX12185,USR_1189,ACC_2189,85.43,USD,P2P,MER_329,BEN_567,DEV_424,a15c24663e9716f9,"Tokyo, JP",2026-08-31 05:42:06.269031+00:00,0,A
TX12929,USR_1024,ACC_2024,98.01,USD,WIRE,MER_235,BEN_980,DEV_926,c7a29d5a635cc9d9,"Toronto, CA",2026-08-31 05:44:06.269031+00:00,0,A
TX12553,USR_1259,ACC_2259,130.61,USD,ACH,MER_318,BEN_527,DEV_198,9a6601d20f581d5c,"Sydney, AU",2026-08-31 05:45:06.269031+00:00,0,A
TX11918,USR_1008,ACC_2008,89.86,USD,WIRE,MER_297,BEN_578,DEV_470,e2c63244fb17a1bf,"New York, US",2026-08-31 05:47:06.269031+00:00,0,A
TX13273,USR_1134,ACC_2134,175.71,USD,WIRE,MER_357,BEN_994,DEV_999,fcac5511c1942848,"Toronto, CA",2026-08-31 05:50:06.269031+00:00,0,A
TX14474,USR_1172,ACC_2172,21.37,USD,CARD,MER_387,BEN_623,DEV_526,418ca1e6507f5057,"London, UK",2026-08-31 05:51:06.269031+00:00,0,A
TX14144,USR_1015,ACC_2015,97.08,USD,P2P,MER_224,BEN_978,DEV_626,2e61687fd308ee3f,"London, UK",2026-08-31 05:53:06.269031+00:00,0,A
TX12183,USR_1244,ACC_2244,132.33,USD,P2P,MER_381,BEN_651,DEV_386,fcc47ac65be5665e,"Toronto, CA",2026-08-31 05:54:06.269031+00:00,0,A
TX13308,USR_1150,ACC_2150,49.82,USD,ACH,MER_247,BEN_626,DEV_450,ef6f595e325406c8,"Tokyo, JP",2026-08-31 05:59:06.269031+00:00,0,A
TX12186,USR_1084,ACC_2084,57.63,USD,WIRE,MER_332,BEN_641,DEV_975,0f2642a2d4f0e8ea,"Tokyo, JP",2026-08-31 06:01:06.269031+00:00,0,A
TX12112,USR_1048,ACC_2048,80.22,USD,ACH,MER_335,BEN_715,DEV_455,7f3a79b76518f784,"New York, US",2026-08-31 06:02:06.269031+00:00,0,A
TX11917,USR_1081,ACC_2081,141.52,USD,ACH,MER_267,BEN_817,DEV_698,54c1bae29c21b64f,"New York, US",2026-08-31 06:02:06.269031+00:00,0,A
TX14707,USR_1077,ACC_2077,131.01,USD,WIRE,MER_280,BEN_646,DEV_108,cb99c4f64b0c2e92,"New York, US",2026-08-31 06:07:06.269031+00:00,0,A
TX14426,USR_1016,ACC_2016,86.38,USD,CARD,MER_155,BEN_942,DEV_196,faef1aaa3962a0dd,"Sydney, AU",2026-08-31 06:08:06.269031+00:00,0,A
TX14077,USR_1006,ACC_2006,8804.01,USD,P2P,MER_305,BEN_RING_777,DEV_RING_999,fd5dc3897b156800,"New York, US",2026-08-31 06:10:06.269031+00:00,1,D
TX14462,USR_1049,ACC_2049,51.88,USD,CARD,MER_242,BEN_723,DEV_545,e6501bb34f10bbec,"Tokyo, JP",2026-08-31 06:13:06.269031+00:00,0,A
TX13373,USR_1162,ACC_2162,121.94,USD,CARD,MER_184,BEN_576,DEV_677,085f174413030ecf,"Toronto, CA",2026-08-31 06:18:06.269031+00:00,0,A
TX12061,USR_1065,ACC_2065,114.82,USD,ACH,MER_324,BEN_604,DEV_523,50f80dd021cf6a7a,"Sydney, AU",2026-08-31 06:19:06.269031+00:00,0,A
TX13862,USR_1066,ACC_2066,39.42,USD,P2P,MER_147,BEN_708,DEV_745,8e173b21ad577306,"London, UK",2026-08-31 06:20:06.269031+00:00,0,A
TX13594,USR_1250,ACC_2250,108.83,USD,CARD,MER_175,BEN_867,DEV_439,10c7ba9ad4f55369,"London, UK",2026-08-31 06:21:06.269031+00:00,0,A
TX13206,USR_1211,ACC_2211,82.68,USD,ACH,MER_265,BEN_791,DEV_730,83c17ff4daf45ecd,"London, UK",2026-08-31 06:23:06.269031+00:00,0,A
TX14404,USR_1080,ACC_2080,15.15,USD,WIRE,MER_332,BEN_702,DEV_244,483e41a558764e8a,"Sydney, AU",2026-08-31 06:24:06.269031+00:00,0,A
TX13999,USR_1110,ACC_2110,77.88,USD,ACH,MER_268,BEN_786,DEV_417,aadad9bce1f7e80b,"Toronto, CA",2026-08-31 06:28:06.269031+00:00,0,A
TX14555,USR_1053,ACC_2053,573.19,USD,WIRE,MER_374,BEN_CAR_DEALER_176,DEV_UPGRADE_3556,b6ccfe2c28a47580,"Tokyo, JP",2026-08-31 06:29:06.269031+00:00,0,E
TX13360,USR_1154,ACC_2154,63.74,USD,ACH,MER_202,BEN_834,DEV_105,821fce86e69adfe0,"London, UK",2026-08-31 06:31:06.269031+00:00,0,A
TX12709,USR_1263,ACC_2263,33.73,USD,WIRE,MER_392,BEN_540,DEV_803,c7e72f84ea95305d,"London, UK",2026-08-31 06:34:06.269031+00:00,0,A
TX13921,USR_1184,ACC_2184,7.88,USD,WIRE,MER_217,BEN_958,DEV_184,4a1afa885aeef4cc,"Tokyo, JP",2026-08-31 06:34:06.269031+00:00,0,A
TX12223,USR_1130,ACC_2130,68.79,USD,WIRE,MER_144,BEN_569,DEV_726,77f41dc0ae42f3da,"London, UK",2026-08-31 06:35:06.269031+00:00,0,A
TX12604,USR_1035,ACC_2035,72.67,USD,CARD,MER_186,BEN_845,DEV_411,ffb021a2722f6a99,"Toronto, CA",2026-08-31 06:35:06.269031+00:00,0,A
TX11418,USR_1101,ACC_2101,158.28,USD,CARD,MER_110,BEN_707,DEV_570,67cd47b2a74e105a,"Toronto, CA",2026-08-31 06:38:06.269031+00:00,0,A
TX14732,USR_1148,ACC_2148,126.54,USD,ACH,MER_314,BEN_725,DEV_132,01035ad56c314015,"London, UK",2026-08-31 06:47:06.269031+00:00,0,A
TX12794,USR_1175,ACC_2175,5.0,USD,P2P,MER_222,BEN_968,DEV_115,15bf1c91432da6c2,"New York, US",2026-08-31 06:52:06.269031+00:00,0,A
TX13923,USR_1118,ACC_2118,74.88,USD,P2P,MER_222,BEN_556,DEV_119,26b6f82074f626ec,"Toronto, CA",2026-08-31 06:54:06.269031+00:00,0,A
TX13642,USR_1027,ACC_2027,138.7,USD,WIRE,MER_398,BEN_689,DEV_214,1c63c3c47526e1d4,"London, UK",2026-08-31 06:57:06.269031+00:00,0,A
TX12412,USR_1182,ACC_2182,106.74,USD,P2P,MER_224,BEN_540,DEV_346,6fe60e5021e846bd,"Tokyo, JP",2026-08-31 06:59:06.269031+00:00,0,A
TX11400,USR_1004,ACC_2004,70.88,USD,WIRE,MER_242,BEN_619,DEV_821,f03a39c22fff1376,"Tokyo, JP",2026-08-31 07:00:06.269031+00:00,0,A
TX11834,USR_1017,ACC_2017,59.51,USD,ACH,MER_138,BEN_642,DEV_296,12ddf45271aaaaa6,"Sydney, AU",2026-08-31 07:03:06.269031+00:00,0,A
TX12744,USR_1079,ACC_2079,97.17,USD,CARD,MER_339,BEN_584,DEV_305,03e70a2d37a6fbd7,"Tokyo, JP",2026-08-31 07:10:06.269031+00:00,0,A
TX11535,USR_1013,ACC_2013,52.26,USD,CARD,MER_226,BEN_960,DEV_652,a46549e884857643,"Tokyo, JP",2026-08-31 07:11:06.269031+00:00,0,A
TX14889,USR_1146,ACC_2146,142.66,USD,P2P,MER_313,BEN_688,DEV_444,c33c25d83dc44ad3,"Sydney, AU",2026-08-31 07:13:06.269031+00:00,0,A
TX13686,USR_1166,ACC_2166,121.37,USD,WIRE,MER_191,BEN_940,DEV_486,817ec2d627862004,"Toronto, CA",2026-08-31 07:17:06.269031+00:00,0,A
TX13893,USR_1230,ACC_2230,144.29,USD,WIRE,MER_225,BEN_939,DEV_687,e0b1369be54e04f0,"Toronto, CA",2026-08-31 07:17:06.269031+00:00,0,A
TX13866,USR_1086,ACC_2086,124.95,USD,ACH,MER_167,BEN_776,DEV_251,ee2876480c330c83,"Tokyo, JP",2026-08-31 07:21:06.269031+00:00,0,A
TX13082,USR_1209,ACC_2209,286.06,USD,CARD,MER_317,BEN_CAR_DEALER_185,DEV_UPGRADE_3076,038309423bd0f69b,"Tokyo, JP",2026-08-31 07:22:06.269031+00:00,0,E
TX13479,USR_1266,ACC_2266,34.92,USD,ACH,MER_151,BEN_712,DEV_112,7285e174966eb919,"Toronto, CA",2026-08-31 07:23:06.269031+00:00,0,A
TX13131,USR_1035,ACC_2035,19.96,USD,ACH,MER_209,BEN_726,DEV_411,366dd80803ad332d,"Toronto, CA",2026-08-31 07:24:06.269031+00:00,0,A
TX14495,USR_1216,ACC_2216,167.02,USD,ACH,MER_203,BEN_725,DEV_741,119ef96e716612dc,"New York, US",2026-08-31 07:25:06.269031+00:00,0,A
TX13309,USR_1035,ACC_2035,1333.7,USD,WIRE,MER_143,BEN_NEW_9978,DEV_ATO_6966,6443acf39c790398,Unknown / Proxy IP,2026-08-31 07:30:06.269031+00:00,1,C
TX13161,USR_1088,ACC_2088,89.05,USD,CARD,MER_366,BEN_872,DEV_625,e81465da5a78a239,"Toronto, CA",2026-08-31 07:30:06.269031+00:00,0,A
TX13734,USR_1257,ACC_2257,166.25,USD,CARD,MER_147,BEN_982,DEV_175,891555760069fa87,"London, UK",2026-08-31 07:31:06.269031+00:00,0,A
TX14266,USR_1168,ACC_2168,122.2,USD,P2P,MER_108,BEN_838,DEV_258,75dc671fb1371347,"New York, US",2026-08-31 07:45:06.269031+00:00,0,A
TX13400,USR_1198,ACC_2198,88.05,USD,WIRE,MER_385,BEN_632,DEV_870,9b0f4b33f9b12ba7,"New York, US",2026-08-31 07:50:06.269031+00:00,0,A
TX12141,USR_1254,ACC_2254,79.39,USD,P2P,MER_235,BEN_953,DEV_244,81d994e1fde62732,"Tokyo, JP",2026-08-31 07:52:06.269031+00:00,0,A
TX14522,USR_1121,ACC_2121,70.8,USD,WIRE,MER_153,BEN_682,DEV_499,257492fb34368b9a,"Sydney, AU",2026-08-31 07:55:06.269031+00:00,0,A
TX14673,USR_1068,ACC_2068,77.62,USD,WIRE,MER_244,BEN_903,DEV_984,28b558237a8ce9a4,"Sydney, AU",2026-08-31 08:02:06.269031+00:00,0,A
TX13761,USR_1154,ACC_2154,104.88,USD,ACH,MER_344,BEN_743,DEV_105,369cfc7051bf1120,"London, UK",2026-08-31 08:03:06.269031+00:00,0,A
TX12353,USR_1279,ACC_2279,39.29,USD,CARD,MER_232,BEN_741,DEV_965,98f7d33c8fc726ac,"London, UK",2026-08-31 08:08:06.269031+00:00,0,A
TX11994,USR_1017,ACC_2017,37.6,USD,CARD,MER_326,BEN_736,DEV_296,8c715aa596b7f198,"Sydney, AU",2026-08-31 08:11:06.269031+00:00,0,A
TX13843,USR_1284,ACC_2284,200.29,USD,ACH,MER_227,BEN_887,DEV_138,ccbf846be6c6de2e,"New York, US",2026-08-31 08:12:06.269031+00:00,0,A
TX12213,USR_1007,ACC_2007,6.78,USD,ACH,MER_319,BEN_571,DEV_317,b5ece0cc735b0b5b,"Sydney, AU",2026-08-31 08:16:06.269031+00:00,0,A
TX12192,USR_1143,ACC_2143,248.56,USD,ACH,MER_381,BEN_730,DEV_146,4ae101e33ed41f66,"Tokyo, JP",2026-08-31 08:20:06.269031+00:00,0,A
TX14060,USR_1036,ACC_2036,437.92,USD,P2P,MER_112,BEN_CAR_DEALER_148,DEV_UPGRADE_3027,cea311fcad472a9b,"London, UK",2026-08-31 08:20:06.269031+00:00,0,E
TX13192,USR_1241,ACC_2241,103.69,USD,CARD,MER_305,BEN_921,DEV_923,fbd7d4ee4caf9386,"New York, US",2026-08-31 08:20:06.269031+00:00,0,A
TX13524,USR_1076,ACC_2076,35.66,USD,CARD,MER_111,BEN_683,DEV_806,af0d92457cc9a553,"Sydney, AU",2026-08-31 08:22:06.269031+00:00,0,A
TX12792,USR_1190,ACC_2190,56.61,USD,WIRE,MER_224,BEN_697,DEV_126,3862c4777cb683d4,"Toronto, CA",2026-08-31 08:26:06.269031+00:00,0,A
TX13355,USR_1044,ACC_2044,202.42,USD,ACH,MER_229,BEN_889,DEV_151,7dd4f2ecf1f66f66,"Sydney, AU",2026-08-31 08:31:06.269031+00:00,0,A
TX12067,USR_1040,ACC_2040,21.41,USD,WIRE,MER_296,BEN_570,DEV_830,3eb4005ac7b49cb1,"Tokyo, JP",2026-08-31 08:35:06.269031+00:00,0,A
TX12121,USR_1104,ACC_2104,142.32,USD,P2P,MER_138,BEN_601,DEV_844,4945799b02508963,"New York, US",2026-08-31 08:36:06.269031+00:00,0,A
TX11719,USR_1013,ACC_2013,6566.61,USD,P2P,MER_161,BEN_RING_777,DEV_RING_999,fd5dc3897b156800,"Tokyo, JP",2026-08-31 08:41:06.269031+00:00,1,D
TX11981,USR_1292,ACC_2292,5.0,USD,P2P,MER_248,BEN_651,DEV_840,47a7d5c3ae210030,"London, UK",2026-08-31 08:47:06.269031+00:00,0,A
TX11651,USR_1032,ACC_2032,140.02,USD,ACH,MER_197,BEN_697,DEV_139,0bbd6e1752497cd8,"Tokyo, JP",2026-08-31 08:48:06.269031+00:00,0,A
TX12543,USR_1002,ACC_2002,214.2,USD,CARD,MER_147,BEN_579,DEV_877,b88369def7f91b96,"Tokyo, JP",2026-08-31 08:55:06.269031+00:00,0,A
TX14179,USR_1073,ACC_2073,103.37,USD,ACH,MER_123,BEN_653,DEV_864,58254c0adfed6a9f,"New York, US",2026-08-31 08:56:06.269031+00:00,0,A
TX14640,USR_1144,ACC_2144,92.13,USD,WIRE,MER_305,BEN_760,DEV_913,1738decb44c32509,"Tokyo, JP",2026-08-31 08:57:06.269031+00:00,0,A
TX11688,USR_1064,ACC_2064,137.21,USD,WIRE,MER_100,BEN_661,DEV_778,8f4332526fb22e4a,"Sydney, AU",2026-08-31 08:58:06.269031+00:00,0,A
TX14132,USR_1061,ACC_2061,82.14,USD,P2P,MER_228,BEN_520,DEV_579,c4edbac3e2662aa3,"Tokyo, JP",2026-08-31 09:00:06.269031+00:00,0,A
TX12732,USR_1120,ACC_2120,108.96,USD,WIRE,MER_284,BEN_999,DEV_729,acf4e5f702d3cb66,"London, UK",2026-08-31 09:01:06.269031+00:00,0,A
TX12736,USR_1124,ACC_2124,5.0,USD,WIRE,MER_325,BEN_909,DEV_982,6368a1fc6b09e2af,"Tokyo, JP",2026-08-31 09:06:06.269031+00:00,0,A
TX14422,USR_1080,ACC_2080,91.75,USD,ACH,MER_374,BEN_702,DEV_244,483e41a558764e8a,"Sydney, AU",2026-08-31 09:11:06.269031+00:00,0,A
TX13287,USR_1202,ACC_2202,51.52,USD,P2P,MER_102,BEN_601,DEV_916,9dfdf13e2de836ee,"Sydney, AU",2026-08-31 09:12:06.269031+00:00,0,A
TX14255,USR_1240,ACC_2240,106.18,USD,CARD,MER_384,BEN_987,DEV_625,ca36ba145e753c8c,"London, UK",2026-08-31 09:14:06.269031+00:00,0,A
TX14113,USR_1269,ACC_2269,12.06,USD,P2P,MER_145,BEN_653,DEV_963,4ce705bd91f4650b,"New York, US",2026-08-31 09:15:06.269031+00:00,0,A
TX12177,USR_1208,ACC_2208,78.29,USD,CARD,MER_353,BEN_586,DEV_914,bacf355b63690bcb,"Tokyo, JP",2026-08-31 09:16:06.269031+00:00,0,A
TX12427,USR_1187,ACC_2187,73.69,USD,WIRE,MER_239,BEN_824,DEV_958,a14175d14a3639c0,"Toronto, CA",2026-08-31 09:17:06.269031+00:00,0,A
TX13261,USR_1251,ACC_2251,24.8,USD,P2P,MER_400,BEN_691,DEV_892,d319e3b8b7c777d1,"Tokyo, JP",2026-08-31 09:19:06.269031+00:00,0,A
TX12042,USR_1290,ACC_2290,36.97,USD,ACH,MER_120,BEN_683,DEV_609,7a232aa325593eec,"Tokyo, JP",2026-08-31 09:20:06.269031+00:00,0,A
TX13247,USR_1052,ACC_2052,14.59,USD,ACH,MER_342,BEN_797,DEV_558,666c612e2ac1ca57,"Sydney, AU",2026-08-31 09:23:06.269031+00:00,0,A
TX14107,USR_1089,ACC_2089,28.67,USD,WIRE,MER_264,BEN_541,DEV_511,c9dca1b44f1121b5,"Sydney, AU",2026-08-31 09:27:06.269031+00:00,0,A
TX14505,USR_1172,ACC_2172,41.87,USD,ACH,MER_387,BEN_623,DEV_813,a857062f049ebbf9,"London, UK",2026-08-31 09:30:06.269031+00:00,0,A
TX13729,USR_1188,ACC_2188,73.79,USD,P2P,MER_237,BEN_626,DEV_542,4ef285a84911ce89,"New York, US",2026-08-31 09:32:06.269031+00:00,0,A
TX12866,USR_1079,ACC_2079,118.15,USD,WIRE,MER_346,BEN_631,DEV_279,03e70a2d37a6fbd7,"Tokyo, JP",2026-08-31 09:32:06.269031+00:00,0,A
TX12944,USR_1024,ACC_2024,1069.33,USD,CARD,MER_159,BEN_CAR_DEALER_136,DEV_UPGRADE_3784,8a0759df3a3a9f03,"Toronto, CA",2026-08-31 09:33:06.269031+00:00,0,E
TX14618,USR_1216,ACC_2216,97.59,USD,CARD,MER_203,BEN_500,DEV_741,90c7e4613d1238b2,"New York, US",2026-08-31 09:33:06.269031+00:00,0,A
TX12693,USR_1289,ACC_2289,115.57,USD,CARD,MER_361,BEN_925,DEV_203,5baf3a00f86a9976,"Toronto, CA",2026-08-31 09:37:06.269031+00:00,0,A
TX12207,USR_1283,ACC_2283,164.46,USD,WIRE,MER_306,BEN_824,DEV_690,dbb28b3f2cec6d9a,"New York, US",2026-08-31 09:40:06.269031+00:00,0,A
TX14086,USR_1219,ACC_2219,5.0,USD,ACH,MER_168,BEN_570,DEV_492,cdbc196f2eb61754,"New York, US",2026-08-31 09:41:06.269031+00:00,0,A
TX12158,USR_1054,ACC_2054,69.69,USD,CARD,MER_216,BEN_599,DEV_321,25bcd6ffa38deb1b,"Toronto, CA",2026-08-31 09:46:06.269031+00:00,0,A
TX12341,USR_1074,ACC_2074,52.26,USD,P2P,MER_295,BEN_589,DEV_249,167806ab11382ccb,"London, UK",2026-08-31 09:51:06.269031+00:00,0,A
TX13771,USR_1154,ACC_2154,431.86,USD,P2P,MER_264,BEN_978,DEV_NEW_6538,821fce86e69adfe0,"London, UK",2026-08-31 09:54:06.269031+00:00,0,B
TX13688,USR_1223,ACC_2223,172.69,USD,P2P,MER_391,BEN_698,DEV_753,df97912a7c965b5f,"New York, US",2026-08-31 09:55:06.269031+00:00,0,A
TX14602,USR_1275,ACC_2275,187.74,USD,ACH,MER_229,BEN_958,DEV_358,ca3268b5ffd16cb7,"Tokyo, JP",2026-08-31 09:55:06.269031+00:00,0,A
TX13149,USR_1299,ACC_2299,5.0,USD,ACH,MER_311,BEN_754,DEV_570,99545487af393e67,"New York, US",2026-08-31 09:56:06.269031+00:00,0,A
TX14701,USR_1115,ACC_2115,116.72,USD,P2P,MER_362,BEN_542,DEV_153,4d8f3a7ab28f30b0,"New York, US",2026-08-31 09:58:06.269031+00:00,0,A
TX14298,USR_1262,ACC_2262,76.04,USD,CARD,MER_383,BEN_997,DEV_254,142617e48d73374c,"New York, US",2026-08-31 09:59:06.269031+00:00,0,A
TX12049,USR_1236,ACC_2236,86.22,USD,ACH,MER_390,BEN_568,DEV_NEW_7116,d1657b5d33f1bffa,"Toronto, CA",2026-08-31 10:01:06.269031+00:00,1,B
TX12420,USR_1138,ACC_2138,163.19,USD,CARD,MER_337,BEN_530,DEV_594,8d45592dae9f59a0,"Tokyo, JP",2026-08-31 10:03:06.269031+00:00,0,A
TX14138,USR_1018,ACC_2018,115.06,USD,ACH,MER_101,BEN_746,DEV_195,4929ec3e758a0a98,"London, UK",2026-08-31 10:04:06.269031+00:00,0,A
TX13197,USR_1024,ACC_2024,123.1,USD,ACH,MER_154,BEN_977,DEV_926,c7a29d5a635cc9d9,"Toronto, CA",2026-08-31 10:04:06.269031+00:00,0,A
TX12146,USR_1028,ACC_2028,99.05,USD,P2P,MER_152,BEN_841,DEV_415,2ae2dd1e0363c949,"New York, US",2026-08-31 10:07:06.269031+00:00,0,A
TX12703,USR_1096,ACC_2096,182.37,USD,ACH,MER_210,BEN_882,DEV_679,2de281d9b2a90870,"New York, US",2026-08-31 10:07:06.269031+00:00,0,A
TX12775,USR_1116,ACC_2116,130.43,USD,ACH,MER_297,BEN_757,DEV_193,dcd6e2c220238f22,"New York, US",2026-08-31 10:09:06.269031+00:00,0,A
TX11598,USR_1004,ACC_2004,40.37,USD,ACH,MER_332,BEN_619,DEV_821,f03a39c22fff1376,"Tokyo, JP",2026-08-31 10:09:06.269031+00:00,0,A
TX12781,USR_1297,ACC_2297,97.5,USD,P2P,MER_340,BEN_956,DEV_NEW_3208,1cb62c794d6cfd4e,"Tokyo, JP",2026-08-31 10:10:06.269031+00:00,0,B
TX12131,USR_1204,ACC_2204,6.09,USD,WIRE,MER_188,BEN_812,DEV_216,d31bda7984910180,"Tokyo, JP",2026-08-31 10:13:06.269031+00:00,0,A
TX14329,USR_1132,ACC_2132,66.58,USD,WIRE,MER_133,BEN_688,DEV_911,638af4639b73a0ed,"New York, US",2026-08-31 10:14:06.269031+00:00,0,A
TX11208,USR_1185,ACC_2185,1429.83,USD,ACH,MER_400,BEN_CAR_DEALER_147,DEV_UPGRADE_3087,f8fadad8ba4fa2c6,"Toronto, CA",2026-08-31 10:15:06.269031+00:00,0,E
TX13668,USR_1212,ACC_2212,5.0,USD,ACH,MER_164,BEN_992,DEV_686,6c2af72bb9543d43,"New York, US",2026-08-31 10:17:06.269031+00:00,0,A
TX14733,USR_1021,ACC_2021,128.7,USD,WIRE,MER_398,BEN_836,DEV_683,60144cd34ce98fe1,"Toronto, CA",2026-08-31 10:19:06.269031+00:00,0,A
TX12856,USR_1170,ACC_2170,29.17,USD,P2P,MER_254,BEN_806,DEV_615,6d3f2c0efed53fd2,"Toronto, CA",2026-08-31 10:23:06.269031+00:00,0,A
TX13636,USR_1250,ACC_2250,74.8,USD,ACH,MER_111,BEN_970,DEV_100,8bc5ca6f1c58f90a,"London, UK",2026-08-31 10:26:06.269031+00:00,0,A
TX12777,USR_1143,ACC_2143,295.23,USD,CARD,MER_160,BEN_537,DEV_510,d9d3e907738609eb,"Tokyo, JP",2026-08-31 10:36:06.269031+00:00,0,A
TX13094,USR_1098,ACC_2098,233.47,USD,ACH,MER_156,BEN_762,DEV_534,52fe8baed4ca9e50,"Tokyo, JP",2026-08-31 10:38:06.269031+00:00,0,A
TX13165,USR_1287,ACC_2287,41.88,USD,P2P,MER_230,BEN_833,DEV_851,30f7004dbb25ffff,"New York, US",2026-08-31 10:38:06.269031+00:00,0,A
TX11873,USR_1117,ACC_2117,64.16,USD,P2P,MER_340,BEN_646,DEV_201,f0d3fb6b451af130,"London, UK",2026-08-31 10:46:06.269031+00:00,0,A
TX13055,USR_1085,ACC_2085,113.67,USD,P2P,MER_206,BEN_535,DEV_905,df3739cee9a7f836,"Toronto, CA",2026-08-31 10:48:06.269031+00:00,0,A
TX13889,USR_1151,ACC_2151,218.86,USD,ACH,MER_248,BEN_846,DEV_424,c1de55ccf4ebef4d,"Tokyo, JP",2026-08-31 10:51:06.269031+00:00,0,A
TX12361,USR_1189,ACC_2189,96.16,USD,CARD,MER_329,BEN_567,DEV_469,d0509ec5865f2372,"Tokyo, JP",2026-08-31 10:52:06.269031+00:00,0,A
TX12475,USR_1065,ACC_2065,83.19,USD,ACH,MER_324,BEN_781,DEV_523,50f80dd021cf6a7a,"Sydney, AU",2026-08-31 10:57:06.269031+00:00,0,A
TX14802,USR_1240,ACC_2240,138.73,USD,ACH,MER_381,BEN_987,DEV_625,87a1a3b014960188,"London, UK",2026-08-31 11:02:06.269031+00:00,0,A
TX13951,USR_1126,ACC_2126,5.0,USD,ACH,MER_129,BEN_853,DEV_181,5f77f6179e67d445,"Sydney, AU",2026-08-31 11:04:06.269031+00:00,0,A
TX12952,USR_1227,ACC_2227,5.0,USD,CARD,MER_183,BEN_862,DEV_564,d402ea784b1d456b,"London, UK",2026-08-31 11:04:06.269031+00:00,0,A
TX12954,USR_1145,ACC_2145,91.73,USD,P2P,MER_171,BEN_810,DEV_830,5286bf21461c013e,"Sydney, AU",2026-08-31 11:07:06.269031+00:00,0,A
TX13254,USR_1234,ACC_2234,129.65,USD,CARD,MER_292,BEN_949,DEV_106,7e1e719175d63229,"Toronto, CA",2026-08-31 11:08:06.269031+00:00,0,A
TX13046,USR_1238,ACC_2238,1400.82,USD,P2P,MER_257,BEN_774,DEV_NEW_8663,9e90958ba683f358,"Sydney, AU",2026-08-31 11:17:06.269031+00:00,1,B
TX13876,USR_1000,ACC_2000,67.55,USD,CARD,MER_116,BEN_846,DEV_125,848df14feec37bf9,"London, UK",2026-08-31 11:18:06.269031+00:00,0,A
TX13310,USR_1238,ACC_2238,6609.54,USD,WIRE,MER_257,BEN_NEW_9447,DEV_ATO_5836,8655988830e9e84e,Unknown / Proxy IP,2026-08-31 11:18:06.269031+00:00,1,C
TX11299,USR_1014,ACC_2014,96.84,USD,P2P,MER_130,BEN_862,DEV_446,f808d0e331397ae0,"Toronto, CA",2026-08-31 11:23:06.269031+00:00,0,A
TX12374,USR_1095,ACC_2095,107.58,USD,P2P,MER_103,BEN_592,DEV_723,0650760e7d900a61,"Tokyo, JP",2026-08-31 11:31:06.269031+00:00,0,A
TX13447,USR_1239,ACC_2239,98.09,USD,ACH,MER_175,BEN_610,DEV_192,4fac9047a43ceafc,"Toronto, CA",2026-08-31 11:34:06.269031+00:00,0,A
TX12585,USR_1288,ACC_2288,79.4,USD,CARD,MER_178,BEN_563,DEV_769,b840d900f540b080,"New York, US",2026-08-31 11:34:06.269031+00:00,0,A
TX13714,USR_1171,ACC_2171,60.11,USD,P2P,MER_124,BEN_847,DEV_523,5e3e0fd56beb0b68,"Toronto, CA",2026-08-31 11:34:06.269031+00:00,0,A
TX11919,USR_1117,ACC_2117,118.56,USD,ACH,MER_171,BEN_646,DEV_959,f0d3fb6b451af130,"London, UK",2026-08-31 11:35:06.269031+00:00,0,A
TX13312,USR_1251,ACC_2251,20.36,USD,P2P,MER_400,BEN_860,DEV_892,d319e3b8b7c777d1,"Tokyo, JP",2026-08-31 11:42:06.269031+00:00,0,A
TX14569,USR_1082,ACC_2082,104.72,USD,ACH,MER_375,BEN_559,DEV_518,28af3e505676849d,"New York, US",2026-08-31 11:43:06.269031+00:00,0,A
TX13655,USR_1167,ACC_2167,23.36,USD,CARD,MER_226,BEN_778,DEV_845,6550e5bfba9b0a52,"New York, US",2026-08-31 11:45:06.269031+00:00,0,A
TX11870,USR_1139,ACC_2139,72.31,USD,P2P,MER_223,BEN_566,DEV_420,d3d65ee8b2408bc7,"Tokyo, JP",2026-08-31 11:46:06.269031+00:00,0,A
TX13696,USR_1200,ACC_2200,111.49,USD,ACH,MER_263,BEN_724,DEV_456,0eaf478a35c62952,"London, UK",2026-08-31 11:48:06.269031+00:00,0,A
TX13837,USR_1158,ACC_2158,5.0,USD,ACH,MER_344,BEN_705,DEV_279,992c28be99efb351,"Sydney, AU",2026-08-31 11:54:06.269031+00:00,0,A
TX14170,USR_1174,ACC_2174,118.09,USD,P2P,MER_270,BEN_800,DEV_789,0cc746ed483b6373,"New York, US",2026-08-31 11:56:06.269031+00:00,0,A
TX12219,USR_1054,ACC_2054,90.33,USD,WIRE,MER_284,BEN_599,DEV_321,25bcd6ffa38deb1b,"Toronto, CA",2026-08-31 11:59:06.269031+00:00,0,A
TX12051,USR_1249,ACC_2249,193.93,USD,ACH,MER_110,BEN_751,DEV_956,2c441bdc949bccf1,"Sydney, AU",2026-08-31 12:01:06.269031+00:00,0,A
TX13597,USR_1242,ACC_2242,201.27,USD,ACH,MER_121,BEN_547,DEV_176,16b1981054412bbd,"Sydney, AU",2026-08-31 12:03:06.269031+00:00,0,A
TX13229,USR_1022,ACC_2022,112.12,USD,P2P,MER_334,BEN_843,DEV_785,3dcf2f0b24fe3401,"Sydney, AU",2026-08-31 12:07:06.269031+00:00,0,A
TX11851,USR_1031,ACC_2031,76.21,USD,CARD,MER_233,BEN_931,DEV_985,ee85905019f3301c,"Tokyo, JP",2026-08-31 12:13:06.269031+00:00,0,A
TX14866,USR_1176,ACC_2176,47.32,USD,ACH,MER_263,BEN_762,DEV_577,b185032c6b58239c,"Tokyo, JP",2026-08-31 12:13:06.269031+00:00,0,A
TX13253,USR_1288,ACC_2288,615.62,USD,ACH,MER_178,BEN_694,DEV_NEW_6524,b840d900f540b080,"New York, US",2026-08-31 12:14:06.269031+00:00,1,B
TX13918,USR_1242,ACC_2242,4578.16,USD,WIRE,MER_336,BEN_NEW_8017,DEV_ATO_5383,5ff01e276df5d21b,Unknown / Proxy IP,2026-08-31 12:15:06.269031+00:00,1,C
TX14013,USR_1110,ACC_2110,74.99,USD,P2P,MER_369,BEN_658,DEV_417,aadad9bce1f7e80b,"Toronto, CA",2026-08-31 12:15:06.269031+00:00,0,A
TX13099,USR_1023,ACC_2023,172.76,USD,WIRE,MER_324,BEN_535,DEV_175,549711726c0cadf1,"London, UK",2026-08-31 12:24:06.269031+00:00,0,A
TX14078,USR_1248,ACC_2248,68.89,USD,CARD,MER_390,BEN_860,DEV_280,f39d9230d2c100e0,"Tokyo, JP",2026-08-31 12:25:06.269031+00:00,0,A
TX13215,USR_1241,ACC_2241,87.84,USD,P2P,MER_305,BEN_601,DEV_204,fbd7d4ee4caf9386,"New York, US",2026-08-31 12:26:06.269031+00:00,0,A
TX12202,USR_1084,ACC_2084,46.13,USD,CARD,MER_146,BEN_641,DEV_975,1208c228f12bd6c4,"Tokyo, JP",2026-08-31 12:27:06.269031+00:00,0,A
TX14671,USR_1144,ACC_2144,168.31,USD,WIRE,MER_123,BEN_601,DEV_482,cc8bd0b7935b5734,"Tokyo, JP",2026-08-31 12:27:06.269031+00:00,0,A
TX12819,USR_1097,ACC_2097,141.22,USD,WIRE,MER_239,BEN_952,DEV_478,900cbd71f690a490,"Toronto, CA",2026-08-31 12:31:06.269031+00:00,0,A
TX13848,USR_1218,ACC_2218,99.09,USD,CARD,MER_161,BEN_675,DEV_318,55488a4c24a30597,"London, UK",2026-08-31 12:42:06.269031+00:00,0,A
TX13790,USR_1238,ACC_2238,256.2,USD,ACH,MER_331,BEN_774,DEV_208,9e90958ba683f358,"Sydney, AU",2026-08-31 12:43:06.269031+00:00,0,A
TX14622,USR_1140,ACC_2140,87.26,USD,P2P,MER_197,BEN_992,DEV_560,f3c751082b63d214,"Sydney, AU",2026-08-31 12:43:06.269031+00:00,0,A
TX11986,USR_1031,ACC_2031,44.68,USD,ACH,MER_233,BEN_980,DEV_985,5200cf954889065e,"Tokyo, JP",2026-08-31 12:55:06.269031+00:00,0,A
TX12455,USR_1274,ACC_2274,8.39,USD,CARD,MER_167,BEN_899,DEV_762,04d0d4de5d036722,"Sydney, AU",2026-08-31 13:00:06.269031+00:00,0,A
TX11997,USR_1064,ACC_2064,181.33,USD,WIRE,MER_306,BEN_629,DEV_510,4db1862dd0e40d19,"Sydney, AU",2026-08-31 13:02:06.269031+00:00,0,A
TX12967,USR_1175,ACC_2175,49.41,USD,P2P,MER_303,BEN_809,DEV_316,2f1a03b6b66eb09f,"New York, US",2026-08-31 13:08:06.269031+00:00,0,A
TX14085,USR_1166,ACC_2166,167.75,USD,ACH,MER_301,BEN_678,DEV_990,c8ad27d26d0d4858,"Toronto, CA",2026-08-31 13:09:06.269031+00:00,0,A
TX14744,USR_1107,ACC_2107,82.53,USD,ACH,MER_143,BEN_743,DEV_560,0260ce68191b235c,"London, UK",2026-08-31 13:10:06.269031+00:00,0,A
TX14949,USR_1103,ACC_2103,13.94,USD,CARD,MER_371,BEN_539,DEV_505,bebb722f73a4cf21,"London, UK",2026-08-31 13:20:06.269031+00:00,0,A
TX14916,USR_1115,ACC_2115,199.63,USD,CARD,MER_182,BEN_645,DEV_756,4d8f3a7ab28f30b0,"New York, US",2026-08-31 13:21:06.269031+00:00,0,A
TX12751,USR_1105,ACC_2105,23.93,USD,P2P,MER_128,BEN_534,DEV_678,0cc56806395d3d2b,"Tokyo, JP",2026-08-31 13:25:06.269031+00:00,0,A
TX14756,USR_1068,ACC_2068,80.39,USD,WIRE,MER_101,BEN_636,DEV_984,28b558237a8ce9a4,"Sydney, AU",2026-08-31 13:28:06.269031+00:00,0,A
TX13014,USR_1227,ACC_2227,62.01,USD,CARD,MER_170,BEN_862,DEV_564,5b3522464b586141,"London, UK",2026-08-31 13:31:06.269031+00:00,0,A
TX13217,USR_1180,ACC_2180,162.34,USD,P2P,MER_103,BEN_816,DEV_169,d33c733d20cd7646,"Toronto, CA",2026-08-31 13:38:06.269031+00:00,0,A
TX14200,USR_1215,ACC_2215,16.18,USD,CARD,MER_275,BEN_672,DEV_539,9946a0232d0af45c,"Tokyo, JP",2026-08-31 13:38:06.269031+00:00,0,A
TX13195,USR_1046,ACC_2046,89.67,USD,CARD,MER_288,BEN_858,DEV_344,753d8b158f374251,"Toronto, CA",2026-08-31 13:41:06.269031+00:00,0,A
TX14665,USR_1038,ACC_2038,56.53,USD,ACH,MER_262,BEN_910,DEV_670,d1561592aad7dc92,"Sydney, AU",2026-08-31 13:42:06.269031+00:00,0,A
TX13735,USR_1072,ACC_2072,159.22,USD,ACH,MER_349,BEN_954,DEV_809,ee002e7632564a9f,"Tokyo, JP",2026-08-31 13:42:06.269031+00:00,0,A
TX12805,USR_1117,ACC_2117,72.82,USD,P2P,MER_171,BEN_519,DEV_201,f0d3fb6b451af130,"London, UK",2026-08-31 13:45:06.269031+00:00,0,A
TX12261,USR_1152,ACC_2152,150.16,USD,CARD,MER_170,BEN_609,DEV_394,bd5e4722f4a3f853,"Sydney, AU",2026-08-31 13:47:06.269031+00:00,0,A
TX11930,USR_1273,ACC_2273,64.87,USD,WIRE,MER_209,BEN_645,DEV_700,eed32f0aa24bee1c,"Tokyo, JP",2026-08-31 13:51:06.269031+00:00,0,A
TX12090,USR_1290,ACC_2290,5.0,USD,CARD,MER_380,BEN_860,DEV_609,7a232aa325593eec,"Tokyo, JP",2026-08-31 13:52:06.269031+00:00,0,A
TX12617,USR_1295,ACC_2295,135.94,USD,WIRE,MER_294,BEN_910,DEV_964,a64a19e570d11404,"Toronto, CA",2026-08-31 13:55:06.269031+00:00,0,A
TX12069,USR_1195,ACC_2195,115.48,USD,P2P,MER_135,BEN_649,DEV_798,e6d664e190e0dcae,"Sydney, AU",2026-08-31 13:58:06.269031+00:00,0,A
TX12240,USR_1204,ACC_2204,31.64,USD,P2P,MER_280,BEN_558,DEV_368,d31bda7984910180,"Tokyo, JP",2026-08-31 14:05:06.269031+00:00,0,A
TX14035,USR_1238,ACC_2238,192.94,USD,ACH,MER_331,BEN_774,DEV_208,b8d2d5c142188c1d,"Sydney, AU",2026-08-31 14:10:06.269031+00:00,0,A
TX14972,USR_1164,ACC_2164,114.93,USD,CARD,MER_123,BEN_881,DEV_788,26ded6819e145354,"Tokyo, JP",2026-08-31 14:10:06.269031+00:00,0,A
TX10824,USR_1011,ACC_2011,3641.43,USD,P2P,MER_257,BEN_RING_777,DEV_RING_999,fd5dc3897b156800,"New York, US",2026-08-31 14:13:06.269031+00:00,1,D
TX14169,USR_1230,ACC_2230,51.88,USD,ACH,MER_106,BEN_939,DEV_687,e0b1369be54e04f0,"Toronto, CA",2026-08-31 14:14:06.269031+00:00,0,A
TX14240,USR_1061,ACC_2061,50.68,USD,P2P,MER_146,BEN_520,DEV_579,a8a0e5e079ff595f,"Tokyo, JP",2026-08-31 14:28:06.269031+00:00,0,A
TX14799,USR_1038,ACC_2038,83.68,USD,CARD,MER_358,BEN_841,DEV_670,d1561592aad7dc92,"Sydney, AU",2026-08-31 14:31:06.269031+00:00,0,A
TX12712,USR_1268,ACC_2268,116.45,USD,CARD,MER_255,BEN_743,DEV_139,520b3672ae9f6d8e,"London, UK",2026-08-31 14:37:06.269031+00:00,0,A
TX13404,USR_1209,ACC_2209,42.76,USD,ACH,MER_379,BEN_868,DEV_686,19cd5e10192a7982,"Tokyo, JP",2026-08-31 14:42:06.269031+00:00,0,A
TX14806,USR_1110,ACC_2110,128.84,USD,ACH,MER_147,BEN_786,DEV_771,aadad9bce1f7e80b,"Toronto, CA",2026-08-31 14:45:06.269031+00:00,0,A
TX12959,USR_1127,ACC_2127,130.27,USD,ACH,MER_134,BEN_934,DEV_787,d9ec58cb702d403f,"London, UK",2026-08-31 14:51:06.269031+00:00,0,A
TX14945,USR_1019,ACC_2019,57.46,USD,CARD,MER_260,BEN_995,DEV_902,cc8a8481c7d3d479,"Toronto, CA",2026-08-31 14:56:06.269031+00:00,0,A
TX12500,USR_1205,ACC_2205,137.1,USD,ACH,MER_170,BEN_572,DEV_420,17a963387deb159b,"London, UK",2026-08-31 14:58:06.269031+00:00,0,A
TX14774,USR_1119,ACC_2119,112.71,USD,P2P,MER_319,BEN_823,DEV_213,9c57e81541391015,"Toronto, CA",2026-08-31 14:59:06.269031+00:00,0,A
TX13428,USR_1170,ACC_2170,66.65,USD,ACH,MER_264,BEN_806,DEV_615,6d3f2c0efed53fd2,"Toronto, CA",2026-08-31 14:59:06.269031+00:00,0,A
TX13323,USR_1270,ACC_2270,222.83,USD,P2P,MER_181,BEN_528,DEV_552,1c3a07e244071917,"Sydney, AU",2026-08-31 15:00:06.269031+00:00,0,A
TX12756,USR_1120,ACC_2120,94.96,USD,CARD,MER_359,BEN_768,DEV_729,6e6312055dcf2184,"London, UK",2026-08-31 15:01:06.269031+00:00,0,A
TX11929,USR_1032,ACC_2032,153.18,USD,ACH,MER_230,BEN_960,DEV_139,45bbc125bb9f3fa7,"Tokyo, JP",2026-08-31 15:01:06.269031+00:00,0,A
TX13679,USR_1012,ACC_2012,4340.83,USD,P2P,MER_235,BEN_RING_777,DEV_RING_999,fd5dc3897b156800,"Toronto, CA",2026-08-31 15:02:06.269031+00:00,1,D
TX14559,USR_1114,ACC_2114,114.05,USD,P2P,MER_314,BEN_695,DEV_298,c9dd0282c5c3f36e,"Sydney, AU",2026-08-31 15:03:06.269031+00:00,0,A
TX12678,USR_1026,ACC_2026,116.78,USD,ACH,MER_182,BEN_634,DEV_749,4e21fe86b4614f9c,"New York, US",2026-08-31 15:04:06.269031+00:00,0,A
TX14730,USR_1224,ACC_2224,132.98,USD,P2P,MER_246,BEN_520,DEV_174,69fcc96fe39173c6,"Tokyo, JP",2026-08-31 15:04:06.269031+00:00,0,A
TX13741,USR_1299,ACC_2299,23.04,USD,CARD,MER_109,BEN_728,DEV_570,8bdd36f5ed2bd26b,"New York, US",2026-08-31 15:08:06.269031+00:00,0,A
TX12545,USR_1109,ACC_2109,5.0,USD,P2P,MER_172,BEN_836,DEV_437,bdf9188e7358c140,"Tokyo, JP",2026-08-31 15:17:06.269031+00:00,0,A
TX13043,USR_1116,ACC_2116,60.79,USD,P2P,MER_297,BEN_757,DEV_193,0afa7d2175280287,"New York, US",2026-08-31 15:19:06.269031+00:00,0,A
TX13239,USR_1070,ACC_2070,24.86,USD,P2P,MER_164,BEN_905,DEV_425,34aa4d9d426ce603,"Sydney, AU",2026-08-31 15:21:06.269031+00:00,0,A
TX14552,USR_1033,ACC_2033,66.39,USD,WIRE,MER_253,BEN_985,DEV_632,46aa30724ea1e038,"London, UK",2026-08-31 15:31:06.269031+00:00,0,A
TX14033,USR_1066,ACC_2066,61.36,USD,P2P,MER_147,BEN_782,DEV_745,722c81b0c225405a,"London, UK",2026-08-31 15:33:06.269031+00:00,0,A
TX14414,USR_1025,ACC_2025,1045.47,USD,ACH,MER_235,BEN_CAR_DEALER_100,DEV_UPGRADE_3648,2488659b8d6070e6,"Tokyo, JP",2026-08-31 15:37:06.269031+00:00,0,E
TX13561,USR_1201,ACC_2201,442.92,USD,P2P,MER_269,BEN_589,DEV_NEW_9067,6c4d778432e31286,"London, UK",2026-08-31 15:38:06.269031+00:00,1,B
TX12236,USR_1244,ACC_2244,74.65,USD,CARD,MER_310,BEN_755,DEV_386,fcc47ac65be5665e,"Toronto, CA",2026-08-31 15:42:06.269031+00:00,0,A
TX12244,USR_1047,ACC_2047,226.6,USD,WIRE,MER_152,BEN_866,DEV_692,b8407f9f90f8f46f,"Sydney, AU",2026-08-31 15:43:06.269031+00:00,0,A
TX14509,USR_1025,ACC_2025,3057.04,USD,WIRE,MER_228,BEN_NEW_8906,DEV_ATO_6343,ff7654e72c4b8796,Unknown / Proxy IP,2026-08-31 15:46:06.269031+00:00,1,C
TX12661,USR_1193,ACC_2193,155.18,USD,ACH,MER_345,BEN_664,DEV_442,127a00e0f5c3b6fc,"Toronto, CA",2026-08-31 15:53:06.269031+00:00,0,A
TX14212,USR_1184,ACC_2184,139.0,USD,WIRE,MER_208,BEN_770,DEV_NEW_9680,856933acc112b8e0,"Tokyo, JP",2026-08-31 16:01:06.269031+00:00,1,B
TX14703,USR_1041,ACC_2041,94.63,USD,P2P,MER_294,BEN_699,DEV_517,6f38731baa6eaa18,"London, UK",2026-08-31 16:04:06.269031+00:00,0,A
TX12973,USR_1175,ACC_2175,27.0,USD,ACH,MER_382,BEN_809,DEV_115,2f1a03b6b66eb09f,"New York, US",2026-08-31 16:07:06.269031+00:00,0,A
TX14743,USR_1122,ACC_2122,76.49,USD,CARD,MER_132,BEN_745,DEV_236,f5a9eef8abf31c92,"London, UK",2026-08-31 16:15:06.269031+00:00,0,A
TX13486,USR_1221,ACC_2221,62.64,USD,P2P,MER_143,BEN_641,DEV_703,2ba65b50195c3319,"Sydney, AU",2026-08-31 16:16:06.269031+00:00,0,A
TX11957,USR_1008,ACC_2008,94.4,USD,CARD,MER_181,BEN_821,DEV_470,86ec58ef83a3a12c,"New York, US",2026-08-31 16:17:06.269031+00:00,0,A
TX12632,USR_1043,ACC_2043,111.59,USD,ACH,MER_319,BEN_964,DEV_269,ddb6fca6c2d4c785,"Toronto, CA",2026-08-31 16:25:06.269031+00:00,0,A
TX14492,USR_1228,ACC_2228,88.72,USD,P2P,MER_319,BEN_894,DEV_480,3f70b2135cc48ade,"Tokyo, JP",2026-08-31 16:32:06.269031+00:00,0,A
TX12675,USR_1193,ACC_2193,198.39,USD,WIRE,MER_202,BEN_808,DEV_550,e4ba75bf79fdcb04,"Toronto, CA",2026-08-31 16:33:06.269031+00:00,0,A
TX14685,USR_1016,ACC_2016,236.65,USD,WIRE,MER_150,BEN_CAR_DEALER_114,DEV_UPGRADE_3724,77b38a90ef972e5e,"Sydney, AU",2026-08-31 16:33:06.269031+00:00,0,E
TX14952,USR_1179,ACC_2179,5.0,USD,WIRE,MER_170,BEN_768,DEV_273,adb4f2be356e2898,"Toronto, CA",2026-08-31 16:34:06.269031+00:00,0,A
TX12611,USR_1283,ACC_2283,176.53,USD,P2P,MER_344,BEN_722,DEV_690,b52082bae5419f55,"New York, US",2026-08-31 16:38:06.269031+00:00,0,A
TX12275,USR_1104,ACC_2104,238.24,USD,P2P,MER_178,BEN_601,DEV_844,4945799b02508963,"New York, US",2026-08-31 16:38:06.269031+00:00,0,A
TX14636,USR_1222,ACC_2222,47.66,USD,P2P,MER_222,BEN_901,DEV_630,0320c343468f3a66,"Sydney, AU",2026-08-31 16:41:06.269031+00:00,0,A
TX13456,USR_1178,ACC_2178,89.4,USD,WIRE,MER_335,BEN_983,DEV_437,5722f7c9bfecc5d8,"London, UK",2026-08-31 16:42:06.269031+00:00,0,A
TX13039,USR_1002,ACC_2002,7561.45,USD,P2P,MER_294,BEN_RING_777,DEV_RING_999,fd5dc3897b156800,"Tokyo, JP",2026-08-31 16:49:06.269031+00:00,1,D
TX14392,USR_1083,ACC_2083,164.81,USD,WIRE,MER_327,BEN_643,DEV_860,8c6fbb422103eaee,"New York, US",2026-08-31 16:51:06.269031+00:00,0,A
TX13992,USR_1128,ACC_2128,93.2,USD,WIRE,MER_139,BEN_689,DEV_492,899e2fbba4cdd118,"London, UK",2026-08-31 16:54:06.269031+00:00,0,A
TX13037,USR_1096,ACC_2096,174.91,USD,CARD,MER_274,BEN_771,DEV_679,2de281d9b2a90870,"New York, US",2026-08-31 17:05:06.269031+00:00,0,A
TX13097,USR_1133,ACC_2133,315.57,USD,P2P,MER_330,BEN_564,DEV_NEW_7846,ef76d461bce1b4dc,"Sydney, AU",2026-08-31 17:10:06.269031+00:00,1,B
TX14597,USR_1228,ACC_2228,55.11,USD,P2P,MER_239,BEN_960,DEV_480,50966cad90e19486,"Tokyo, JP",2026-08-31 17:10:06.269031+00:00,0,A
TX13359,USR_1156,ACC_2156,5.0,USD,CARD,MER_271,BEN_652,DEV_290,62075f8be723f4c2,"New York, US",2026-08-31 17:11:06.269031+00:00,0,A
TX13511,USR_1010,ACC_2010,2907.2,USD,P2P,MER_291,BEN_RING_777,DEV_RING_999,fd5dc3897b156800,"Tokyo, JP",2026-08-31 17:15:06.269031+00:00,1,D
TX13010,USR_1137,ACC_2137,117.74,USD,CARD,MER_115,BEN_833,DEV_183,164f8d9a21be4783,"Toronto, CA",2026-08-31 17:15:06.269031+00:00,0,A
TX14165,USR_1219,ACC_2219,5.0,USD,P2P,MER_168,BEN_688,DEV_492,cdbc196f2eb61754,"New York, US",2026-08-31 17:16:06.269031+00:00,0,A
TX12309,USR_1048,ACC_2048,77.36,USD,ACH,MER_335,BEN_934,DEV_455,7f3a79b76518f784,"New York, US",2026-08-31 17:17:06.269031+00:00,0,A
TX14551,USR_1173,ACC_2173,101.33,USD,ACH,MER_147,BEN_972,DEV_642,c0e29ff8398c9ef4,"London, UK",2026-08-31 17:24:06.269031+00:00,0,A
TX14651,USR_1219,ACC_2219,1167.67,USD,WIRE,MER_295,BEN_NEW_9241,DEV_ATO_7820,3de7d632163406d3,Unknown / Proxy IP,2026-08-31 17:26:06.269031+00:00,1,C
TX13760,USR_1211,ACC_2211,84.47,USD,ACH,MER_372,BEN_791,DEV_730,1c69e66247a30c97,"London, UK",2026-08-31 17:26:06.269031+00:00,0,A
TX13155,USR_1286,ACC_2286,12.3,USD,CARD,MER_214,BEN_584,DEV_803,67dbe69b22e1a125,"Tokyo, JP",2026-08-31 17:27:06.269031+00:00,0,A
TX14379,USR_1242,ACC_2242,181.38,USD,CARD,MER_336,BEN_547,DEV_932,bda908a866f4be63,"Sydney, AU",2026-08-31 17:30:06.269031+00:00,0,A
TX12336,USR_1142,ACC_2142,134.87,USD,CARD,MER_287,BEN_774,DEV_149,87c723e76a7e0203,"Sydney, AU",2026-08-31 17:33:06.269031+00:00,0,A
TX14140,USR_1166,ACC_2166,119.14,USD,ACH,MER_375,BEN_940,DEV_990,817ec2d627862004,"Toronto, CA",2026-08-31 17:34:06.269031+00:00,0,A
TX11564,USR_1039,ACC_2039,139.2,USD,CARD,MER_222,BEN_930,DEV_661,51115cee44834188,"Sydney, AU",2026-08-31 17:35:06.269031+00:00,0,A
TX14047,USR_1212,ACC_2212,21.42,USD,P2P,MER_130,BEN_902,DEV_686,ecfbae456439a3ec,"New York, US",2026-08-31 17:35:06.269031+00:00,0,A
TX13266,USR_1133,ACC_2133,305.59,USD,P2P,MER_262,BEN_997,DEV_NEW_8506,ef76d461bce1b4dc,"Sydney, AU",2026-08-31 17:43:06.269031+00:00,1,B
TX13916,USR_1280,ACC_2280,107.93,USD,ACH,MER_398,BEN_690,DEV_463,b6053954f622ffb5,"Sydney, AU",2026-08-31 17:47:06.269031+00:00,0,A
TX14005,USR_1261,ACC_2261,61.55,USD,CARD,MER_215,BEN_634,DEV_479,811834c71f1d4f06,"Sydney, AU",2026-08-31 17:47:06.269031+00:00,0,A
TX12329,USR_1040,ACC_2040,15.92,USD,WIRE,MER_209,BEN_570,DEV_830,3eb4005ac7b49cb1,"Tokyo, JP",2026-08-31 17:48:06.269031+00:00,0,A
TX11713,USR_1063,ACC_2063,71.01,USD,ACH,MER_353,BEN_670,DEV_699,553ed483ad5e1493,"New York, US",2026-08-31 17:50:06.269031+00:00,0,A
TX14127,USR_1261,ACC_2261,713.21,USD,WIRE,MER_237,BEN_NEW_9850,DEV_ATO_6190,dfa1452f8428ccc5,Unknown / Proxy IP,2026-08-31 17:50:06.269031+00:00,1,C
TX14737,USR_1224,ACC_2224,59.5,USD,ACH,MER_246,BEN_520,DEV_888,1db1632945fdf4fb,"Tokyo, JP",2026-08-31 17:54:06.269031+00:00,0,A
TX12708,USR_1130,ACC_2130,118.15,USD,CARD,MER_188,BEN_936,DEV_726,a132455f8aba0763,"London, UK",2026-08-31 17:56:06.269031+00:00,0,A
TX14293,USR_1166,ACC_2166,147.79,USD,P2P,MER_375,BEN_834,DEV_486,817ec2d627862004,"Toronto, CA",2026-08-31 17:57:06.269031+00:00,0,A
TX13753,USR_1129,ACC_2129,52.83,USD,CARD,MER_328,BEN_698,DEV_765,cab280aa6bbedc20,"New York, US",2026-08-31 17:57:06.269031+00:00,0,A
TX11523,USR_1014,ACC_2014,7822.02,USD,P2P,MER_217,BEN_RING_777,DEV_RING_999,fd5dc3897b156800,"Toronto, CA",2026-08-31 17:57:06.269031+00:00,1,D
TX14726,USR_1168,ACC_2168,1059.97,USD,P2P,MER_108,BEN_914,DEV_NEW_1399,75dc671fb1371347,"New York, US",2026-08-31 18:01:06.269031+00:00,1,B
TX11316,USR_1185,ACC_2185,139.87,USD,WIRE,MER_400,BEN_591,DEV_176,47545ed8e2a937ee,"Toronto, CA",2026-08-31 18:01:06.269031+00:00,0,A
TX12752,USR_1074,ACC_2074,138.85,USD,P2P,MER_173,BEN_812,DEV_541,cce06b3c7fc49509,"London, UK",2026-08-31 18:07:06.269031+00:00,0,A
TX12152,USR_1001,ACC_2001,8351.87,USD,P2P,MER_329,BEN_RING_777,DEV_RING_999,fd5dc3897b156800,"Toronto, CA",2026-08-31 18:09:06.269031+00:00,1,D
TX14621,USR_1173,ACC_2173,135.06,USD,P2P,MER_289,BEN_730,DEV_642,643840ebe753d743,"London, UK",2026-08-31 18:13:06.269031+00:00,0,A
TX12614,USR_1249,ACC_2249,178.9,USD,WIRE,MER_212,BEN_519,DEV_956,c24ea062cf3c7968,"Sydney, AU",2026-08-31 18:20:06.269031+00:00,0,A
TX12513,USR_1189,ACC_2189,90.39,USD,ACH,MER_329,BEN_567,DEV_469,d0509ec5865f2372,"Tokyo, JP",2026-08-31 18:25:06.269031+00:00,0,A
TX13986,USR_1218,ACC_2218,90.79,USD,P2P,MER_316,BEN_675,DEV_318,d7226c000046452f,"London, UK",2026-08-31 18:25:06.269031+00:00,0,A
TX13445,USR_1105,ACC_2105,26.86,USD,P2P,MER_255,BEN_740,DEV_678,0cc56806395d3d2b,"Tokyo, JP",2026-08-31 18:27:06.269031+00:00,0,A
TX13754,USR_1111,ACC_2111,62.52,USD,ACH,MER_139,BEN_598,DEV_470,dc65b42e8044fcc4,"London, UK",2026-08-31 18:33:06.269031+00:00,0,A
TX14838,USR_1214,ACC_2214,79.17,USD,P2P,MER_283,BEN_797,DEV_627,daf2584bc2d0a66d,"Tokyo, JP",2026-08-31 18:33:06.269031+00:00,0,A
TX14734,USR_1078,ACC_2078,103.06,USD,P2P,MER_267,BEN_725,DEV_743,0fb9c57e09bf3897,"New York, US",2026-08-31 18:33:06.269031+00:00,0,A
TX13789,USR_1072,ACC_2072,53.13,USD,ACH,MER_118,BEN_662,DEV_809,262810317c02055b,"Tokyo, JP",2026-08-31 18:35:06.269031+00:00,0,A
TX14517,USR_1029,ACC_2029,58.54,USD,ACH,MER_236,BEN_973,DEV_985,c7e3f1b326ee84a0,"London, UK",2026-08-31 18:36:06.269031+00:00,0,A
TX13664,USR_1266,ACC_2266,58.94,USD,P2P,MER_151,BEN_712,DEV_994,4c498aec97fa66bb,"Toronto, CA",2026-08-31 18:37:06.269031+00:00,0,A
TX14357,USR_1159,ACC_2159,71.37,USD,P2P,MER_105,BEN_793,DEV_106,1127f31f85cad88c,"Tokyo, JP",2026-08-31 18:41:06.269031+00:00,0,A
TX13965,USR_1030,ACC_2030,191.93,USD,P2P,MER_214,BEN_920,DEV_139,60044722c469d400,"Sydney, AU",2026-08-31 18:43:06.269031+00:00,0,A
TX13075,USR_1037,ACC_2037,105.36,USD,CARD,MER_154,BEN_624,DEV_524,47d647a2985d1a90,"Sydney, AU",2026-08-31 18:52:06.269031+00:00,0,A
TX14008,USR_1266,ACC_2266,110.0,USD,ACH,MER_154,BEN_790,DEV_994,7285e174966eb919,"Toronto, CA",2026-08-31 19:01:06.269031+00:00,0,A
TX13568,USR_1201,ACC_2201,63.11,USD,P2P,MER_386,BEN_589,DEV_123,6c4d778432e31286,"London, UK",2026-08-31 19:02:06.269031+00:00,0,A
TX14091,USR_1036,ACC_2036,66.19,USD,ACH,MER_343,BEN_912,DEV_627,cea311fcad472a9b,"London, UK",2026-08-31 19:04:06.269031+00:00,0,A
TX13128,USR_1175,ACC_2175,5.0,USD,ACH,MER_303,BEN_856,DEV_115,15bf1c91432da6c2,"New York, US",2026-08-31 19:07:06.269031+00:00,0,A
TX14228,USR_1212,ACC_2212,5.0,USD,CARD,MER_130,BEN_884,DEV_396,6c2af72bb9543d43,"New York, US",2026-08-31 19:09:06.269031+00:00,0,A
TX12311,USR_1204,ACC_2204,5.0,USD,CARD,MER_188,BEN_700,DEV_216,66517d42729f749a,"Tokyo, JP",2026-08-31 19:10:06.269031+00:00,0,A
TX13970,USR_1170,ACC_2170,5.0,USD,P2P,MER_254,BEN_844,DEV_615,f0cd8fb7596faa02,"Toronto, CA",2026-08-31 19:11:06.269031+00:00,0,A
TX12387,USR_1104,ACC_2104,194.74,USD,P2P,MER_337,BEN_588,DEV_844,4945799b02508963,"New York, US",2026-08-31 19:17:06.269031+00:00,0,A
TX13460,USR_1104,ACC_2104,2842.57,USD,WIRE,MER_190,BEN_NEW_9188,DEV_ATO_8206,1e3fe49efaf85001,Unknown / Proxy IP,2026-08-31 19:22:06.269031+00:00,1,C
TX13578,USR_1099,ACC_2099,184.47,USD,WIRE,MER_248,BEN_984,DEV_146,7f3bb771f0573b6f,"New York, US",2026-08-31 19:23:06.269031+00:00,0,A
TX13722,USR_1074,ACC_2074,51.14,USD,CARD,MER_173,BEN_589,DEV_541,167806ab11382ccb,"London, UK",2026-08-31 19:25:06.269031+00:00,0,A
TX12970,USR_1193,ACC_2193,154.2,USD,CARD,MER_303,BEN_664,DEV_550,e4ba75bf79fdcb04,"Toronto, CA",2026-08-31 19:27:06.269031+00:00,0,A
TX14895,USR_1131,ACC_2131,74.66,USD,WIRE,MER_285,BEN_863,DEV_783,1a4bad185111ed79,"Tokyo, JP",2026-08-31 19:34:06.269031+00:00,0,A
TX13954,USR_1169,ACC_2169,102.02,USD,ACH,MER_376,BEN_522,DEV_708,3e8b39ef9a3b81ca,"New York, US",2026-08-31 19:35:06.269031+00:00,0,A
TX13903,USR_1105,ACC_2105,35.42,USD,ACH,MER_240,BEN_577,DEV_797,07270622312de951,"Tokyo, JP",2026-08-31 19:35:06.269031+00:00,0,A
TX12343,USR_1057,ACC_2057,95.83,USD,P2P,MER_330,BEN_767,DEV_354,9ea722f8987c3433,"Toronto, CA",2026-08-31 19:39:06.269031+00:00,0,A
TX13353,USR_1292,ACC_2292,32.26,USD,CARD,MER_189,BEN_737,DEV_840,47a7d5c3ae210030,"London, UK",2026-08-31 19:41:06.269031+00:00,0,A
TX13352,USR_1046,ACC_2046,5.0,USD,CARD,MER_259,BEN_738,DEV_344,753d8b158f374251,"Toronto, CA",2026-08-31 19:46:06.269031+00:00,0,A
TX13592,USR_1069,ACC_2069,187.59,USD,ACH,MER_310,BEN_596,DEV_252,ed4b5a832416af09,"Tokyo, JP",2026-08-31 19:49:06.269031+00:00,0,A
TX14497,USR_1106,ACC_2106,160.83,USD,ACH,MER_359,BEN_830,DEV_417,0c68f51756e95452,"Tokyo, JP",2026-08-31 19:50:06.269031+00:00,0,A
TX13196,USR_1155,ACC_2155,179.85,USD,WIRE,MER_313,BEN_967,DEV_887,12a2612a581bf810,"Toronto, CA",2026-08-31 19:52:06.269031+00:00,0,A
TX14341,USR_1174,ACC_2174,105.22,USD,WIRE,MER_386,BEN_800,DEV_486,21166a9c799f8c9a,"New York, US",2026-08-31 19:53:06.269031+00:00,0,A
TX13002,USR_1232,ACC_2232,68.59,USD,ACH,MER_135,BEN_705,DEV_614,57cd4dd75ee045c8,"London, UK",2026-08-31 19:56:06.269031+00:00,0,A
TX12432,USR_1093,ACC_2093,61.7,USD,ACH,MER_395,BEN_680,DEV_994,fa54c7e2e8ed5049,"New York, US",2026-08-31 20:01:06.269031+00:00,0,A
TX14932,USR_1148,ACC_2148,134.17,USD,WIRE,MER_177,BEN_725,DEV_132,a81e278d899ba53d,"London, UK",2026-08-31 20:07:06.269031+00:00,0,A
TX14835,USR_1219,ACC_2219,26.09,USD,P2P,MER_135,BEN_570,DEV_492,8ac9ec0ab7625d5e,"New York, US",2026-08-31 20:09:06.269031+00:00,0,A
TX12628,USR_1112,ACC_2112,112.37,USD,ACH,MER_192,BEN_672,DEV_619,21a2fd522723acff,"Toronto, CA",2026-08-31 20:12:06.269031+00:00,0,A
TX14291,USR_1203,ACC_2203,61.63,USD,P2P,MER_287,BEN_909,DEV_385,7f425fb15ab04329,"New York, US",2026-08-31 20:16:06.269031+00:00,0,A
TX13953,USR_1113,ACC_2113,761.37,USD,ACH,MER_258,BEN_812,DEV_NEW_9840,98eccdccd122648d,"London, UK",2026-08-31 20:19:06.269031+00:00,1,B
TX13798,USR_1134,ACC_2134,154.41,USD,CARD,MER_163,BEN_566,DEV_999,8fa3e619e9acd6ae,"Toronto, CA",2026-08-31 20:20:06.269031+00:00,0,A
TX13458,USR_1046,ACC_2046,132.8,USD,ACH,MER_183,BEN_738,DEV_344,af7aa7cef426f5ac,"Toronto, CA",2026-08-31 20:23:06.269031+00:00,0,A
TX12170,USR_1031,ACC_2031,85.37,USD,CARD,MER_191,BEN_774,DEV_985,ee85905019f3301c,"Tokyo, JP",2026-08-31 20:23:06.269031+00:00,0,A
TX12375,USR_1051,ACC_2051,113.63,USD,ACH,MER_350,BEN_543,DEV_710,b397558ee799977c,"New York, US",2026-08-31 20:24:06.269031+00:00,0,A
TX12913,USR_1253,ACC_2253,576.76,USD,CARD,MER_153,BEN_790,DEV_NEW_4584,017862b631264848,"Toronto, CA",2026-08-31 20:27:06.269031+00:00,1,B
TX14235,USR_1015,ACC_2015,84.71,USD,P2P,MER_224,BEN_870,DEV_626,5457ab5de7f73ba3,"London, UK",2026-08-31 20:29:06.269031+00:00,0,A
TX10839,USR_1011,ACC_2011,101.18,USD,ACH,MER_257,BEN_509,DEV_652,77c76c6de779a4b4,"New York, US",2026-08-31 20:36:06.269031+00:00,0,A
TX13393,USR_1070,ACC_2070,30.47,USD,P2P,MER_118,BEN_905,DEV_425,34aa4d9d426ce603,"Sydney, AU",2026-08-31 20:37:06.269031+00:00,0,A
TX14948,USR_1219,ACC_2219,64.39,USD,ACH,MER_168,BEN_653,DEV_492,cdbc196f2eb61754,"New York, US",2026-08-31 20:40:06.269031+00:00,0,A
TX14425,USR_1165,ACC_2165,963.68,USD,CARD,MER_315,BEN_709,DEV_NEW_7222,6a209799414ac9ae,"Sydney, AU",2026-08-31 20:40:06.269031+00:00,1,B
TX14530,USR_1186,ACC_2186,720.02,USD,WIRE,MER_140,BEN_CAR_DEALER_114,DEV_UPGRADE_3270,01212de5b81c350b,"Sydney, AU",2026-08-31 20:41:06.269031+00:00,0,E
TX12657,USR_1031,ACC_2031,37.19,USD,P2P,MER_114,BEN_931,DEV_385,ee85905019f3301c,"Tokyo, JP",2026-08-31 20:45:06.269031+00:00,0,A
TX13909,USR_1250,ACC_2250,442.27,USD,CARD,MER_111,BEN_970,DEV_NEW_9577,8bc5ca6f1c58f90a,"London, UK",2026-08-31 20:47:06.269031+00:00,0,B
TX12485,USR_1274,ACC_2274,83.38,USD,CARD,MER_167,BEN_899,DEV_762,04d0d4de5d036722,"Sydney, AU",2026-08-31 20:53:06.269031+00:00,0,A
TX14501,USR_1123,ACC_2123,104.89,USD,P2P,MER_246,BEN_763,DEV_144,3c5b2e36fc42544e,"Tokyo, JP",2026-08-31 20:54:06.269031+00:00,0,A
TX12690,USR_1205,ACC_2205,157.51,USD,ACH,MER_170,BEN_698,DEV_420,4d66e8ede2b3dfa5,"London, UK",2026-08-31 20:55:06.269031+00:00,0,A
TX13576,USR_1217,ACC_2217,100.38,USD,WIRE,MER_146,BEN_820,DEV_195,e7d64b667c42d07d,"London, UK",2026-08-31 20:55:06.269031+00:00,0,A
TX13756,USR_1050,ACC_2050,32.37,USD,WIRE,MER_281,BEN_753,DEV_349,1bf0c487dfdc7d77,"Sydney, AU",2026-08-31 20:57:06.269031+00:00,0,A
TX12795,USR_1034,ACC_2034,86.5,USD,WIRE,MER_254,BEN_715,DEV_782,2a9d9783bdddca1f,"Toronto, CA",2026-08-31 20:59:06.269031+00:00,0,A
TX13960,USR_1200,ACC_2200,84.4,USD,WIRE,MER_134,BEN_743,DEV_456,1084998dfd6f5f0a,"London, UK",2026-08-31 20:59:06.269031+00:00,0,A
TX13855,USR_1201,ACC_2201,155.58,USD,ACH,MER_269,BEN_589,DEV_123,91e7767500f47f48,"London, UK",2026-08-31 21:03:06.269031+00:00,0,A
TX12858,USR_1157,ACC_2157,106.78,USD,WIRE,MER_272,BEN_583,DEV_237,aafc24df024560d9,"New York, US",2026-08-31 21:05:06.269031+00:00,0,A
TX14446,USR_1242,ACC_2242,194.14,USD,P2P,MER_162,BEN_547,DEV_176,16b1981054412bbd,"Sydney, AU",2026-08-31 21:06:06.269031+00:00,0,A
TX12108,USR_1008,ACC_2008,504.55,USD,CARD,MER_295,BEN_578,DEV_NEW_5734,e2c63244fb17a1bf,"New York, US",2026-08-31 21:07:06.269031+00:00,1,B
TX12331,USR_1040,ACC_2040,10.24,USD,WIRE,MER_209,BEN_577,DEV_830,db45800d487a786b,"Tokyo, JP",2026-08-31 21:08:06.269031+00:00,0,A
TX14317,USR_1261,ACC_2261,110.1,USD,CARD,MER_338,BEN_725,DEV_289,4d4cf90ee85528e0,"Sydney, AU",2026-08-31 21:09:06.269031+00:00,0,A
TX12809,USR_1263,ACC_2263,50.21,USD,CARD,MER_392,BEN_962,DEV_803,c7e72f84ea95305d,"London, UK",2026-08-31 21:11:06.269031+00:00,0,A
TX11724,USR_1243,ACC_2243,59.87,USD,ACH,MER_209,BEN_695,DEV_687,374dcf84a838dbb4,"Sydney, AU",2026-08-31 21:15:06.269031+00:00,0,A
TX12636,USR_1271,ACC_2271,205.58,USD,CARD,MER_333,BEN_598,DEV_899,c67a1e0a7190f404,"New York, US",2026-08-31 21:15:06.269031+00:00,0,A
TX14419,USR_1269,ACC_2269,41.51,USD,P2P,MER_237,BEN_998,DEV_963,4ce705bd91f4650b,"New York, US",2026-08-31 21:16:06.269031+00:00,0,A
TX11886,USR_1139,ACC_2139,65.66,USD,P2P,MER_223,BEN_763,DEV_420,d3d65ee8b2408bc7,"Tokyo, JP",2026-08-31 21:30:06.269031+00:00,0,A
TX12972,USR_1109,ACC_2109,148.17,USD,WIRE,MER_141,BEN_836,DEV_NEW_2598,53cef7037ed47034,"Tokyo, JP",2026-08-31 21:32:06.269031+00:00,1,B
TX13492,USR_1198,ACC_2198,26.37,USD,CARD,MER_361,BEN_632,DEV_439,e9f7c9e4f8358d4f,"New York, US",2026-08-31 21:33:06.269031+00:00,0,A
TX12001,USR_1273,ACC_2273,5.0,USD,WIRE,MER_297,BEN_514,DEV_700,ead1ba663b08014c,"Tokyo, JP",2026-08-31 21:37:06.269031+00:00,0,A
TX13650,USR_1108,ACC_2108,196.23,USD,WIRE,MER_309,BEN_690,DEV_140,8892758077968628,"Sydney, AU",2026-08-31 21:37:06.269031+00:00,0,A
TX14220,USR_1109,ACC_2109,342.14,USD,WIRE,MER_176,BEN_NEW_8211,DEV_ATO_9539,059676a1c7ed8c90,Unknown / Proxy IP,2026-08-31 21:39:06.269031+00:00,1,C
TX12313,USR_1294,ACC_2294,80.17,USD,WIRE,MER_315,BEN_697,DEV_481,c6bb668bbeb4bf8e,"Sydney, AU",2026-08-31 21:41:06.269031+00:00,0,A
TX14310,USR_1126,ACC_2126,86.48,USD,P2P,MER_121,BEN_585,DEV_181,5f77f6179e67d445,"Sydney, AU",2026-08-31 21:51:06.269031+00:00,0,A
TX13077,USR_1136,ACC_2136,72.87,USD,CARD,MER_272,BEN_803,DEV_228,e687ecdb5a48d3fd,"Toronto, CA",2026-08-31 21:53:06.269031+00:00,0,A
TX11531,USR_1160,ACC_2160,6.16,USD,WIRE,MER_251,BEN_827,DEV_576,337d54f89d9cced9,"Toronto, CA",2026-08-31 21:55:06.269031+00:00,0,A
TX13259,USR_1043,ACC_2043,99.49,USD,ACH,MER_319,BEN_964,DEV_841,a13bd63118e22736,"Toronto, CA",2026-08-31 21:56:06.269031+00:00,0,A
TX14455,USR_1239,ACC_2239,158.65,USD,ACH,MER_267,BEN_927,DEV_192,4fac9047a43ceafc,"Toronto, CA",2026-08-31 21:59:06.269031+00:00,0,A
TX12820,USR_1189,ACC_2189,74.36,USD,P2P,MER_329,BEN_567,DEV_469,d0509ec5865f2372,"Tokyo, JP",2026-08-31 21:59:06.269031+00:00,0,A
TX12996,USR_1298,ACC_2298,127.7,USD,CARD,MER_381,BEN_525,DEV_269,0fd111a4a145066f,"London, UK",2026-08-31 22:07:06.269031+00:00,0,A
TX14030,USR_1284,ACC_2284,1066.99,USD,ACH,MER_109,BEN_926,DEV_NEW_1413,dd17096cb236e923,"New York, US",2026-08-31 22:07:06.269031+00:00,1,B
TX13766,USR_1111,ACC_2111,251.8,USD,WIRE,MER_139,BEN_892,DEV_NEW_5107,6b00b3fa091b36e5,"London, UK",2026-08-31 22:07:06.269031+00:00,1,B
TX13174,USR_1095,ACC_2095,134.22,USD,ACH,MER_192,BEN_639,DEV_723,47dee88f32dc4e73,"Tokyo, JP",2026-08-31 22:17:06.269031+00:00,0,A
TX14326,USR_1177,ACC_2177,89.77,USD,ACH,MER_251,BEN_633,DEV_523,2d9eae9ad589ed38,"London, UK",2026-08-31 22:19:06.269031+00:00,0,A
TX12362,USR_1208,ACC_2208,62.49,USD,CARD,MER_389,BEN_647,DEV_914,bf683377a3f8fe47,"Tokyo, JP",2026-08-31 22:19:06.269031+00:00,0,A
TX14913,USR_1161,ACC_2161,112.04,USD,CARD,MER_211,BEN_922,DEV_565,67c9e296ad6a0f6a,"Sydney, AU",2026-08-31 22:20:06.269031+00:00,0,A
TX13284,USR_1085,ACC_2085,120.31,USD,ACH,MER_210,BEN_891,DEV_905,d15e8c587f1dd67a,"Toronto, CA",2026-08-31 22:42:06.269031+00:00,0,A
TX13122,USR_1037,ACC_2037,107.15,USD,CARD,MER_154,BEN_835,DEV_744,9f3f7703a4677692,"Sydney, AU",2026-08-31 22:42:06.269031+00:00,0,A
TX13685,USR_1044,ACC_2044,170.43,USD,WIRE,MER_229,BEN_672,DEV_151,57b5ef6ca2f69bab,"Sydney, AU",2026-08-31 22:43:06.269031+00:00,0,A
TX13902,USR_1000,ACC_2000,116.07,USD,P2P,MER_115,BEN_846,DEV_125,848df14feec37bf9,"London, UK",2026-08-31 22:46:06.269031+00:00,0,A
TX14115,USR_1154,ACC_2154,444.17,USD,P2P,MER_344,BEN_743,DEV_NEW_6631,369cfc7051bf1120,"London, UK",2026-08-31 22:48:06.269031+00:00,1,B
TX13107,USR_1193,ACC_2193,182.97,USD,P2P,MER_345,BEN_653,DEV_550,e4ba75bf79fdcb04,"Toronto, CA",2026-08-31 22:51:06.269031+00:00,0,A
TX11874,USR_1243,ACC_2243,56.52,USD,WIRE,MER_281,BEN_849,DEV_687,3ff853a1c744a0b6,"Sydney, AU",2026-08-31 22:52:06.269031+00:00,0,A
TX11725,USR_1063,ACC_2063,101.15,USD,P2P,MER_353,BEN_843,DEV_699,553ed483ad5e1493,"New York, US",2026-08-31 22:56:06.269031+00:00,0,A
TX13036,USR_1026,ACC_2026,124.68,USD,P2P,MER_182,BEN_634,DEV_749,644cd2e14ee2c85b,"New York, US",2026-08-31 22:59:06.269031+00:00,0,A
TX12741,USR_1054,ACC_2054,64.19,USD,CARD,MER_254,BEN_926,DEV_321,99ea77d9ff8fe312,"Toronto, CA",2026-08-31 23:00:06.269031+00:00,0,A
TX14979,USR_1146,ACC_2146,112.22,USD,P2P,MER_156,BEN_743,DEV_444,c33c25d83dc44ad3,"Sydney, AU",2026-08-31 23:02:06.269031+00:00,0,A
TX14669,USR_1275,ACC_2275,156.06,USD,CARD,MER_229,BEN_936,DEV_358,ca3268b5ffd16cb7,"Tokyo, JP",2026-08-31 23:05:06.269031+00:00,0,A
TX13370,USR_1293,ACC_2293,68.36,USD,P2P,MER_268,BEN_936,DEV_218,aebc04d764177518,"New York, US",2026-08-31 23:07:06.269031+00:00,0,A
TX14433,USR_1223,ACC_2223,217.56,USD,P2P,MER_391,BEN_698,DEV_708,df97912a7c965b5f,"New York, US",2026-08-31 23:08:06.269031+00:00,0,A
TX14333,USR_1288,ACC_2288,139.34,USD,ACH,MER_178,BEN_694,DEV_769,6da18eb3006706c0,"New York, US",2026-08-31 23:20:06.269031+00:00,0,A
TX12774,USR_1282,ACC_2282,113.57,USD,ACH,MER_129,BEN_670,DEV_423,d3d65ee8b2408bc7,"New York, US",2026-08-31 23:21:06.269031+00:00,0,A
TX14202,USR_1248,ACC_2248,5.0,USD,P2P,MER_280,BEN_860,DEV_280,aed85343eab6ce68,"Tokyo, JP",2026-08-31 23:25:06.269031+00:00,0,A
TX14815,USR_1222,ACC_2222,134.26,USD,P2P,MER_223,BEN_830,DEV_630,0320c343468f3a66,"Sydney, AU",2026-08-31 23:25:06.269031+00:00,0,A
TX14747,USR_1239,ACC_2239,74.0,USD,P2P,MER_175,BEN_927,DEV_192,4fac9047a43ceafc,"Toronto, CA",2026-08-31 23:26:06.269031+00:00,0,A
TX12653,USR_1084,ACC_2084,30.13,USD,ACH,MER_110,BEN_641,DEV_975,0f2642a2d4f0e8ea,"Tokyo, JP",2026-08-31 23:27:06.269031+00:00,0,A
TX14187,USR_1291,ACC_2291,137.51,USD,ACH,MER_146,BEN_545,DEV_804,07e6b2518940233a,"New York, US",2026-08-31 23:28:06.269031+00:00,0,A
TX11499,USR_1101,ACC_2101,93.53,USD,ACH,MER_158,BEN_827,DEV_570,9ad7f3c439662655,"Toronto, CA",2026-08-31 23:31:06.269031+00:00,0,A
TX14650,USR_1215,ACC_2215,38.2,USD,CARD,MER_123,BEN_672,DEV_539,9946a0232d0af45c,"Tokyo, JP",2026-08-31 23:32:06.269031+00:00,0,A
TX13102,USR_1009,ACC_2009,46.47,USD,ACH,MER_374,BEN_953,DEV_357,f95917160c8c9e2a,"New York, US",2026-08-31 23:32:06.269031+00:00,0,A
TX13430,USR_1190,ACC_2190,156.36,USD,ACH,MER_298,BEN_942,DEV_205,3862c4777cb683d4,"Toronto, CA",2026-08-31 23:38:06.269031+00:00,0,A
TX12968,USR_1259,ACC_2259,54.53,USD,P2P,MER_345,BEN_501,DEV_198,9a6601d20f581d5c,"Sydney, AU",2026-08-31 23:41:06.269031+00:00,0,A
TX14265,USR_1015,ACC_2015,82.77,USD,CARD,MER_342,BEN_951,DEV_626,5457ab5de7f73ba3,"London, UK",2026-08-31 23:44:06.269031+00:00,0,A
TX14498,USR_1049,ACC_2049,64.93,USD,CARD,MER_237,BEN_874,DEV_545,e6501bb34f10bbec,"Tokyo, JP",2026-08-31 23:46:06.269031+00:00,0,A
TX14761,USR_1216,ACC_2216,178.99,USD,WIRE,MER_319,BEN_733,DEV_741,90c7e4613d1238b2,"New York, US",2026-08-31 23:47:06.269031+00:00,0,A
TX13487,USR_1075,ACC_2075,159.2,USD,ACH,MER_326,BEN_580,DEV_572,48d2d61592213dad,"New York, US",2026-09-01 00:03:06.269031+00:00,0,A
TX12157,USR_1147,ACC_2147,173.12,USD,WIRE,MER_175,BEN_869,DEV_711,aad4dc93bf3e811d,"Toronto, CA",2026-09-01 00:03:06.269031+00:00,0,A
TX13641,USR_1285,ACC_2285,105.48,USD,ACH,MER_248,BEN_523,DEV_205,f508248cccfe83c8,"London, UK",2026-09-01 00:10:06.269031+00:00,0,A
TX14410,USR_1151,ACC_2151,209.43,USD,WIRE,MER_302,BEN_793,DEV_424,c1de55ccf4ebef4d,"Tokyo, JP",2026-09-01 00:11:06.269031+00:00,0,A
TX13865,USR_1069,ACC_2069,260.61,USD,ACH,MER_222,BEN_945,DEV_252,ed4b5a832416af09,"Tokyo, JP",2026-09-01 00:22:06.269031+00:00,0,A
TX12936,USR_1189,ACC_2189,52.13,USD,ACH,MER_385,BEN_638,DEV_469,d0509ec5865f2372,"Tokyo, JP",2026-09-01 00:24:06.269031+00:00,0,A
TX14927,USR_1122,ACC_2122,30.43,USD,CARD,MER_132,BEN_593,DEV_236,f5a9eef8abf31c92,"London, UK",2026-09-01 00:24:06.269031+00:00,0,A
TX13828,USR_1256,ACC_2256,161.95,USD,ACH,MER_110,BEN_731,DEV_459,1ef60236fe347e83,"Toronto, CA",2026-09-01 00:28:06.269031+00:00,0,A
TX13249,USR_1189,ACC_2189,1074.83,USD,WIRE,MER_320,BEN_NEW_8877,DEV_ATO_8341,945440ec15b07c17,Unknown / Proxy IP,2026-09-01 00:30:06.269031+00:00,1,C
TX12273,USR_1007,ACC_2007,153.15,USD,ACH,MER_319,BEN_626,DEV_317,b5ece0cc735b0b5b,"Sydney, AU",2026-09-01 00:32:06.269031+00:00,0,A
TX13491,USR_1267,ACC_2267,101.68,USD,WIRE,MER_306,BEN_748,DEV_648,9d27a1fb075270c8,"Tokyo, JP",2026-09-01 00:36:06.269031+00:00,0,A
TX13917,USR_1158,ACC_2158,55.06,USD,P2P,MER_344,BEN_705,DEV_279,992c28be99efb351,"Sydney, AU",2026-09-01 00:37:06.269031+00:00,0,A
TX13786,USR_1211,ACC_2211,32.51,USD,WIRE,MER_372,BEN_791,DEV_730,83c17ff4daf45ecd,"London, UK",2026-09-01 00:37:06.269031+00:00,0,A
TX12321,USR_1254,ACC_2254,81.13,USD,P2P,MER_271,BEN_993,DEV_244,81d994e1fde62732,"Tokyo, JP",2026-09-01 00:40:06.269031+00:00,0,A
TX11293,USR_1005,ACC_2005,68.11,USD,WIRE,MER_294,BEN_873,DEV_479,18245baac911d82f,"New York, US",2026-09-01 00:45:06.269031+00:00,0,A
TX14402,USR_1090,ACC_2090,120.98,USD,ACH,MER_210,BEN_859,DEV_490,4307ddaed7752a92,"Toronto, CA",2026-09-01 00:45:06.269031+00:00,0,A
TX12935,USR_1042,ACC_2042,97.46,USD,CARD,MER_272,BEN_639,DEV_405,070ff06ec268ff91,"Sydney, AU",2026-09-01 00:46:06.269031+00:00,0,A
TX13159,USR_1002,ACC_2002,126.02,USD,ACH,MER_147,BEN_610,DEV_877,b88369def7f91b96,"Tokyo, JP",2026-09-01 00:46:06.269031+00:00,0,A
TX12600,USR_1060,ACC_2060,88.0,USD,WIRE,MER_391,BEN_572,DEV_535,204afa4b255ccaef,"London, UK",2026-09-01 00:50:06.269031+00:00,0,A
TX14267,USR_1020,ACC_2020,153.76,USD,P2P,MER_134,BEN_760,DEV_151,b5ff272adcc184f7,"Toronto, CA",2026-09-01 00:51:06.269031+00:00,0,A
TX13289,USR_1023,ACC_2023,110.94,USD,WIRE,MER_378,BEN_625,DEV_175,ef68c766279b5ce9,"London, UK",2026-09-01 00:52:06.269031+00:00,0,A
TX12346,USR_1032,ACC_2032,129.05,USD,P2P,MER_395,BEN_960,DEV_211,0bbd6e1752497cd8,"Tokyo, JP",2026-09-01 00:58:06.269031+00:00,0,A
TX10657,USR_1003,ACC_2003,99.0,USD,P2P,MER_382,BEN_972,DEV_452,5fb8c19f162b2fd9,"Sydney, AU",2026-09-01 01:02:06.269031+00:00,0,A
TX13762,USR_1257,ACC_2257,132.01,USD,P2P,MER_115,BEN_982,DEV_175,7e192a1d985ae69e,"London, UK",2026-09-01 01:07:06.269031+00:00,0,A
TX14071,USR_1086,ACC_2086,106.53,USD,WIRE,MER_107,BEN_628,DEV_251,ee2876480c330c83,"Tokyo, JP",2026-09-01 01:08:06.269031+00:00,0,A
TX13579,USR_1076,ACC_2076,5.0,USD,P2P,MER_111,BEN_792,DEV_356,fa4671919fd212bb,"Sydney, AU",2026-09-01 01:10:06.269031+00:00,0,A
TX13345,USR_1286,ACC_2286,76.59,USD,WIRE,MER_109,BEN_964,DEV_NEW_7012,971dc7574aadf36f,"Tokyo, JP",2026-09-01 01:11:06.269031+00:00,0,B
TX12161,USR_1008,ACC_2008,80.15,USD,WIRE,MER_297,BEN_821,DEV_324,e2c63244fb17a1bf,"New York, US",2026-09-01 01:14:06.269031+00:00,0,A
TX13420,USR_1209,ACC_2209,40.74,USD,P2P,MER_152,BEN_889,DEV_686,038309423bd0f69b,"Tokyo, JP",2026-09-01 01:16:06.269031+00:00,0,A
TX13856,USR_1299,ACC_2299,13.66,USD,ACH,MER_118,BEN_881,DEV_570,8bdd36f5ed2bd26b,"New York, US",2026-09-01 01:21:06.269031+00:00,0,A
TX14153,USR_1086,ACC_2086,143.2,USD,CARD,MER_113,BEN_566,DEV_251,ee2876480c330c83,"Tokyo, JP",2026-09-01 01:21:06.269031+00:00,0,A
TX13504,USR_1067,ACC_2067,123.37,USD,P2P,MER_296,BEN_741,DEV_610,d7762f781a7e7f4a,"Tokyo, JP",2026-09-01 01:26:06.269031+00:00,0,A
TX12400,USR_1008,ACC_2008,104.3,USD,CARD,MER_316,BEN_821,DEV_324,e2c63244fb17a1bf,"New York, US",2026-09-01 01:27:06.269031+00:00,0,A
TX11473,USR_1005,ACC_2005,51.35,USD,CARD,MER_183,BEN_773,DEV_479,18245baac911d82f,"New York, US",2026-09-01 01:45:06.269031+00:00,0,A
TX14126,USR_1171,ACC_2171,70.96,USD,ACH,MER_353,BEN_820,DEV_523,5e3e0fd56beb0b68,"Toronto, CA",2026-09-01 01:49:06.269031+00:00,0,A
TX12126,USR_1081,ACC_2081,63.95,USD,CARD,MER_267,BEN_512,DEV_698,54c1bae29c21b64f,"New York, US",2026-09-01 01:51:06.269031+00:00,0,A
TX14025,USR_1280,ACC_2280,79.82,USD,ACH,MER_337,BEN_799,DEV_463,c80da5be8e1c3709,"Sydney, AU",2026-09-01 01:55:06.269031+00:00,0,A
TX12807,USR_1283,ACC_2283,180.49,USD,ACH,MER_319,BEN_814,DEV_690,dbb28b3f2cec6d9a,"New York, US",2026-09-01 01:57:06.269031+00:00,0,A
TX13426,USR_1241,ACC_2241,35.19,USD,WIRE,MER_143,BEN_566,DEV_204,fbd7d4ee4caf9386,"New York, US",2026-09-01 02:00:06.269031+00:00,0,A
TX14302,USR_1166,ACC_2166,168.32,USD,ACH,MER_375,BEN_834,DEV_990,c8ad27d26d0d4858,"Toronto, CA",2026-09-01 02:01:06.269031+00:00,0,A
TX13066,USR_1127,ACC_2127,31.58,USD,WIRE,MER_164,BEN_573,DEV_787,c2be3c3ecfd76072,"London, UK",2026-09-01 02:01:06.269031+00:00,0,A
TX12167,USR_1236,ACC_2236,5.0,USD,ACH,MER_301,BEN_568,DEV_817,d1657b5d33f1bffa,"Toronto, CA",2026-09-01 02:05:06.269031+00:00,0,A
TX13256,USR_1234,ACC_2234,200.51,USD,P2P,MER_271,BEN_825,DEV_106,7e1e719175d63229,"Toronto, CA",2026-09-01 02:06:06.269031+00:00,0,A
TX14348,USR_1069,ACC_2069,100.58,USD,CARD,MER_222,BEN_733,DEV_252,09cef2768190680f,"Tokyo, JP",2026-09-01 02:12:06.269031+00:00,0,A
TX12926,USR_1283,ACC_2283,1036.82,USD,CARD,MER_319,BEN_814,DEV_NEW_9634,dbb28b3f2cec6d9a,"New York, US",2026-09-01 02:12:06.269031+00:00,1,B
TX13093,USR_1079,ACC_2079,117.21,USD,ACH,MER_346,BEN_925,DEV_305,01ccb63b20374c9e,"Tokyo, JP",2026-09-01 02:16:06.269031+00:00,0,A
TX12544,USR_1235,ACC_2235,144.56,USD,WIRE,MER_122,BEN_997,DEV_310,726bb384b3c414ca,"Sydney, AU",2026-09-01 02:18:06.269031+00:00,0,A
TX12450,USR_1051,ACC_2051,105.53,USD,ACH,MER_308,BEN_623,DEV_710,b397558ee799977c,"New York, US",2026-09-01 02:18:06.269031+00:00,0,A
TX14989,USR_1077,ACC_2077,353.45,USD,ACH,MER_228,BEN_926,DEV_NEW_4755,cb99c4f64b0c2e92,"New York, US",2026-09-01 02:19:06.269031+00:00,0,B
TX13585,USR_1178,ACC_2178,64.89,USD,CARD,MER_335,BEN_672,DEV_437,5722f7c9bfecc5d8,"London, UK",2026-09-01 02:19:06.269031+00:00,0,A
TX14635,USR_1186,ACC_2186,118.21,USD,P2P,MER_277,BEN_886,DEV_406,01212de5b81c350b,"Sydney, AU",2026-09-01 02:21:06.269031+00:00,0,A
TX12796,USR_1093,ACC_2093,105.03,USD,P2P,MER_395,BEN_807,DEV_781,fa54c7e2e8ed5049,"New York, US",2026-09-01 02:30:06.269031+00:00,0,A
TX14177,USR_1118,ACC_2118,32.95,USD,CARD,MER_334,BEN_654,DEV_119,3a493d2950689330,"Toronto, CA",2026-09-01 02:34:06.269031+00:00,0,A
TX13715,USR_1162,ACC_2162,151.2,USD,WIRE,MER_326,BEN_576,DEV_179,085f174413030ecf,"Toronto, CA",2026-09-01 02:40:06.269031+00:00,0,A
TX14599,USR_1053,ACC_2053,52.08,USD,WIRE,MER_161,BEN_618,DEV_863,b6ccfe2c28a47580,"Tokyo, JP",2026-09-01 02:42:06.269031+00:00,0,A
TX13278,USR_1231,ACC_2231,63.82,USD,ACH,MER_139,BEN_713,DEV_253,f3e6e6aad46a7ebd,"Toronto, CA",2026-09-01 02:44:06.269031+00:00,0,A
TX13529,USR_1095,ACC_2095,149.1,USD,WIRE,MER_273,BEN_639,DEV_723,0650760e7d900a61,"Tokyo, JP",2026-09-01 02:44:06.269031+00:00,0,A
TX14225,USR_1073,ACC_2073,471.15,USD,WIRE,MER_128,BEN_CAR_DEALER_168,DEV_UPGRADE_3002,58254c0adfed6a9f,"New York, US",2026-09-01 02:54:06.269031+00:00,0,E
TX14479,USR_1069,ACC_2069,198.24,USD,ACH,MER_310,BEN_977,DEV_252,09cef2768190680f,"Tokyo, JP",2026-09-01 02:59:06.269031+00:00,0,A
TX14821,USR_1216,ACC_2216,219.65,USD,P2P,MER_254,BEN_733,DEV_741,119ef96e716612dc,"New York, US",2026-09-01 03:06:06.269031+00:00,0,A
TX14366,USR_1015,ACC_2015,121.65,USD,WIRE,MER_395,BEN_951,DEV_626,5457ab5de7f73ba3,"London, UK",2026-09-01 03:08:06.269031+00:00,0,A
TX12510,USR_1047,ACC_2047,254.71,USD,ACH,MER_161,BEN_538,DEV_692,b8407f9f90f8f46f,"Sydney, AU",2026-09-01 03:13:06.269031+00:00,0,A
TX12746,USR_1289,ACC_2289,127.39,USD,P2P,MER_244,BEN_714,DEV_203,5baf3a00f86a9976,"Toronto, CA",2026-09-01 03:14:06.269031+00:00,0,A
TX13135,USR_1117,ACC_2117,121.44,USD,WIRE,MER_341,BEN_519,DEV_959,f0d3fb6b451af130,"London, UK",2026-09-01 03:15:06.269031+00:00,0,A
TX13351,USR_1088,ACC_2088,84.43,USD,ACH,MER_115,BEN_872,DEV_707,e81465da5a78a239,"Toronto, CA",2026-09-01 03:28:06.269031+00:00,0,A
TX12335,USR_1195,ACC_2195,82.34,USD,ACH,MER_135,BEN_724,DEV_798,b025a857ef22e380,"Sydney, AU",2026-09-01 03:29:06.269031+00:00,0,A
TX12541,USR_1195,ACC_2195,1552.77,USD,WIRE,MER_355,BEN_NEW_9602,DEV_ATO_5950,0819c490ee5c31a3,Unknown / Proxy IP,2026-09-01 03:30:06.269031+00:00,1,C
TX14764,USR_1041,ACC_2041,143.01,USD,WIRE,MER_344,BEN_984,DEV_517,6f38731baa6eaa18,"London, UK",2026-09-01 03:32:06.269031+00:00,0,A
TX13606,USR_1221,ACC_2221,60.05,USD,WIRE,MER_143,BEN_626,DEV_703,2ba65b50195c3319,"Sydney, AU",2026-09-01 03:33:06.269031+00:00,0,A
TX13840,USR_1211,ACC_2211,10.42,USD,WIRE,MER_375,BEN_679,DEV_730,83c17ff4daf45ecd,"London, UK",2026-09-01 03:36:06.269031+00:00,0,A
TX12345,USR_1142,ACC_2142,197.52,USD,P2P,MER_320,BEN_504,DEV_149,bcd8541d04723bde,"Sydney, AU",2026-09-01 03:44:06.269031+00:00,0,A
TX13847,USR_1129,ACC_2129,44.96,USD,WIRE,MER_328,BEN_765,DEV_765,4541428cfc1cd62e,"New York, US",2026-09-01 03:46:06.269031+00:00,0,A
TX14337,USR_1018,ACC_2018,649.69,USD,ACH,MER_294,BEN_609,DEV_NEW_8763,4929ec3e758a0a98,"London, UK",2026-09-01 03:50:06.269031+00:00,1,B
TX14644,USR_1082,ACC_2082,79.13,USD,P2P,MER_169,BEN_559,DEV_518,28af3e505676849d,"New York, US",2026-09-01 03:51:06.269031+00:00,0,A
TX14485,USR_1184,ACC_2184,5.0,USD,CARD,MER_121,BEN_770,DEV_184,856933acc112b8e0,"Tokyo, JP",2026-09-01 03:51:06.269031+00:00,0,A
TX13556,USR_1010,ACC_2010,3359.87,USD,P2P,MER_201,BEN_RING_777,DEV_RING_999,fd5dc3897b156800,"Tokyo, JP",2026-09-01 03:53:06.269031+00:00,1,D
TX12547,USR_1056,ACC_2056,84.45,USD,P2P,MER_137,BEN_751,DEV_551,292e1d1a2fc9ded3,"Tokyo, JP",2026-09-01 03:54:06.269031+00:00,0,A
TX12753,USR_1124,ACC_2124,24.18,USD,ACH,MER_297,BEN_909,DEV_982,6368a1fc6b09e2af,"Tokyo, JP",2026-09-01 03:56:06.269031+00:00,0,A
TX12231,USR_1273,ACC_2273,34.8,USD,WIRE,MER_392,BEN_645,DEV_664,eed32f0aa24bee1c,"Tokyo, JP",2026-09-01 03:57:06.269031+00:00,0,A
TX13313,USR_1180,ACC_2180,98.04,USD,ACH,MER_347,BEN_691,DEV_169,4e3c89636a5903ac,"Toronto, CA",2026-09-01 03:59:06.269031+00:00,0,A
TX12802,USR_1034,ACC_2034,55.69,USD,ACH,MER_307,BEN_715,DEV_782,95848e58ee16c597,"Toronto, CA",2026-09-01 04:06:06.269031+00:00,0,A
TX14296,USR_1006,ACC_2006,9467.09,USD,P2P,MER_208,BEN_RING_777,DEV_RING_999,fd5dc3897b156800,"New York, US",2026-09-01 04:06:06.269031+00:00,1,D
TX12245,USR_1147,ACC_2147,150.81,USD,ACH,MER_294,BEN_869,DEV_711,cc2140b5d86ce2fc,"Toronto, CA",2026-09-01 04:06:06.269031+00:00,0,A
TX13189,USR_1260,ACC_2260,59.23,USD,ACH,MER_378,BEN_559,DEV_126,c2fc49a7af3910a3,"New York, US",2026-09-01 04:08:06.269031+00:00,0,A
TX14519,USR_1172,ACC_2172,62.13,USD,ACH,MER_311,BEN_653,DEV_526,418ca1e6507f5057,"London, UK",2026-09-01 04:09:06.269031+00:00,0,A
TX14058,USR_1257,ACC_2257,179.36,USD,ACH,MER_347,BEN_982,DEV_175,7e192a1d985ae69e,"London, UK",2026-09-01 04:19:06.269031+00:00,0,A
TX13380,USR_1202,ACC_2202,37.02,USD,ACH,MER_319,BEN_877,DEV_916,6479e01d7b163595,"Sydney, AU",2026-09-01 04:29:06.269031+00:00,0,A
TX13450,USR_1268,ACC_2268,81.15,USD,CARD,MER_272,BEN_743,DEV_139,5580895259e008e5,"London, UK",2026-09-01 04:31:06.269031+00:00,0,A
TX13721,USR_1157,ACC_2157,70.92,USD,ACH,MER_107,BEN_831,DEV_971,82338ff02e297db6,"New York, US",2026-09-01 04:32:06.269031+00:00,0,A
TX13964,USR_1111,ACC_2111,44.34,USD,WIRE,MER_170,BEN_985,DEV_620,dc65b42e8044fcc4,"London, UK",2026-09-01 04:37:06.269031+00:00,0,A
TX12123,USR_1064,ACC_2064,153.62,USD,ACH,MER_363,BEN_629,DEV_778,8f4332526fb22e4a,"Sydney, AU",2026-09-01 04:46:06.269031+00:00,0,A
TX13712,USR_1255,ACC_2255,511.05,USD,P2P,MER_314,BEN_CAR_DEALER_163,DEV_UPGRADE_3502,1737b49d2dc116c6,"New York, US",2026-09-01 04:49:06.269031+00:00,0,E
TX14286,USR_1245,ACC_2245,99.99,USD,ACH,MER_345,BEN_910,DEV_240,c234b94963614182,"Toronto, CA",2026-09-01 04:53:06.269031+00:00,0,A
TX13230,USR_1175,ACC_2175,36.06,USD,ACH,MER_222,BEN_809,DEV_316,2f1a03b6b66eb09f,"New York, US",2026-09-01 04:55:06.269031+00:00,0,A
TX13179,USR_1026,ACC_2026,64.82,USD,WIRE,MER_387,BEN_894,DEV_749,4e21fe86b4614f9c,"New York, US",2026-09-01 04:55:06.269031+00:00,0,A
TX14079,USR_1066,ACC_2066,45.01,USD,ACH,MER_215,BEN_708,DEV_745,8e173b21ad577306,"London, UK",2026-09-01 04:55:06.269031+00:00,0,A
TX12947,USR_1249,ACC_2249,190.73,USD,CARD,MER_110,BEN_519,DEV_956,2c441bdc949bccf1,"Sydney, AU",2026-09-01 04:57:06.269031+00:00,0,A
TX14015,USR_1000,ACC_2000,8560.05,USD,P2P,MER_379,BEN_RING_777,DEV_RING_999,fd5dc3897b156800,"London, UK",2026-09-01 04:58:06.269031+00:00,1,D
TX13942,USR_1027,ACC_2027,178.27,USD,P2P,MER_175,BEN_689,DEV_214,1c63c3c47526e1d4,"London, UK",2026-09-01 04:59:06.269031+00:00,0,A
TX13510,USR_1150,ACC_2150,5.0,USD,P2P,MER_206,BEN_626,DEV_645,ef6f595e325406c8,"Tokyo, JP",2026-09-01 05:00:06.269031+00:00,0,A
TX12481,USR_1182,ACC_2182,90.18,USD,P2P,MER_215,BEN_540,DEV_346,a8f4b31a7881bbaf,"Tokyo, JP",2026-09-01 05:00:06.269031+00:00,0,A
TX13156,USR_1060,ACC_2060,92.86,USD,P2P,MER_257,BEN_536,DEV_535,3c49e5003110f2c6,"London, UK",2026-09-01 05:03:06.269031+00:00,0,A
TX13503,USR_1180,ACC_2180,88.52,USD,P2P,MER_347,BEN_841,DEV_169,4e3c89636a5903ac,"Toronto, CA",2026-09-01 05:05:06.269031+00:00,0,A
TX12501,USR_1142,ACC_2142,98.62,USD,CARD,MER_235,BEN_504,DEV_149,bcd8541d04723bde,"Sydney, AU",2026-09-01 05:05:06.269031+00:00,0,A
TX13994,USR_1287,ACC_2287,5.0,USD,ACH,MER_230,BEN_864,DEV_851,30f7004dbb25ffff,"New York, US",2026-09-01 05:09:06.269031+00:00,0,A
TX13374,USR_1024,ACC_2024,109.32,USD,P2P,MER_235,BEN_839,DEV_726,c7a29d5a635cc9d9,"Toronto, CA",2026-09-01 05:14:06.269031+00:00,0,A
TX11857,USR_1013,ACC_2013,152.75,USD,ACH,MER_215,BEN_724,DEV_NEW_7119,a46549e884857643,"Tokyo, JP",2026-09-01 05:16:06.269031+00:00,1,B
TX13451,USR_1241,ACC_2241,65.45,USD,WIRE,MER_400,BEN_921,DEV_923,fbd7d4ee4caf9386,"New York, US",2026-09-01 05:16:06.269031+00:00,0,A
TX14624,USR_1083,ACC_2083,143.63,USD,WIRE,MER_327,BEN_815,DEV_860,8c6fbb422103eaee,"New York, US",2026-09-01 05:17:06.269031+00:00,0,A
TX14464,USR_1018,ACC_2018,169.01,USD,CARD,MER_294,BEN_609,DEV_195,4929ec3e758a0a98,"London, UK",2026-09-01 05:18:06.269031+00:00,0,A
TX13542,USR_1277,ACC_2277,210.76,USD,WIRE,MER_113,BEN_623,DEV_828,0776f8ca060cb5a9,"London, UK",2026-09-01 05:18:06.269031+00:00,0,A
TX13209,USR_1125,ACC_2125,32.8,USD,ACH,MER_320,BEN_910,DEV_608,3bd97ae68c3711b6,"Toronto, CA",2026-09-01 05:20:06.269031+00:00,0,A
TX13493,USR_1117,ACC_2117,92.74,USD,P2P,MER_102,BEN_646,DEV_201,f0d3fb6b451af130,"London, UK",2026-09-01 05:21:06.269031+00:00,0,A
TX13778,USR_1188,ACC_2188,32.31,USD,ACH,MER_142,BEN_908,DEV_290,4ef285a84911ce89,"New York, US",2026-09-01 05:22:06.269031+00:00,0,A
TX14545,USR_1015,ACC_2015,51.65,USD,CARD,MER_342,BEN_978,DEV_626,5457ab5de7f73ba3,"London, UK",2026-09-01 05:23:06.269031+00:00,0,A
TX14757,USR_1021,ACC_2021,134.43,USD,CARD,MER_233,BEN_714,DEV_683,60144cd34ce98fe1,"Toronto, CA",2026-09-01 05:25:06.269031+00:00,0,A
TX13407,USR_1138,ACC_2138,88.73,USD,WIRE,MER_274,BEN_530,DEV_594,8d45592dae9f59a0,"Tokyo, JP",2026-09-01 05:27:06.269031+00:00,0,A
TX12908,USR_1028,ACC_2028,75.15,USD,WIRE,MER_281,BEN_849,DEV_415,2ae2dd1e0363c949,"New York, US",2026-09-01 05:27:06.269031+00:00,0,A
TX12568,USR_1065,ACC_2065,96.05,USD,CARD,MER_167,BEN_889,DEV_155,50f80dd021cf6a7a,"Sydney, AU",2026-09-01 05:28:06.269031+00:00,0,A
TX14180,USR_1277,ACC_2277,2698.72,USD,WIRE,MER_306,BEN_NEW_9547,DEV_ATO_9775,dc3443edf9e91268,Unknown / Proxy IP,2026-09-01 05:29:06.269031+00:00,1,C
TX14648,USR_1184,ACC_2184,24.24,USD,CARD,MER_390,BEN_770,DEV_184,4a1afa885aeef4cc,"Tokyo, JP",2026-09-01 05:30:06.269031+00:00,0,A
TX12015,USR_1243,ACC_2243,51.46,USD,CARD,MER_281,BEN_849,DEV_687,374dcf84a838dbb4,"Sydney, AU",2026-09-01 05:39:06.269031+00:00,0,A
TX13895,USR_1267,ACC_2267,67.29,USD,WIRE,MER_188,BEN_811,DEV_988,9d27a1fb075270c8,"Tokyo, JP",2026-09-01 05:42:06.269031+00:00,0,A
TX14315,USR_1203,ACC_2203,99.28,USD,P2P,MER_374,BEN_946,DEV_385,b36e719e322cc5fc,"New York, US",2026-09-01 05:48:06.269031+00:00,0,A
TX13096,USR_1130,ACC_2130,5.0,USD,WIRE,MER_144,BEN_569,DEV_726,a132455f8aba0763,"London, UK",2026-09-01 05:50:06.269031+00:00,0,A
TX13034,USR_1034,ACC_2034,41.34,USD,WIRE,MER_254,BEN_715,DEV_782,95848e58ee16c597,"Toronto, CA",2026-09-01 06:04:06.269031+00:00,0,A
TX14550,USR_1261,ACC_2261,56.46,USD,P2P,MER_338,BEN_634,DEV_479,4d4cf90ee85528e0,"Sydney, AU",2026-09-01 06:09:06.269031+00:00,0,A
TX12388,USR_1152,ACC_2152,141.66,USD,CARD,MER_239,BEN_882,DEV_394,145d8ecfad10b8a6,"Sydney, AU",2026-09-01 06:11:06.269031+00:00,0,A
TX14639,USR_1230,ACC_2230,48.66,USD,CARD,MER_225,BEN_939,DEV_687,e0b1369be54e04f0,"Toronto, CA",2026-09-01 06:17:06.269031+00:00,0,A
TX12914,USR_1143,ACC_2143,215.98,USD,WIRE,MER_149,BEN_730,DEV_510,d9d3e907738609eb,"Tokyo, JP",2026-09-01 06:17:06.269031+00:00,0,A
TX14803,USR_1240,ACC_2240,92.43,USD,CARD,MER_381,BEN_707,DEV_625,87a1a3b014960188,"London, UK",2026-09-01 06:21:06.269031+00:00,0,A
TX12403,USR_1279,ACC_2279,44.31,USD,P2P,MER_232,BEN_565,DEV_274,98f7d33c8fc726ac,"London, UK",2026-09-01 06:22:06.269031+00:00,0,A
TX13251,USR_1098,ACC_2098,216.32,USD,CARD,MER_156,BEN_558,DEV_534,52fe8baed4ca9e50,"Tokyo, JP",2026-09-01 06:23:06.269031+00:00,0,A
TX12770,USR_1056,ACC_2056,33.24,USD,P2P,MER_177,BEN_558,DEV_551,292e1d1a2fc9ded3,"Tokyo, JP",2026-09-01 06:25:06.269031+00:00,0,A
TX13361,USR_1035,ACC_2035,30.98,USD,ACH,MER_361,BEN_726,DEV_411,ffb021a2722f6a99,"Toronto, CA",2026-09-01 06:28:06.269031+00:00,0,A
TX14174,USR_1046,ACC_2046,92.52,USD,P2P,MER_288,BEN_858,DEV_344,753d8b158f374251,"Toronto, CA",2026-09-01 06:29:06.269031+00:00,0,A
TX11695,USR_1160,ACC_2160,5.0,USD,P2P,MER_288,BEN_853,DEV_576,337d54f89d9cced9,"Toronto, CA",2026-09-01 06:29:06.269031+00:00,0,A
TX14845,USR_1025,ACC_2025,190.12,USD,P2P,MER_235,BEN_824,DEV_378,2488659b8d6070e6,"Tokyo, JP",2026-09-01 06:35:06.269031+00:00,0,A
TX14885,USR_1080,ACC_2080,172.45,USD,WIRE,MER_288,BEN_507,DEV_244,483e41a558764e8a,"Sydney, AU",2026-09-01 06:46:06.269031+00:00,0,A
TX12643,USR_1047,ACC_2047,215.87,USD,WIRE,MER_389,BEN_538,DEV_692,b8407f9f90f8f46f,"Sydney, AU",2026-09-01 06:56:06.269031+00:00,0,A
TX13399,USR_1292,ACC_2292,19.11,USD,WIRE,MER_189,BEN_737,DEV_840,47a7d5c3ae210030,"London, UK",2026-09-01 07:03:06.269031+00:00,0,A
TX12390,USR_1147,ACC_2147,86.08,USD,CARD,MER_294,BEN_798,DEV_711,aad4dc93bf3e811d,"Toronto, CA",2026-09-01 07:04:06.269031+00:00,0,A
TX12468,USR_1048,ACC_2048,72.85,USD,CARD,MER_321,BEN_506,DEV_455,2b9102c1b5c23e99,"New York, US",2026-09-01 07:10:06.269031+00:00,0,A
TX13134,USR_1297,ACC_2297,14.15,USD,P2P,MER_127,BEN_956,DEV_543,7aa269778c11feae,"Tokyo, JP",2026-09-01 07:11:06.269031+00:00,0,A
TX14758,USR_1177,ACC_2177,109.83,USD,WIRE,MER_178,BEN_783,DEV_523,2d9eae9ad589ed38,"London, UK",2026-09-01 07:13:06.269031+00:00,0,A
TX14886,USR_1030,ACC_2030,170.59,USD,WIRE,MER_304,BEN_920,DEV_993,60044722c469d400,"Sydney, AU",2026-09-01 07:20:06.269031+00:00,0,A
TX13233,USR_1259,ACC_2259,93.54,USD,P2P,MER_250,BEN_684,DEV_198,a286ac7c278aa0b4,"Sydney, AU",2026-09-01 07:22:06.269031+00:00,0,A
TX12864,USR_1084,ACC_2084,40.76,USD,ACH,MER_162,BEN_703,DEV_975,0f2642a2d4f0e8ea,"Tokyo, JP",2026-09-01 07:28:06.269031+00:00,0,A
TX12810,USR_1294,ACC_2294,135.67,USD,CARD,MER_185,BEN_927,DEV_481,c6bb668bbeb4bf8e,"Sydney, AU",2026-09-01 07:29:06.269031+00:00,0,A
TX13713,USR_1043,ACC_2043,101.47,USD,P2P,MER_113,BEN_701,DEV_841,a13bd63118e22736,"Toronto, CA",2026-09-01 07:29:06.269031+00:00,0,A
TX14198,USR_1266,ACC_2266,89.6,USD,CARD,MER_398,BEN_557,DEV_112,4c498aec97fa66bb,"Toronto, CA",2026-09-01 07:34:06.269031+00:00,0,A
TX13925,USR_1044,ACC_2044,223.35,USD,ACH,MER_242,BEN_889,DEV_286,57b5ef6ca2f69bab,"Sydney, AU",2026-09-01 07:34:06.269031+00:00,0,A
TX12385,USR_1001,ACC_2001,67.32,USD,WIRE,MER_314,BEN_866,DEV_323,34128ce15708ffd5,"Toronto, CA",2026-09-01 07:39:06.269031+00:00,0,A
TX14065,USR_1130,ACC_2130,65.32,USD,ACH,MER_327,BEN_569,DEV_726,77f41dc0ae42f3da,"London, UK",2026-09-01 07:42:06.269031+00:00,0,A
TX14825,USR_1110,ACC_2110,96.32,USD,P2P,MER_147,BEN_658,DEV_417,4c245ca65429c4d7,"Toronto, CA",2026-09-01 07:45:06.269031+00:00,0,A
TX13665,USR_1167,ACC_2167,5.0,USD,P2P,MER_294,BEN_778,DEV_845,6550e5bfba9b0a52,"New York, US",2026-09-01 07:46:06.269031+00:00,0,A
TX12674,USR_1017,ACC_2017,55.27,USD,ACH,MER_138,BEN_627,DEV_296,8c715aa596b7f198,"Sydney, AU",2026-09-01 07:47:06.269031+00:00,0,A
TX13858,USR_1134,ACC_2134,237.99,USD,WIRE,MER_365,BEN_566,DEV_999,8fa3e619e9acd6ae,"Toronto, CA",2026-09-01 07:53:06.269031+00:00,0,A
TX11638,USR_1185,ACC_2185,164.55,USD,P2P,MER_173,BEN_975,DEV_176,f8fadad8ba4fa2c6,"Toronto, CA",2026-09-01 07:56:06.269031+00:00,0,A
TX14580,USR_1052,ACC_2052,5.0,USD,CARD,MER_342,BEN_797,DEV_558,666c612e2ac1ca57,"Sydney, AU",2026-09-01 07:59:06.269031+00:00,0,A
TX14548,USR_1242,ACC_2242,211.43,USD,WIRE,MER_336,BEN_963,DEV_932,bda908a866f4be63,"Sydney, AU",2026-09-01 08:00:06.269031+00:00,0,A
TX12470,USR_1147,ACC_2147,226.97,USD,ACH,MER_175,BEN_798,DEV_711,cc2140b5d86ce2fc,"Toronto, CA",2026-09-01 08:01:06.269031+00:00,0,A
TX14567,USR_1262,ACC_2262,79.53,USD,CARD,MER_367,BEN_913,DEV_254,571ce0d9dcaaae11,"New York, US",2026-09-01 08:07:06.269031+00:00,0,A
TX14678,USR_1140,ACC_2140,117.32,USD,ACH,MER_267,BEN_961,DEV_353,4af4f4dcf8282d9e,"Sydney, AU",2026-09-01 08:09:06.269031+00:00,0,A
TX14935,USR_1016,ACC_2016,5.0,USD,WIRE,MER_150,BEN_844,DEV_294,faef1aaa3962a0dd,"Sydney, AU",2026-09-01 08:12:06.269031+00:00,0,A
TX14233,USR_1130,ACC_2130,79.26,USD,P2P,MER_137,BEN_569,DEV_726,a132455f8aba0763,"London, UK",2026-09-01 08:15:06.269031+00:00,0,A
TX12274,USR_1290,ACC_2290,77.35,USD,ACH,MER_380,BEN_683,DEV_609,b3203dec1bd8e624,"Tokyo, JP",2026-09-01 08:15:06.269031+00:00,0,A
TX12615,USR_1187,ACC_2187,93.41,USD,P2P,MER_351,BEN_515,DEV_958,a14175d14a3639c0,"Toronto, CA",2026-09-01 08:19:06.269031+00:00,0,A
TX13162,USR_1028,ACC_2028,140.11,USD,WIRE,MER_308,BEN_607,DEV_415,367de0248003677f,"New York, US",2026-09-01 08:22:06.269031+00:00,0,A
TX13936,USR_1024,ACC_2024,184.46,USD,CARD,MER_235,BEN_980,DEV_726,c7a29d5a635cc9d9,"Toronto, CA",2026-09-01 08:24:06.269031+00:00,0,A
TX14210,USR_1079,ACC_2079,116.85,USD,WIRE,MER_346,BEN_584,DEV_279,03e70a2d37a6fbd7,"Tokyo, JP",2026-09-01 08:27:06.269031+00:00,0,A
TX14907,USR_1119,ACC_2119,67.67,USD,WIRE,MER_223,BEN_823,DEV_213,ef4697ab732d72a0,"Toronto, CA",2026-09-01 08:33:06.269031+00:00,0,A
TX14504,USR_1072,ACC_2072,13.75,USD,ACH,MER_377,BEN_820,DEV_809,ee002e7632564a9f,"Tokyo, JP",2026-09-01 08:40:06.269031+00:00,0,A
TX14557,USR_1027,ACC_2027,193.27,USD,ACH,MER_398,BEN_689,DEV_214,ead699ed5e370d8a,"London, UK",2026-09-01 08:52:06.269031+00:00,0,A
TX13961,USR_1129,ACC_2129,70.77,USD,ACH,MER_387,BEN_698,DEV_421,cab280aa6bbedc20,"New York, US",2026-09-01 08:52:06.269031+00:00,0,A
TX13518,USR_1231,ACC_2231,98.91,USD,CARD,MER_139,BEN_614,DEV_283,f3e6e6aad46a7ebd,"Toronto, CA",2026-09-01 08:57:06.269031+00:00,0,A
TX13387,USR_1035,ACC_2035,21.81,USD,P2P,MER_143,BEN_845,DEV_411,ffb021a2722f6a99,"Toronto, CA",2026-09-01 09:01:06.269031+00:00,0,A
TX13525,USR_1251,ACC_2251,12.35,USD,CARD,MER_254,BEN_691,DEV_892,1967d4b96d6bf678,"Tokyo, JP",2026-09-01 09:02:06.269031+00:00,0,A
TX13624,USR_1270,ACC_2270,227.12,USD,CARD,MER_259,BEN_763,DEV_552,1c3a07e244071917,"Sydney, AU",2026-09-01 09:02:06.269031+00:00,0,A
TX14571,USR_1089,ACC_2089,46.29,USD,P2P,MER_264,BEN_541,DEV_967,abe8616dca369737,"Sydney, AU",2026-09-01 09:03:06.269031+00:00,0,A
TX14057,USR_1238,ACC_2238,282.87,USD,ACH,MER_257,BEN_683,DEV_208,9e90958ba683f358,"Sydney, AU",2026-09-01 09:17:06.269031+00:00,0,A
TX14413,USR_1248,ACC_2248,42.12,USD,ACH,MER_388,BEN_858,DEV_280,aed85343eab6ce68,"Tokyo, JP",2026-09-01 09:24:06.269031+00:00,0,A
TX13846,USR_1150,ACC_2150,118.16,USD,WIRE,MER_215,BEN_626,DEV_450,43a67aa88ddfe9a5,"Tokyo, JP",2026-09-01 09:34:06.269031+00:00,0,A
TX13603,USR_1022,ACC_2022,101.77,USD,P2P,MER_137,BEN_843,DEV_785,3c01e3e24c52cd5e,"Sydney, AU",2026-09-01 09:38:06.269031+00:00,0,A
TX14959,USR_1176,ACC_2176,40.12,USD,WIRE,MER_150,BEN_754,DEV_489,922b57721fe4262e,"Tokyo, JP",2026-09-01 09:45:06.269031+00:00,0,A
TX12444,USR_1279,ACC_2279,22.67,USD,ACH,MER_145,BEN_879,DEV_965,98f7d33c8fc726ac,"London, UK",2026-09-01 09:51:06.269031+00:00,0,A
TX13065,USR_1232,ACC_2232,58.91,USD,CARD,MER_244,BEN_705,DEV_614,218257120f7025ad,"London, UK",2026-09-01 09:53:06.269031+00:00,0,A
TX14882,USR_1132,ACC_2132,59.51,USD,WIRE,MER_144,BEN_783,DEV_911,638af4639b73a0ed,"New York, US",2026-09-01 09:53:06.269031+00:00,0,A
TX13470,USR_1202,ACC_2202,9.14,USD,WIRE,MER_330,BEN_877,DEV_916,6479e01d7b163595,"Sydney, AU",2026-09-01 09:57:06.269031+00:00,0,A
TX12658,USR_1142,ACC_2142,128.25,USD,ACH,MER_235,BEN_933,DEV_151,bcd8541d04723bde,"Sydney, AU",2026-09-01 09:58:06.269031+00:00,0,A
TX13372,USR_1125,ACC_2125,29.97,USD,ACH,MER_320,BEN_717,DEV_608,3bd97ae68c3711b6,"Toronto, CA",2026-09-01 10:05:06.269031+00:00,0,A
TX11764,USR_1004,ACC_2004,3702.53,USD,P2P,MER_286,BEN_RING_777,DEV_RING_999,fd5dc3897b156800,"Tokyo, JP",2026-09-01 10:08:06.269031+00:00,1,D
TX14100,USR_1128,ACC_2128,20.65,USD,CARD,MER_287,BEN_690,DEV_492,899e2fbba4cdd118,"London, UK",2026-09-01 10:11:06.269031+00:00,0,A
TX12505,USR_1081,ACC_2081,84.08,USD,WIRE,MER_213,BEN_512,DEV_490,2aad58fdf2327f88,"New York, US",2026-09-01 10:14:06.269031+00:00,0,A
TX12814,USR_1295,ACC_2295,58.37,USD,ACH,MER_294,BEN_791,DEV_964,a64a19e570d11404,"Toronto, CA",2026-09-01 10:15:06.269031+00:00,0,A
TX13703,USR_1012,ACC_2012,7142.23,USD,P2P,MER_381,BEN_RING_777,DEV_RING_999,fd5dc3897b156800,"Toronto, CA",2026-09-01 10:19:06.269031+00:00,1,D
TX13838,USR_1286,ACC_2286,16.53,USD,ACH,MER_216,BEN_985,DEV_544,971dc7574aadf36f,"Tokyo, JP",2026-09-01 10:19:06.269031+00:00,0,A
TX14941,USR_1240,ACC_2240,111.77,USD,P2P,MER_381,BEN_707,DEV_625,ca36ba145e753c8c,"London, UK",2026-09-01 10:21:06.269031+00:00,0,A
TX13452,USR_1298,ACC_2298,115.54,USD,CARD,MER_214,BEN_642,DEV_269,0fd111a4a145066f,"London, UK",2026-09-01 10:25:06.269031+00:00,0,A
TX12498,USR_1048,ACC_2048,85.95,USD,WIRE,MER_154,BEN_506,DEV_455,2b9102c1b5c23e99,"New York, US",2026-09-01 10:31:06.269031+00:00,0,A
TX14443,USR_1212,ACC_2212,5.0,USD,ACH,MER_310,BEN_992,DEV_396,6c2af72bb9543d43,"New York, US",2026-09-01 10:32:06.269031+00:00,0,A
TX13459,USR_1085,ACC_2085,102.47,USD,P2P,MER_210,BEN_535,DEV_905,d15e8c587f1dd67a,"Toronto, CA",2026-09-01 10:45:06.269031+00:00,0,A
TX11070,USR_1011,ACC_2011,5286.96,USD,P2P,MER_257,BEN_RING_777,DEV_RING_999,fd5dc3897b156800,"New York, US",2026-09-01 10:48:06.269031+00:00,1,D
TX14430,USR_1061,ACC_2061,102.17,USD,P2P,MER_321,BEN_955,DEV_579,a8a0e5e079ff595f,"Tokyo, JP",2026-09-01 10:50:06.269031+00:00,0,A
TX14104,USR_1128,ACC_2128,28.89,USD,P2P,MER_393,BEN_727,DEV_470,e116857d689b3cac,"London, UK",2026-09-01 10:51:06.269031+00:00,0,A
TX13410,USR_1070,ACC_2070,5.0,USD,WIRE,MER_357,BEN_920,DEV_425,34aa4d9d426ce603,"Sydney, AU",2026-09-01 10:51:06.269031+00:00,0,A
TX13884,USR_1294,ACC_2294,100.1,USD,WIRE,MER_185,BEN_992,DEV_481,cb3af032c68139db,"Sydney, AU",2026-09-01 10:52:06.269031+00:00,0,A
TX12066,USR_1243,ACC_2243,65.31,USD,P2P,MER_281,BEN_849,DEV_687,3ff853a1c744a0b6,"Sydney, AU",2026-09-01 10:53:06.269031+00:00,0,A
TX13660,USR_1198,ACC_2198,5.0,USD,P2P,MER_394,BEN_632,DEV_870,e9f7c9e4f8358d4f,"New York, US",2026-09-01 10:57:06.269031+00:00,0,A
TX13403,USR_1145,ACC_2145,74.92,USD,WIRE,MER_301,BEN_810,DEV_830,c615bf10c0f6ef80,"Sydney, AU",2026-09-01 10:59:06.269031+00:00,0,A
TX14022,USR_1150,ACC_2150,82.76,USD,WIRE,MER_206,BEN_990,DEV_450,43a67aa88ddfe9a5,"Tokyo, JP",2026-09-01 11:01:06.269031+00:00,0,A
TX13684,USR_1217,ACC_2217,85.48,USD,WIRE,MER_146,BEN_702,DEV_195,e7d64b667c42d07d,"London, UK",2026-09-01 11:02:06.269031+00:00,0,A
TX13265,USR_1175,ACC_2175,286.23,USD,WIRE,MER_382,BEN_624,DEV_NEW_8688,15bf1c91432da6c2,"New York, US",2026-09-01 11:02:06.269031+00:00,1,B
TX12540,USR_1244,ACC_2244,118.23,USD,CARD,MER_131,BEN_755,DEV_386,fcc47ac65be5665e,"Toronto, CA",2026-09-01 11:05:06.269031+00:00,0,A
TX14590,USR_1106,ACC_2106,46.87,USD,CARD,MER_296,BEN_942,DEV_417,6549d2c87e6aa66a,"Tokyo, JP",2026-09-01 11:07:06.269031+00:00,0,A
TX13516,USR_1075,ACC_2075,95.94,USD,ACH,MER_276,BEN_647,DEV_572,7a29d09e4d3a3ef7,"New York, US",2026-09-01 11:08:06.269031+00:00,0,A
TX13180,USR_1136,ACC_2136,84.88,USD,ACH,MER_388,BEN_803,DEV_228,e687ecdb5a48d3fd,"Toronto, CA",2026-09-01 11:17:06.269031+00:00,0,A
TX12868,USR_1124,ACC_2124,71.23,USD,CARD,MER_325,BEN_688,DEV_899,6368a1fc6b09e2af,"Tokyo, JP",2026-09-01 11:17:06.269031+00:00,0,A
TX12923,USR_1143,ACC_2143,207.52,USD,ACH,MER_149,BEN_758,DEV_146,4ae101e33ed41f66,"Tokyo, JP",2026-09-01 11:18:06.269031+00:00,0,A
TX13210,USR_1227,ACC_2227,540.84,USD,WIRE,MER_105,BEN_CAR_DEALER_191,DEV_UPGRADE_3871,d402ea784b1d456b,"London, UK",2026-09-01 11:18:06.269031+00:00,0,E
TX12551,USR_1254,ACC_2254,110.53,USD,CARD,MER_145,BEN_825,DEV_439,ce7d41e693885b0f,"Tokyo, JP",2026-09-01 11:23:06.269031+00:00,0,A
TX13859,USR_1259,ACC_2259,91.04,USD,ACH,MER_345,BEN_501,DEV_198,9a6601d20f581d5c,"Sydney, AU",2026-09-01 11:24:06.269031+00:00,0,A
TX14196,USR_1158,ACC_2158,5.0,USD,ACH,MER_344,BEN_544,DEV_279,992c28be99efb351,"Sydney, AU",2026-09-01 11:29:06.269031+00:00,0,A
TX14823,USR_1288,ACC_2288,105.42,USD,P2P,MER_342,BEN_727,DEV_769,6da18eb3006706c0,"New York, US",2026-09-01 11:35:06.269031+00:00,0,A
TX14611,USR_1143,ACC_2143,252.0,USD,ACH,MER_381,BEN_537,DEV_510,4ae101e33ed41f66,"Tokyo, JP",2026-09-01 11:42:06.269031+00:00,0,A
TX13695,USR_1156,ACC_2156,21.17,USD,CARD,MER_245,BEN_652,DEV_290,21ee76f01e88620b,"New York, US",2026-09-01 11:50:06.269031+00:00,0,A
TX14012,USR_1050,ACC_2050,48.02,USD,P2P,MER_232,BEN_935,DEV_868,176a14ccea5b7c33,"Sydney, AU",2026-09-01 11:56:06.269031+00:00,0,A
TX14971,USR_1021,ACC_2021,136.54,USD,CARD,MER_233,BEN_714,DEV_683,54c8e13af5852b70,"Toronto, CA",2026-09-01 12:00:06.269031+00:00,0,A
TX13648,USR_1097,ACC_2097,88.92,USD,ACH,MER_180,BEN_526,DEV_478,900cbd71f690a490,"Toronto, CA",2026-09-01 12:00:06.269031+00:00,0,A
TX13367,USR_1253,ACC_2253,82.86,USD,WIRE,MER_262,BEN_994,DEV_281,45f4a1d19d86b658,"Toronto, CA",2026-09-01 12:01:06.269031+00:00,0,A
TX14067,USR_1280,ACC_2280,75.08,USD,ACH,MER_340,BEN_690,DEV_463,b6053954f622ffb5,"Sydney, AU",2026-09-01 12:04:06.269031+00:00,0,A
TX13740,USR_1074,ACC_2074,85.69,USD,P2P,MER_354,BEN_812,DEV_541,167806ab11382ccb,"London, UK",2026-09-01 12:06:06.269031+00:00,0,A
TX14861,USR_1114,ACC_2114,128.07,USD,WIRE,MER_314,BEN_695,DEV_955,c9dd0282c5c3f36e,"Sydney, AU",2026-09-01 12:10:06.269031+00:00,0,A
TX13169,USR_1147,ACC_2147,798.35,USD,P2P,MER_294,BEN_CAR_DEALER_133,DEV_UPGRADE_3423,aad4dc93bf3e811d,"Toronto, CA",2026-09-01 12:14:06.269031+00:00,0,E
TX14668,USR_1269,ACC_2269,55.64,USD,P2P,MER_264,BEN_998,DEV_963,4ce705bd91f4650b,"New York, US",2026-09-01 12:14:06.269031+00:00,0,A
TX12680,USR_1142,ACC_2142,178.54,USD,WIRE,MER_306,BEN_504,DEV_149,bcd8541d04723bde,"Sydney, AU",2026-09-01 12:15:06.269031+00:00,0,A
TX13173,USR_1205,ACC_2205,694.57,USD,CARD,MER_170,BEN_698,DEV_NEW_6257,4d66e8ede2b3dfa5,"London, UK",2026-09-01 12:30:06.269031+00:00,1,B
TX11856,USR_1101,ACC_2101,92.48,USD,WIRE,MER_307,BEN_707,DEV_570,9ad7f3c439662655,"Toronto, CA",2026-09-01 12:30:06.269031+00:00,0,A
TX13799,USR_1098,ACC_2098,220.18,USD,CARD,MER_156,BEN_558,DEV_534,52fe8baed4ca9e50,"Tokyo, JP",2026-09-01 12:44:06.269031+00:00,0,A
TX13062,USR_1042,ACC_2042,53.85,USD,ACH,MER_272,BEN_749,DEV_405,4deedbb583918fca,"Sydney, AU",2026-09-01 12:53:06.269031+00:00,0,A
TX13593,USR_1075,ACC_2075,95.56,USD,WIRE,MER_137,BEN_961,DEV_572,48d2d61592213dad,"New York, US",2026-09-01 13:02:06.269031+00:00,0,A
TX13948,USR_1250,ACC_2250,55.74,USD,ACH,MER_175,BEN_910,DEV_439,8bc5ca6f1c58f90a,"London, UK",2026-09-01 13:04:06.269031+00:00,0,A
TX13554,USR_1180,ACC_2180,45.32,USD,CARD,MER_349,BEN_530,DEV_169,d33c733d20cd7646,"Toronto, CA",2026-09-01 13:04:06.269031+00:00,0,A
TX13343,USR_1189,ACC_2189,129.23,USD,CARD,MER_320,BEN_638,DEV_424,a15c24663e9716f9,"Tokyo, JP",2026-09-01 13:08:06.269031+00:00,0,A
TX14438,USR_1061,ACC_2061,74.06,USD,P2P,MER_113,BEN_806,DEV_579,a8a0e5e079ff595f,"Tokyo, JP",2026-09-01 13:13:06.269031+00:00,0,A
TX13803,USR_1056,ACC_2056,88.7,USD,CARD,MER_395,BEN_533,DEV_551,b8d9f40734eb5d68,"Tokyo, JP",2026-09-01 13:18:06.269031+00:00,0,A
TX13584,USR_1116,ACC_2116,124.48,USD,WIRE,MER_291,BEN_527,DEV_193,0afa7d2175280287,"New York, US",2026-09-01 13:18:06.269031+00:00,0,A
TX13604,USR_1253,ACC_2253,68.98,USD,P2P,MER_153,BEN_894,DEV_281,017862b631264848,"Toronto, CA",2026-09-01 13:19:06.269031+00:00,0,A
TX12491,USR_1274,ACC_2274,5.0,USD,ACH,MER_104,BEN_899,DEV_762,04d0d4de5d036722,"Sydney, AU",2026-09-01 13:21:06.269031+00:00,0,A
TX11700,USR_1014,ACC_2014,124.84,USD,P2P,MER_134,BEN_536,DEV_446,30f7004dbb25ffff,"Toronto, CA",2026-09-01 13:31:06.269031+00:00,0,A
TX12365,USR_1032,ACC_2032,130.75,USD,WIRE,MER_395,BEN_810,DEV_211,0bbd6e1752497cd8,"Tokyo, JP",2026-09-01 13:32:06.269031+00:00,0,A
TX13564,USR_1251,ACC_2251,55.47,USD,ACH,MER_400,BEN_691,DEV_892,d319e3b8b7c777d1,"Tokyo, JP",2026-09-01 13:33:06.269031+00:00,0,A
TX12662,USR_1187,ACC_2187,92.45,USD,ACH,MER_351,BEN_896,DEV_958,a14175d14a3639c0,"Toronto, CA",2026-09-01 13:35:06.269031+00:00,0,A
TX14249,USR_1108,ACC_2108,134.85,USD,P2P,MER_298,BEN_686,DEV_140,63da350cf0be46c5,"Sydney, AU",2026-09-01 13:37:06.269031+00:00,0,A
TX12182,USR_1039,ACC_2039,162.63,USD,CARD,MER_366,BEN_826,DEV_661,b60f32873a6a1158,"Sydney, AU",2026-09-01 13:41:06.269031+00:00,0,A
TX14870,USR_1239,ACC_2239,119.51,USD,WIRE,MER_267,BEN_927,DEV_192,4fac9047a43ceafc,"Toronto, CA",2026-09-01 13:49:06.269031+00:00,0,A
TX13520,USR_1190,ACC_2190,57.14,USD,CARD,MER_143,BEN_697,DEV_126,b887672fb3b147e6,"Toronto, CA",2026-09-01 13:50:06.269031+00:00,0,A
TX13415,USR_1088,ACC_2088,51.43,USD,P2P,MER_254,BEN_901,DEV_625,e81465da5a78a239,"Toronto, CA",2026-09-01 13:51:06.269031+00:00,0,A
TX13819,USR_1012,ACC_2012,8941.75,USD,P2P,MER_381,BEN_RING_777,DEV_RING_999,fd5dc3897b156800,"Toronto, CA",2026-09-01 14:00:06.269031+00:00,1,D
TX14518,USR_1267,ACC_2267,23.46,USD,P2P,MER_241,BEN_792,DEV_648,4a5972ea9c44bd37,"Tokyo, JP",2026-09-01 14:02:06.269031+00:00,0,A
TX14713,USR_1203,ACC_2203,161.99,USD,P2P,MER_374,BEN_909,DEV_385,b36e719e322cc5fc,"New York, US",2026-09-01 14:06:06.269031+00:00,0,A
TX12793,USR_1120,ACC_2120,1042.51,USD,CARD,MER_134,BEN_999,DEV_NEW_3525,acf4e5f702d3cb66,"London, UK",2026-09-01 14:18:06.269031+00:00,0,B
TX13307,USR_1297,ACC_2297,117.81,USD,WIRE,MER_358,BEN_CAR_DEALER_167,DEV_UPGRADE_3285,7aa269778c11feae,"Tokyo, JP",2026-09-01 14:23:06.269031+00:00,0,E
TX14038,USR_1284,ACC_2284,218.54,USD,ACH,MER_227,BEN_597,DEV_138,ccbf846be6c6de2e,"New York, US",2026-09-01 14:23:06.269031+00:00,0,A
TX13424,USR_1155,ACC_2155,158.35,USD,P2P,MER_118,BEN_967,DEV_887,ce61f694417a43be,"Toronto, CA",2026-09-01 14:24:06.269031+00:00,0,A
TX14084,USR_1169,ACC_2169,60.02,USD,WIRE,MER_211,BEN_522,DEV_708,3e8b39ef9a3b81ca,"New York, US",2026-09-01 14:28:06.269031+00:00,0,A
TX12056,USR_1063,ACC_2063,164.31,USD,WIRE,MER_182,BEN_678,DEV_699,201c1973492a8659,"New York, US",2026-09-01 14:29:06.269031+00:00,0,A
TX13913,USR_1012,ACC_2012,123.65,USD,P2P,MER_381,BEN_565,DEV_187,e909c29bce6a8450,"Toronto, CA",2026-09-01 14:34:06.269031+00:00,0,A
TX13476,USR_1298,ACC_2298,106.95,USD,CARD,MER_306,BEN_996,DEV_990,0fd111a4a145066f,"London, UK",2026-09-01 14:40:06.269031+00:00,0,A
TX14009,USR_1085,ACC_2085,45.14,USD,P2P,MER_383,BEN_535,DEV_905,d15e8c587f1dd67a,"Toronto, CA",2026-09-01 14:41:06.269031+00:00,0,A
TX12828,USR_1054,ACC_2054,123.58,USD,CARD,MER_254,BEN_551,DEV_321,99ea77d9ff8fe312,"Toronto, CA",2026-09-01 14:42:06.269031+00:00,0,A
TX13057,USR_1137,ACC_2137,143.93,USD,CARD,MER_313,BEN_892,DEV_183,164f8d9a21be4783,"Toronto, CA",2026-09-01 14:49:06.269031+00:00,0,A
TX14122,USR_1200,ACC_2200,636.34,USD,CARD,MER_134,BEN_549,DEV_NEW_6976,0eaf478a35c62952,"London, UK",2026-09-01 14:51:06.269031+00:00,1,B
TX14506,USR_1212,ACC_2212,5.0,USD,CARD,MER_310,BEN_902,DEV_686,ecfbae456439a3ec,"New York, US",2026-09-01 14:53:06.269031+00:00,0,A
TX13146,USR_1137,ACC_2137,2671.73,USD,WIRE,MER_313,BEN_NEW_9355,DEV_ATO_6863,7974fae7438ce6c2,Unknown / Proxy IP,2026-09-01 14:54:06.269031+00:00,1,C
TX14175,USR_1036,ACC_2036,109.12,USD,CARD,MER_112,BEN_575,DEV_627,cea311fcad472a9b,"London, UK",2026-09-01 14:56:06.269031+00:00,0,A
TX13759,USR_1043,ACC_2043,76.83,USD,WIRE,MER_319,BEN_964,DEV_841,ddb6fca6c2d4c785,"Toronto, CA",2026-09-01 14:57:06.269031+00:00,0,A
TX13667,USR_1067,ACC_2067,15.68,USD,P2P,MER_197,BEN_741,DEV_610,d7762f781a7e7f4a,"Tokyo, JP",2026-09-01 15:01:06.269031+00:00,0,A
TX13643,USR_1026,ACC_2026,92.72,USD,ACH,MER_182,BEN_634,DEV_749,644cd2e14ee2c85b,"New York, US",2026-09-01 15:01:06.269031+00:00,0,A
TX12749,USR_1017,ACC_2017,70.49,USD,WIRE,MER_381,BEN_642,DEV_296,12ddf45271aaaaa6,"Sydney, AU",2026-09-01 15:08:06.269031+00:00,0,A
TX13886,USR_1256,ACC_2256,111.68,USD,WIRE,MER_117,BEN_537,DEV_459,1ef60236fe347e83,"Toronto, CA",2026-09-01 15:12:06.269031+00:00,0,A
TX14859,USR_1297,ACC_2297,6.07,USD,CARD,MER_180,BEN_785,DEV_543,1cb62c794d6cfd4e,"Tokyo, JP",2026-09-01 15:15:06.269031+00:00,0,A
TX13653,USR_1076,ACC_2076,50.19,USD,WIRE,MER_251,BEN_554,DEV_356,fa4671919fd212bb,"Sydney, AU",2026-09-01 15:20:06.269031+00:00,0,A
TX13910,USR_1255,ACC_2255,67.33,USD,CARD,MER_185,BEN_524,DEV_355,1737b49d2dc116c6,"New York, US",2026-09-01 15:23:06.269031+00:00,0,A
TX12416,USR_1152,ACC_2152,179.86,USD,ACH,MER_238,BEN_603,DEV_394,bd5e4722f4a3f853,"Sydney, AU",2026-09-01 15:24:06.269031+00:00,0,A
TX13620,USR_1104,ACC_2104,183.6,USD,ACH,MER_190,BEN_588,DEV_938,4945799b02508963,"New York, US",2026-09-01 15:28:06.269031+00:00,0,A
TX13081,USR_1254,ACC_2254,112.41,USD,P2P,MER_105,BEN_825,DEV_244,81d994e1fde62732,"Tokyo, JP",2026-09-01 15:36:06.269031+00:00,0,A
TX12592,USR_1001,ACC_2001,2056.92,USD,P2P,MER_242,BEN_RING_777,DEV_RING_999,fd5dc3897b156800,"Toronto, CA",2026-09-01 15:36:06.269031+00:00,1,D
TX14980,USR_1275,ACC_2275,146.84,USD,ACH,MER_338,BEN_936,DEV_358,ca3268b5ffd16cb7,"Tokyo, JP",2026-09-01 15:36:06.269031+00:00,0,A
TX11074,USR_1011,ACC_2011,88.38,USD,CARD,MER_129,BEN_975,DEV_652,77c76c6de779a4b4,"New York, US",2026-09-01 15:40:06.269031+00:00,0,A
TX13993,USR_1218,ACC_2218,97.79,USD,WIRE,MER_344,BEN_504,DEV_318,55488a4c24a30597,"London, UK",2026-09-01 15:43:06.269031+00:00,0,A
TX12519,USR_1051,ACC_2051,121.72,USD,ACH,MER_384,BEN_868,DEV_710,3e9b67fa112f4e75,"New York, US",2026-09-01 15:48:06.269031+00:00,0,A
TX14261,USR_1133,ACC_2133,61.22,USD,CARD,MER_137,BEN_997,DEV_834,ef76d461bce1b4dc,"Sydney, AU",2026-09-01 15:54:06.269031+00:00,0,A
TX14667,USR_1285,ACC_2285,103.88,USD,P2P,MER_368,BEN_921,DEV_205,647fdc8c126a42c4,"London, UK",2026-09-01 15:59:06.269031+00:00,0,A
TX13168,USR_1271,ACC_2271,1306.99,USD,ACH,MER_129,BEN_CAR_DEALER_193,DEV_UPGRADE_3538,c67a1e0a7190f404,"New York, US",2026-09-01 16:00:06.269031+00:00,0,E
TX14720,USR_1123,ACC_2123,75.52,USD,ACH,MER_342,BEN_763,DEV_144,3c5b2e36fc42544e,"Tokyo, JP",2026-09-01 16:13:06.269031+00:00,0,A
TX12580,USR_1204,ACC_2204,48.97,USD,ACH,MER_143,BEN_558,DEV_368,66517d42729f749a,"Tokyo, JP",2026-09-01 16:16:06.269031+00:00,0,A
TX12901,USR_1263,ACC_2263,50.99,USD,P2P,MER_392,BEN_937,DEV_803,5b50cb1181290aec,"London, UK",2026-09-01 16:20:06.269031+00:00,0,A
TX11960,USR_1101,ACC_2101,147.4,USD,CARD,MER_248,BEN_707,DEV_570,67cd47b2a74e105a,"Toronto, CA",2026-09-01 16:22:06.269031+00:00,0,A
TX13611,USR_1175,ACC_2175,39.2,USD,P2P,MER_264,BEN_860,DEV_115,2f1a03b6b66eb09f,"New York, US",2026-09-01 16:23:06.269031+00:00,0,A
TX13421,USR_1096,ACC_2096,219.36,USD,P2P,MER_210,BEN_882,DEV_679,2de281d9b2a90870,"New York, US",2026-09-01 16:28:06.269031+00:00,0,A
TX14148,USR_1111,ACC_2111,43.84,USD,ACH,MER_215,BEN_892,DEV_620,6b00b3fa091b36e5,"London, UK",2026-09-01 16:28:06.269031+00:00,0,A
TX12564,USR_1152,ACC_2152,153.16,USD,CARD,MER_387,BEN_882,DEV_394,145d8ecfad10b8a6,"Sydney, AU",2026-09-01 16:34:06.269031+00:00,0,A
TX14110,USR_1170,ACC_2170,5.0,USD,CARD,MER_366,BEN_895,DEV_615,f0cd8fb7596faa02,"Toronto, CA",2026-09-01 16:35:06.269031+00:00,0,A
TX13150,USR_1057,ACC_2057,193.81,USD,P2P,MER_319,BEN_897,DEV_187,c45d5c6c769f2b69,"Toronto, CA",2026-09-01 16:40:06.269031+00:00,0,A
TX14373,USR_1169,ACC_2169,63.3,USD,ACH,MER_219,BEN_522,DEV_708,3e8b39ef9a3b81ca,"New York, US",2026-09-01 16:43:06.269031+00:00,0,A
TX11668,USR_1005,ACC_2005,3946.26,USD,P2P,MER_385,BEN_RING_777,DEV_RING_999,fd5dc3897b156800,"New York, US",2026-09-01 16:46:06.269031+00:00,1,D
TX12991,USR_1263,ACC_2263,46.06,USD,ACH,MER_392,BEN_540,DEV_648,5b50cb1181290aec,"London, UK",2026-09-01 16:46:06.269031+00:00,0,A
TX14634,USR_1234,ACC_2234,149.4,USD,P2P,MER_292,BEN_825,DEV_106,7e1e719175d63229,"Toronto, CA",2026-09-01 16:56:06.269031+00:00,0,A
TX13874,USR_1116,ACC_2116,107.21,USD,ACH,MER_114,BEN_691,DEV_193,0afa7d2175280287,"New York, US",2026-09-01 16:58:06.269031+00:00,0,A
TX13971,USR_1012,ACC_2012,6266.61,USD,P2P,MER_381,BEN_RING_777,DEV_RING_999,fd5dc3897b156800,"Toronto, CA",2026-09-01 16:58:06.269031+00:00,1,D
TX14101,USR_1056,ACC_2056,83.24,USD,CARD,MER_395,BEN_705,DEV_590,b8d9f40734eb5d68,"Tokyo, JP",2026-09-01 17:03:06.269031+00:00,0,A
TX13182,USR_1037,ACC_2037,33.89,USD,CARD,MER_154,BEN_852,DEV_744,47d647a2985d1a90,"Sydney, AU",2026-09-01 17:03:06.269031+00:00,0,A
TX12550,USR_1208,ACC_2208,89.01,USD,WIRE,MER_353,BEN_647,DEV_914,bf683377a3f8fe47,"Tokyo, JP",2026-09-01 17:06:06.269031+00:00,0,A
TX14418,USR_1248,ACC_2248,21.87,USD,P2P,MER_172,BEN_858,DEV_280,aed85343eab6ce68,"Tokyo, JP",2026-09-01 17:23:06.269031+00:00,0,A
TX13651,USR_1221,ACC_2221,50.78,USD,ACH,MER_383,BEN_571,DEV_703,2ba65b50195c3319,"Sydney, AU",2026-09-01 17:25:06.269031+00:00,0,A
TX13826,USR_1157,ACC_2157,90.58,USD,P2P,MER_251,BEN_831,DEV_971,82338ff02e297db6,"New York, US",2026-09-01 17:27:06.269031+00:00,0,A
TX12425,USR_1008,ACC_2008,90.69,USD,ACH,MER_132,BEN_578,DEV_470,e2c63244fb17a1bf,"New York, US",2026-09-01 17:31:06.269031+00:00,0,A
TX14136,USR_1105,ACC_2105,44.81,USD,WIRE,MER_128,BEN_740,DEV_678,07270622312de951,"Tokyo, JP",2026-09-01 17:33:06.269031+00:00,0,A
TX14614,USR_1130,ACC_2130,48.45,USD,P2P,MER_188,BEN_936,DEV_726,77f41dc0ae42f3da,"London, UK",2026-09-01 17:36:06.269031+00:00,0,A
TX12222,USR_1064,ACC_2064,134.96,USD,WIRE,MER_159,BEN_661,DEV_778,4db1862dd0e40d19,"Sydney, AU",2026-09-01 17:37:06.269031+00:00,0,A
TX10835,USR_1003,ACC_2003,112.17,USD,ACH,MER_293,BEN_998,DEV_967,5fb8c19f162b2fd9,"Sydney, AU",2026-09-01 17:40:06.269031+00:00,0,A
TX14319,USR_1154,ACC_2154,87.65,USD,CARD,MER_202,BEN_949,DEV_105,369cfc7051bf1120,"London, UK",2026-09-01 17:47:06.269031+00:00,0,A
TX13588,USR_1028,ACC_2028,79.81,USD,CARD,MER_386,BEN_607,DEV_415,367de0248003677f,"New York, US",2026-09-01 17:49:06.269031+00:00,0,A
TX12821,USR_1185,ACC_2185,182.66,USD,ACH,MER_206,BEN_591,DEV_147,f8fadad8ba4fa2c6,"Toronto, CA",2026-09-01 17:50:06.269031+00:00,0,A
TX14019,USR_1270,ACC_2270,200.17,USD,WIRE,MER_133,BEN_763,DEV_552,3631663658218087,"Sydney, AU",2026-09-01 17:58:06.269031+00:00,0,A
TX14243,USR_1086,ACC_2086,119.04,USD,WIRE,MER_107,BEN_776,DEV_892,21cf3e421285e1fa,"Tokyo, JP",2026-09-01 18:02:06.269031+00:00,0,A
TX13677,USR_1178,ACC_2178,90.54,USD,WIRE,MER_186,BEN_850,DEV_437,7a1f096984df4b45,"London, UK",2026-09-01 18:04:06.269031+00:00,0,A
TX13901,USR_1156,ACC_2156,66.21,USD,WIRE,MER_332,BEN_790,DEV_290,21ee76f01e88620b,"New York, US",2026-09-01 18:06:06.269031+00:00,0,A
TX13749,USR_1031,ACC_2031,74.79,USD,WIRE,MER_233,BEN_669,DEV_385,ee85905019f3301c,"Tokyo, JP",2026-09-01 18:08:06.269031+00:00,0,A
TX12326,USR_1273,ACC_2273,5.0,USD,ACH,MER_125,BEN_514,DEV_700,ead1ba663b08014c,"Tokyo, JP",2026-09-01 18:13:06.269031+00:00,0,A
TX14375,USR_1066,ACC_2066,48.79,USD,WIRE,MER_160,BEN_708,DEV_745,722c81b0c225405a,"London, UK",2026-09-01 18:14:06.269031+00:00,0,A
TX14211,USR_1000,ACC_2000,169.96,USD,ACH,MER_316,BEN_846,DEV_125,848df14feec37bf9,"London, UK",2026-09-01 18:25:06.269031+00:00,0,A
TX13478,USR_1209,ACC_2209,15.35,USD,CARD,MER_152,BEN_889,DEV_686,19cd5e10192a7982,"Tokyo, JP",2026-09-01 18:30:06.269031+00:00,0,A
TX14445,USR_1291,ACC_2291,153.03,USD,ACH,MER_156,BEN_545,DEV_804,73383021c91189cd,"New York, US",2026-09-01 18:33:06.269031+00:00,0,A
TX14512,USR_1174,ACC_2174,400.25,USD,P2P,MER_211,BEN_889,DEV_NEW_3904,21166a9c799f8c9a,"New York, US",2026-09-01 18:39:06.269031+00:00,1,B
TX13638,USR_1251,ACC_2251,348.95,USD,P2P,MER_272,BEN_CAR_DEALER_147,DEV_UPGRADE_3836,1967d4b96d6bf678,"Tokyo, JP",2026-09-01 18:40:06.269031+00:00,0,E
TX14862,USR_1082,ACC_2082,166.51,USD,CARD,MER_375,BEN_620,DEV_764,28af3e505676849d,"New York, US",2026-09-01 18:44:06.269031+00:00,0,A
TX14380,USR_1188,ACC_2188,49.13,USD,P2P,MER_178,BEN_626,DEV_542,4ef285a84911ce89,"New York, US",2026-09-01 18:45:06.269031+00:00,0,A
TX13598,USR_1095,ACC_2095,127.06,USD,CARD,MER_103,BEN_639,DEV_723,47dee88f32dc4e73,"Tokyo, JP",2026-09-01 18:46:06.269031+00:00,0,A
TX14554,USR_1165,ACC_2165,164.34,USD,WIRE,MER_192,BEN_646,DEV_654,1c8f363bdf87e8ad,"Sydney, AU",2026-09-01 18:47:06.269031+00:00,0,A
TX13607,USR_1263,ACC_2263,61.88,USD,CARD,MER_357,BEN_653,DEV_803,c7e72f84ea95305d,"London, UK",2026-09-01 18:49:06.269031+00:00,0,A
TX13654,USR_1099,ACC_2099,116.76,USD,ACH,MER_267,BEN_608,DEV_325,a337844e39f0a6d2,"New York, US",2026-09-01 18:49:06.269031+00:00,0,A
TX13977,USR_1035,ACC_2035,47.04,USD,ACH,MER_186,BEN_726,DEV_411,ffb021a2722f6a99,"Toronto, CA",2026-09-01 18:49:06.269031+00:00,0,A
TX14969,USR_1161,ACC_2161,286.69,USD,P2P,MER_328,BEN_775,DEV_565,67c9e296ad6a0f6a,"Sydney, AU",2026-09-01 18:52:06.269031+00:00,0,A
TX13009,USR_1289,ACC_2289,129.38,USD,ACH,MER_361,BEN_925,DEV_777,5baf3a00f86a9976,"Toronto, CA",2026-09-01 18:52:06.269031+00:00,0,A
TX12801,USR_1235,ACC_2235,177.92,USD,ACH,MER_122,BEN_997,DEV_310,1fe9fcc6678ffd0c,"Sydney, AU",2026-09-01 18:53:06.269031+00:00,0,A
TX14070,USR_1250,ACC_2250,86.3,USD,ACH,MER_400,BEN_910,DEV_100,8bc5ca6f1c58f90a,"London, UK",2026-09-01 18:56:06.269031+00:00,0,A
TX13288,USR_1002,ACC_2002,172.98,USD,WIRE,MER_147,BEN_890,DEV_877,33ba68047a42ecd3,"Tokyo, JP",2026-09-01 18:56:06.269031+00:00,0,A
TX14390,USR_1256,ACC_2256,65.86,USD,CARD,MER_250,BEN_537,DEV_659,3c88c3dde07ae353,"Toronto, CA",2026-09-01 18:58:06.269031+00:00,0,A
TX14191,USR_1116,ACC_2116,88.09,USD,ACH,MER_114,BEN_691,DEV_327,0afa7d2175280287,"New York, US",2026-09-01 19:03:06.269031+00:00,0,A
TX13133,USR_1232,ACC_2232,50.92,USD,CARD,MER_338,BEN_988,DEV_614,218257120f7025ad,"London, UK",2026-09-01 19:06:06.269031+00:00,0,A
TX12371,USR_1040,ACC_2040,36.01,USD,P2P,MER_209,BEN_577,DEV_830,3eb4005ac7b49cb1,"Tokyo, JP",2026-09-01 19:09:06.269031+00:00,0,A
TX13108,USR_1112,ACC_2112,76.1,USD,CARD,MER_167,BEN_838,DEV_619,402439e7d7ccfd33,"Toronto, CA",2026-09-01 19:11:06.269031+00:00,0,A
TX14491,USR_1171,ACC_2171,63.3,USD,CARD,MER_295,BEN_718,DEV_523,5e3e0fd56beb0b68,"Toronto, CA",2026-09-01 19:11:06.269031+00:00,0,A
TX14777,USR_1184,ACC_2184,57.11,USD,WIRE,MER_390,BEN_770,DEV_184,4a1afa885aeef4cc,"Tokyo, JP",2026-09-01 19:17:06.269031+00:00,0,A
TX14795,USR_1126,ACC_2126,142.58,USD,ACH,MER_129,BEN_679,DEV_181,7e948913ca4ff0f9,"Sydney, AU",2026-09-01 19:20:06.269031+00:00,0,A
TX13544,USR_1293,ACC_2293,101.34,USD,ACH,MER_324,BEN_570,DEV_856,aebc04d764177518,"New York, US",2026-09-01 19:21:06.269031+00:00,0,A
TX14692,USR_1285,ACC_2285,106.72,USD,P2P,MER_252,BEN_523,DEV_232,647fdc8c126a42c4,"London, UK",2026-09-01 19:22:06.269031+00:00,0,A
TX12402,USR_1236,ACC_2236,5.0,USD,P2P,MER_301,BEN_758,DEV_817,c521e90a1ba7a600,"Toronto, CA",2026-09-01 19:22:06.269031+00:00,0,A
TX13897,USR_1260,ACC_2260,44.83,USD,WIRE,MER_146,BEN_703,DEV_126,c76f81af2463d382,"New York, US",2026-09-01 19:28:06.269031+00:00,0,A
TX13303,USR_1093,ACC_2093,86.78,USD,WIRE,MER_346,BEN_807,DEV_781,6d45d735eff42d6f,"New York, US",2026-09-01 19:37:06.269031+00:00,0,A
TX12290,USR_1007,ACC_2007,76.8,USD,CARD,MER_319,BEN_635,DEV_317,b5ece0cc735b0b5b,"Sydney, AU",2026-09-01 19:38:06.269031+00:00,0,A
TX12853,USR_1152,ACC_2152,143.76,USD,CARD,MER_387,BEN_603,DEV_394,bd5e4722f4a3f853,"Sydney, AU",2026-09-01 19:39:06.269031+00:00,0,A
TX12722,USR_1051,ACC_2051,88.94,USD,ACH,MER_350,BEN_868,DEV_710,3e9b67fa112f4e75,"New York, US",2026-09-01 19:41:06.269031+00:00,0,A
TX14575,USR_1133,ACC_2133,236.33,USD,WIRE,MER_364,BEN_997,DEV_NEW_1825,ef76d461bce1b4dc,"Sydney, AU",2026-09-01 19:48:06.269031+00:00,1,B
TX14090,USR_1113,ACC_2113,881.78,USD,WIRE,MER_329,BEN_645,DEV_NEW_6467,422acfea258515ca,"London, UK",2026-09-01 20:06:06.269031+00:00,0,B
TX13787,USR_1175,ACC_2175,43.03,USD,ACH,MER_382,BEN_624,DEV_316,15bf1c91432da6c2,"New York, US",2026-09-01 20:07:06.269031+00:00,0,A
TX13676,USR_1251,ACC_2251,55.42,USD,CARD,MER_151,BEN_691,DEV_892,1967d4b96d6bf678,"Tokyo, JP",2026-09-01 20:13:06.269031+00:00,0,A
TX14042,USR_1201,ACC_2201,144.03,USD,WIRE,MER_269,BEN_782,DEV_123,91e7767500f47f48,"London, UK",2026-09-01 20:14:06.269031+00:00,0,A
TX11977,USR_1139,ACC_2139,57.42,USD,P2P,MER_154,BEN_763,DEV_420,d3d65ee8b2408bc7,"Tokyo, JP",2026-09-01 20:29:06.269031+00:00,0,A
TX12646,USR_1274,ACC_2274,81.97,USD,WIRE,MER_342,BEN_899,DEV_762,04d0d4de5d036722,"Sydney, AU",2026-09-01 20:30:06.269031+00:00,0,A
TX13031,USR_1040,ACC_2040,31.75,USD,ACH,MER_132,BEN_577,DEV_830,db45800d487a786b,"Tokyo, JP",2026-09-01 20:38:06.269031+00:00,0,A
TX14087,USR_1299,ACC_2299,17.05,USD,CARD,MER_152,BEN_728,DEV_570,8bdd36f5ed2bd26b,"New York, US",2026-09-01 20:40:06.269031+00:00,0,A
TX13454,USR_1205,ACC_2205,110.55,USD,P2P,MER_394,BEN_572,DEV_420,17a963387deb159b,"London, UK",2026-09-01 20:50:06.269031+00:00,0,A
TX14183,USR_1277,ACC_2277,221.19,USD,P2P,MER_171,BEN_891,DEV_828,0776f8ca060cb5a9,"London, UK",2026-09-01 20:50:06.269031+00:00,0,A
TX13408,USR_1125,ACC_2125,59.18,USD,WIRE,MER_320,BEN_542,DEV_608,9d968dc522301427,"Toronto, CA",2026-09-01 20:51:06.269031+00:00,0,A
TX12599,USR_1273,ACC_2273,146.9,USD,WIRE,MER_183,BEN_514,DEV_NEW_5015,eed32f0aa24bee1c,"Tokyo, JP",2026-09-01 20:52:06.269031+00:00,1,B
TX14321,USR_1260,ACC_2260,84.32,USD,CARD,MER_235,BEN_932,DEV_126,c2fc49a7af3910a3,"New York, US",2026-09-01 20:58:06.269031+00:00,0,A
TX13841,USR_1162,ACC_2162,142.84,USD,ACH,MER_326,BEN_576,DEV_179,93b1c2216db49997,"Toronto, CA",2026-09-01 21:01:06.269031+00:00,0,A
TX13275,USR_1060,ACC_2060,99.34,USD,CARD,MER_324,BEN_530,DEV_535,204afa4b255ccaef,"London, UK",2026-09-01 21:13:06.269031+00:00,0,A
TX14135,USR_1076,ACC_2076,64.92,USD,ACH,MER_394,BEN_792,DEV_806,fa4671919fd212bb,"Sydney, AU",2026-09-01 21:20:06.269031+00:00,0,A
TX13125,USR_1193,ACC_2193,171.97,USD,ACH,MER_260,BEN_808,DEV_442,e4ba75bf79fdcb04,"Toronto, CA",2026-09-01 21:23:06.269031+00:00,0,A
TX12962,USR_1054,ACC_2054,92.22,USD,CARD,MER_216,BEN_599,DEV_321,25bcd6ffa38deb1b,"Toronto, CA",2026-09-01 21:24:06.269031+00:00,0,A
TX13647,USR_1104,ACC_2104,182.29,USD,CARD,MER_138,BEN_601,DEV_938,66e643e8a810cdda,"New York, US",2026-09-01 21:27:06.269031+00:00,0,A
TX14363,USR_1000,ACC_2000,6282.1,USD,P2P,MER_116,BEN_RING_777,DEV_RING_999,fd5dc3897b156800,"London, UK",2026-09-01 21:28:06.269031+00:00,1,D
TX13257,USR_1282,ACC_2282,96.13,USD,ACH,MER_102,BEN_823,DEV_246,d3d65ee8b2408bc7,"New York, US",2026-09-01 21:35:06.269031+00:00,0,A
TX13264,USR_1009,ACC_2009,5.0,USD,P2P,MER_274,BEN_953,DEV_641,f95917160c8c9e2a,"New York, US",2026-09-01 21:41:06.269031+00:00,0,A
TX13969,USR_1211,ACC_2211,81.37,USD,WIRE,MER_372,BEN_679,DEV_730,83c17ff4daf45ecd,"London, UK",2026-09-01 21:43:06.269031+00:00,0,A
TX13543,USR_1268,ACC_2268,96.73,USD,CARD,MER_272,BEN_743,DEV_139,520b3672ae9f6d8e,"London, UK",2026-09-01 21:53:06.269031+00:00,0,A
TX13577,USR_1268,ACC_2268,2133.17,USD,WIRE,MER_290,BEN_NEW_9943,DEV_ATO_9842,eb552fc9bdf6b30e,Unknown / Proxy IP,2026-09-01 21:59:06.269031+00:00,1,C
TX14275,USR_1056,ACC_2056,93.07,USD,P2P,MER_127,BEN_705,DEV_590,292e1d1a2fc9ded3,"Tokyo, JP",2026-09-01 22:05:06.269031+00:00,0,A
TX14735,USR_1261,ACC_2261,80.61,USD,ACH,MER_338,BEN_634,DEV_479,4d4cf90ee85528e0,"Sydney, AU",2026-09-01 22:07:06.269031+00:00,0,A
TX14463,USR_1151,ACC_2151,207.15,USD,ACH,MER_276,BEN_846,DEV_591,c1de55ccf4ebef4d,"Tokyo, JP",2026-09-01 22:12:06.269031+00:00,0,A
TX14942,USR_1186,ACC_2186,121.7,USD,WIRE,MER_277,BEN_696,DEV_178,01212de5b81c350b,"Sydney, AU",2026-09-01 22:14:06.269031+00:00,0,A
TX14944,USR_1130,ACC_2130,109.08,USD,P2P,MER_331,BEN_936,DEV_726,a132455f8aba0763,"London, UK",2026-09-01 22:17:06.269031+00:00,0,A
TX14684,USR_1277,ACC_2277,263.56,USD,WIRE,MER_171,BEN_764,DEV_771,0776f8ca060cb5a9,"London, UK",2026-09-01 22:19:06.269031+00:00,0,A
TX14260,USR_1218,ACC_2218,95.09,USD,P2P,MER_344,BEN_918,DEV_318,55488a4c24a30597,"London, UK",2026-09-01 22:30:06.269031+00:00,0,A
TX13691,USR_1189,ACC_2189,79.85,USD,WIRE,MER_385,BEN_638,DEV_424,a15c24663e9716f9,"Tokyo, JP",2026-09-01 22:31:06.269031+00:00,0,A
TX13427,USR_1138,ACC_2138,147.42,USD,P2P,MER_274,BEN_530,DEV_594,895fb4d15f41d577,"Tokyo, JP",2026-09-01 22:32:06.269031+00:00,0,A
TX13015,USR_1283,ACC_2283,201.99,USD,P2P,MER_306,BEN_814,DEV_690,b52082bae5419f55,"New York, US",2026-09-01 22:39:06.269031+00:00,0,A
TX12257,USR_1039,ACC_2039,49.21,USD,P2P,MER_241,BEN_626,DEV_661,51115cee44834188,"Sydney, AU",2026-09-01 22:42:06.269031+00:00,0,A
TX13662,USR_1026,ACC_2026,140.65,USD,P2P,MER_326,BEN_566,DEV_749,644cd2e14ee2c85b,"New York, US",2026-09-01 22:49:06.269031+00:00,0,A
TX12890,USR_1064,ACC_2064,149.45,USD,CARD,MER_363,BEN_629,DEV_510,4db1862dd0e40d19,"Sydney, AU",2026-09-01 22:53:06.269031+00:00,0,A
TX14615,USR_1000,ACC_2000,3911.53,USD,P2P,MER_379,BEN_RING_777,DEV_RING_999,fd5dc3897b156800,"London, UK",2026-09-01 22:55:06.269031+00:00,1,D
TX12561,USR_1208,ACC_2208,74.62,USD,ACH,MER_361,BEN_586,DEV_914,bacf355b63690bcb,"Tokyo, JP",2026-09-01 22:56:06.269031+00:00,0,A
TX13779,USR_1097,ACC_2097,81.51,USD,ACH,MER_125,BEN_526,DEV_478,900cbd71f690a490,"Toronto, CA",2026-09-01 22:57:06.269031+00:00,0,A
TX14276,USR_1073,ACC_2073,30.72,USD,CARD,MER_266,BEN_962,DEV_864,58254c0adfed6a9f,"New York, US",2026-09-01 23:00:06.269031+00:00,0,A
TX13117,USR_1249,ACC_2249,180.12,USD,WIRE,MER_212,BEN_546,DEV_956,2c441bdc949bccf1,"Sydney, AU",2026-09-01 23:01:06.269031+00:00,0,A
TX13793,USR_1254,ACC_2254,101.36,USD,CARD,MER_145,BEN_953,DEV_244,81d994e1fde62732,"Tokyo, JP",2026-09-01 23:06:06.269031+00:00,0,A
TX14242,USR_1118,ACC_2118,75.0,USD,WIRE,MER_124,BEN_556,DEV_119,3a493d2950689330,"Toronto, CA",2026-09-01 23:09:06.269031+00:00,0,A
TX13072,USR_1127,ACC_2127,6.87,USD,ACH,MER_324,BEN_573,DEV_787,d9ec58cb702d403f,"London, UK",2026-09-01 23:34:06.269031+00:00,0,A
TX12225,USR_1101,ACC_2101,138.29,USD,ACH,MER_158,BEN_713,DEV_570,67cd47b2a74e105a,"Toronto, CA",2026-09-01 23:34:06.269031+00:00,0,A
TX13772,USR_1026,ACC_2026,73.95,USD,ACH,MER_326,BEN_894,DEV_749,4e21fe86b4614f9c,"New York, US",2026-09-01 23:35:06.269031+00:00,0,A
TX13590,USR_1117,ACC_2117,103.35,USD,P2P,MER_102,BEN_646,DEV_201,cc37dbb565d122a4,"London, UK",2026-09-01 23:37:06.269031+00:00,0,A
TX14431,USR_1166,ACC_2166,163.78,USD,P2P,MER_370,BEN_678,DEV_990,c8ad27d26d0d4858,"Toronto, CA",2026-09-01 23:42:06.269031+00:00,0,A
TX13683,USR_1125,ACC_2125,37.32,USD,ACH,MER_379,BEN_872,DEV_608,3bd97ae68c3711b6,"Toronto, CA",2026-09-01 23:45:06.269031+00:00,0,A
TX13573,USR_1136,ACC_2136,690.9,USD,P2P,MER_178,BEN_CAR_DEALER_179,DEV_UPGRADE_3454,e687ecdb5a48d3fd,"Toronto, CA",2026-09-01 23:45:06.269031+00:00,0,E
TX14292,USR_1079,ACC_2079,83.57,USD,P2P,MER_346,BEN_967,DEV_305,03e70a2d37a6fbd7,"Tokyo, JP",2026-09-01 23:49:06.269031+00:00,0,A
TX14432,USR_1238,ACC_2238,1974.52,USD,ACH,MER_206,BEN_CAR_DEALER_165,DEV_UPGRADE_3832,9e90958ba683f358,"Sydney, AU",2026-09-01 23:52:06.269031+00:00,0,E
TX14365,USR_1245,ACC_2245,147.42,USD,ACH,MER_295,BEN_822,DEV_492,de4ba9a4b949b1d3,"Toronto, CA",2026-09-01 23:52:06.269031+00:00,0,A
TX13821,USR_1227,ACC_2227,9.26,USD,P2P,MER_277,BEN_506,DEV_564,d402ea784b1d456b,"London, UK",2026-09-01 23:54:06.269031+00:00,0,A
TX13291,USR_1023,ACC_2023,131.27,USD,WIRE,MER_324,BEN_950,DEV_175,ef68c766279b5ce9,"London, UK",2026-09-01 23:57:06.269031+00:00,0,A
TX14213,USR_1043,ACC_2043,468.8,USD,CARD,MER_388,BEN_964,DEV_NEW_4326,ddb6fca6c2d4c785,"Toronto, CA",2026-09-01 23:57:06.269031+00:00,1,B
TX11772,USR_1004,ACC_2004,2398.05,USD,P2P,MER_286,BEN_RING_777,DEV_RING_999,fd5dc3897b156800,"Tokyo, JP",2026-09-02 00:04:06.269031+00:00,1,D
TX12591,USR_1195,ACC_2195,564.32,USD,ACH,MER_171,BEN_724,DEV_NEW_6815,e6d664e190e0dcae,"Sydney, AU",2026-09-02 00:12:06.269031+00:00,1,B
TX14601,USR_1238,ACC_2238,262.54,USD,ACH,MER_337,BEN_774,DEV_208,b8d2d5c142188c1d,"Sydney, AU",2026-09-02 00:14:06.269031+00:00,0,A
TX13644,USR_1241,ACC_2241,447.54,USD,WIRE,MER_290,BEN_566,DEV_NEW_7286,fbd7d4ee4caf9386,"New York, US",2026-09-02 00:26:06.269031+00:00,1,B
TX12861,USR_1047,ACC_2047,224.17,USD,P2P,MER_389,BEN_538,DEV_692,b8407f9f90f8f46f,"Sydney, AU",2026-09-02 00:26:06.269031+00:00,0,A
TX12645,USR_1081,ACC_2081,109.46,USD,CARD,MER_132,BEN_741,DEV_490,54c1bae29c21b64f,"New York, US",2026-09-02 00:26:06.269031+00:00,0,A
TX13613,USR_1010,ACC_2010,75.48,USD,ACH,MER_359,BEN_967,DEV_564,f192cebecb4b1736,"Tokyo, JP",2026-09-02 00:27:06.269031+00:00,0,A
TX14781,USR_1018,ACC_2018,107.34,USD,CARD,MER_130,BEN_748,DEV_195,42b646eb5a141864,"London, UK",2026-09-02 00:43:06.269031+00:00,0,A
TX14807,USR_1230,ACC_2230,199.61,USD,WIRE,MER_123,BEN_522,DEV_687,e0b1369be54e04f0,"Toronto, CA",2026-09-02 00:47:06.269031+00:00,0,A
TX14483,USR_1180,ACC_2180,71.98,USD,P2P,MER_347,BEN_841,DEV_169,4e3c89636a5903ac,"Toronto, CA",2026-09-02 00:48:06.269031+00:00,0,A
TX12836,USR_1063,ACC_2063,60.15,USD,CARD,MER_182,BEN_670,DEV_699,201c1973492a8659,"New York, US",2026-09-02 00:49:06.269031+00:00,0,A
TX12303,USR_1290,ACC_2290,24.06,USD,ACH,MER_182,BEN_709,DEV_609,b3203dec1bd8e624,"Tokyo, JP",2026-09-02 00:52:06.269031+00:00,0,A
TX14809,USR_1261,ACC_2261,5.0,USD,WIRE,MER_215,BEN_725,DEV_479,4d4cf90ee85528e0,"Sydney, AU",2026-09-02 00:53:06.269031+00:00,0,A
TX13113,USR_1127,ACC_2127,37.94,USD,ACH,MER_117,BEN_934,DEV_787,d9ec58cb702d403f,"London, UK",2026-09-02 00:55:06.269031+00:00,0,A
TX12631,USR_1195,ACC_2195,63.34,USD,ACH,MER_255,BEN_649,DEV_798,b025a857ef22e380,"Sydney, AU",2026-09-02 01:03:06.269031+00:00,0,A
TX14884,USR_1177,ACC_2177,107.5,USD,P2P,MER_396,BEN_633,DEV_146,d0954936adb6f994,"London, UK",2026-09-02 01:06:06.269031+00:00,0,A
TX14224,USR_1050,ACC_2050,39.84,USD,P2P,MER_349,BEN_666,DEV_868,176a14ccea5b7c33,"Sydney, AU",2026-09-02 01:16:06.269031+00:00,0,A
TX14160,USR_1263,ACC_2263,52.24,USD,ACH,MER_357,BEN_937,DEV_803,c7e72f84ea95305d,"London, UK",2026-09-02 01:18:06.269031+00:00,0,A
TX14221,USR_1201,ACC_2201,91.51,USD,CARD,MER_269,BEN_764,DEV_123,6c4d778432e31286,"London, UK",2026-09-02 01:30:06.269031+00:00,0,A
TX13163,USR_1235,ACC_2235,138.67,USD,WIRE,MER_122,BEN_997,DEV_310,726bb384b3c414ca,"Sydney, AU",2026-09-02 01:32:06.269031+00:00,0,A
TX12652,USR_1236,ACC_2236,108.86,USD,P2P,MER_131,BEN_568,DEV_NEW_7078,d1657b5d33f1bffa,"Toronto, CA",2026-09-02 01:33:06.269031+00:00,1,B
TX13632,USR_1060,ACC_2060,99.58,USD,ACH,MER_324,BEN_530,DEV_535,3c49e5003110f2c6,"London, UK",2026-09-02 01:36:06.269031+00:00,0,A
TX14925,USR_1015,ACC_2015,75.1,USD,P2P,MER_224,BEN_870,DEV_626,2e61687fd308ee3f,"London, UK",2026-09-02 01:39:06.269031+00:00,0,A
TX13172,USR_1034,ACC_2034,54.9,USD,ACH,MER_189,BEN_715,DEV_782,2a9d9783bdddca1f,"Toronto, CA",2026-09-02 01:39:06.269031+00:00,0,A
TX12734,USR_1051,ACC_2051,97.44,USD,ACH,MER_384,BEN_543,DEV_386,b397558ee799977c,"New York, US",2026-09-02 01:40:06.269031+00:00,0,A
TX14096,USR_1044,ACC_2044,173.9,USD,WIRE,MER_315,BEN_694,DEV_151,57b5ef6ca2f69bab,"Sydney, AU",2026-09-02 01:42:06.269031+00:00,0,A
TX14588,USR_1118,ACC_2118,56.63,USD,P2P,MER_334,BEN_647,DEV_119,3a493d2950689330,"Toronto, CA",2026-09-02 01:46:06.269031+00:00,0,A
TX13405,USR_1023,ACC_2023,97.86,USD,CARD,MER_324,BEN_951,DEV_175,549711726c0cadf1,"London, UK",2026-09-02 01:50:06.269031+00:00,0,A
TX12911,USR_1084,ACC_2084,47.1,USD,CARD,MER_162,BEN_703,DEV_975,1208c228f12bd6c4,"Tokyo, JP",2026-09-02 01:51:06.269031+00:00,0,A
TX11780,USR_1160,ACC_2160,30.79,USD,WIRE,MER_251,BEN_853,DEV_576,337d54f89d9cced9,"Toronto, CA",2026-09-02 01:52:06.269031+00:00,0,A
TX13591,USR_1202,ACC_2202,383.61,USD,WIRE,MER_102,BEN_814,DEV_NEW_5057,9dfdf13e2de836ee,"Sydney, AU",2026-09-02 01:58:06.269031+00:00,0,B
TX13978,USR_1241,ACC_2241,100.58,USD,CARD,MER_290,BEN_601,DEV_204,fbd7d4ee4caf9386,"New York, US",2026-09-02 02:05:06.269031+00:00,0,A
TX14572,USR_1089,ACC_2089,5.0,USD,P2P,MER_175,BEN_960,DEV_967,c9dca1b44f1121b5,"Sydney, AU",2026-09-02 02:05:06.269031+00:00,0,A
TX14532,USR_1212,ACC_2212,5.0,USD,P2P,MER_310,BEN_992,DEV_686,ecfbae456439a3ec,"New York, US",2026-09-02 02:06:06.269031+00:00,0,A
TX12879,USR_1065,ACC_2065,93.3,USD,ACH,MER_324,BEN_526,DEV_523,d04e3cabd94c53fe,"Sydney, AU",2026-09-02 02:15:06.269031+00:00,0,A
TX14248,USR_1012,ACC_2012,2884.39,USD,P2P,MER_381,BEN_RING_777,DEV_RING_999,fd5dc3897b156800,"Toronto, CA",2026-09-02 02:20:06.269031+00:00,1,D
TX14587,USR_1027,ACC_2027,175.08,USD,CARD,MER_165,BEN_927,DEV_214,1c63c3c47526e1d4,"London, UK",2026-09-02 02:33:06.269031+00:00,0,A
TX12649,USR_1048,ACC_2048,96.74,USD,P2P,MER_321,BEN_506,DEV_455,2b9102c1b5c23e99,"New York, US",2026-09-02 02:34:06.269031+00:00,0,A
TX14285,USR_1105,ACC_2105,30.4,USD,WIRE,MER_280,BEN_740,DEV_797,07270622312de951,"Tokyo, JP",2026-09-02 02:45:06.269031+00:00,0,A
TX13285,USR_1042,ACC_2042,87.6,USD,WIRE,MER_323,BEN_612,DEV_405,070ff06ec268ff91,"Sydney, AU",2026-09-02 02:46:06.269031+00:00,0,A
TX14274,USR_1060,ACC_2060,86.68,USD,WIRE,MER_324,BEN_536,DEV_535,3c49e5003110f2c6,"London, UK",2026-09-02 02:46:06.269031+00:00,0,A
TX14957,USR_1180,ACC_2180,55.15,USD,CARD,MER_108,BEN_530,DEV_169,d33c733d20cd7646,"Toronto, CA",2026-09-02 02:51:06.269031+00:00,0,A
TX13929,USR_1098,ACC_2098,239.46,USD,P2P,MER_156,BEN_762,DEV_534,52fe8baed4ca9e50,"Tokyo, JP",2026-09-02 02:52:06.269031+00:00,0,A
TX14704,USR_1242,ACC_2242,1014.75,USD,WIRE,MER_162,BEN_933,DEV_NEW_8156,bda908a866f4be63,"Sydney, AU",2026-09-02 02:58:06.269031+00:00,0,B
TX14330,USR_1200,ACC_2200,78.43,USD,P2P,MER_122,BEN_678,DEV_456,0eaf478a35c62952,"London, UK",2026-09-02 03:01:06.269031+00:00,0,A
TX13718,USR_1217,ACC_2217,99.41,USD,WIRE,MER_148,BEN_820,DEV_770,e7d64b667c42d07d,"London, UK",2026-09-02 03:03:06.269031+00:00,0,A
TX11131,USR_1003,ACC_2003,7764.58,USD,P2P,MER_293,BEN_RING_777,DEV_RING_999,fd5dc3897b156800,"Sydney, AU",2026-09-02 03:11:06.269031+00:00,1,D
TX12687,USR_1182,ACC_2182,99.52,USD,CARD,MER_307,BEN_691,DEV_346,6fe60e5021e846bd,"Tokyo, JP",2026-09-02 03:11:06.269031+00:00,0,A
TX12445,USR_1013,ACC_2013,37.67,USD,P2P,MER_364,BEN_724,DEV_652,c113e887aa08ae7f,"Tokyo, JP",2026-09-02 03:29:06.269031+00:00,0,A
TX14763,USR_1171,ACC_2171,46.39,USD,P2P,MER_384,BEN_820,DEV_523,5e3e0fd56beb0b68,"Toronto, CA",2026-09-02 03:29:06.269031+00:00,0,A
TX12684,USR_1001,ACC_2001,75.55,USD,ACH,MER_379,BEN_866,DEV_323,c630a3784351343b,"Toronto, CA",2026-09-02 03:32:06.269031+00:00,0,A
TX14284,USR_1268,ACC_2268,109.12,USD,ACH,MER_255,BEN_743,DEV_505,520b3672ae9f6d8e,"London, UK",2026-09-02 03:34:06.269031+00:00,0,A
TX13915,USR_1136,ACC_2136,78.42,USD,P2P,MER_388,BEN_982,DEV_228,e687ecdb5a48d3fd,"Toronto, CA",2026-09-02 03:36:06.269031+00:00,0,A
TX14312,USR_1299,ACC_2299,12.16,USD,P2P,MER_118,BEN_560,DEV_570,99545487af393e67,"New York, US",2026-09-02 03:36:06.269031+00:00,0,A
TX13619,USR_1147,ACC_2147,138.66,USD,ACH,MER_175,BEN_526,DEV_711,cc2140b5d86ce2fc,"Toronto, CA",2026-09-02 03:37:06.269031+00:00,0,A
TX14340,USR_1006,ACC_2006,2621.81,USD,P2P,MER_305,BEN_RING_777,DEV_RING_999,fd5dc3897b156800,"New York, US",2026-09-02 03:40:06.269031+00:00,1,D
TX14157,USR_1134,ACC_2134,156.93,USD,WIRE,MER_357,BEN_566,DEV_999,8fa3e619e9acd6ae,"Toronto, CA",2026-09-02 03:46:06.269031+00:00,0,A
TX14843,USR_1151,ACC_2151,206.9,USD,CARD,MER_174,BEN_562,DEV_591,b48b3f861a1e313c,"Tokyo, JP",2026-09-02 03:54:06.269031+00:00,0,A
TX13498,USR_1298,ACC_2298,208.02,USD,CARD,MER_220,BEN_759,DEV_990,77f386399a2800ee,"London, UK",2026-09-02 03:57:06.269031+00:00,0,A
TX12301,USR_1101,ACC_2101,163.24,USD,ACH,MER_110,BEN_793,DEV_570,67cd47b2a74e105a,"Toronto, CA",2026-09-02 03:59:06.269031+00:00,0,A
TX14083,USR_1129,ACC_2129,58.91,USD,WIRE,MER_160,BEN_765,DEV_421,4541428cfc1cd62e,"New York, US",2026-09-02 04:04:06.269031+00:00,0,A
TX11701,USR_1014,ACC_2014,109.51,USD,ACH,MER_217,BEN_536,DEV_446,f808d0e331397ae0,"Toronto, CA",2026-09-02 04:06:06.269031+00:00,0,A
TX14166,USR_1128,ACC_2128,97.92,USD,ACH,MER_371,BEN_690,DEV_492,e116857d689b3cac,"London, UK",2026-09-02 04:06:06.269031+00:00,0,A
TX14528,USR_1128,ACC_2128,842.13,USD,WIRE,MER_139,BEN_NEW_8011,DEV_ATO_9898,46797f753fd686c5,Unknown / Proxy IP,2026-09-02 04:07:06.269031+00:00,1,C
TX14116,USR_1257,ACC_2257,151.91,USD,CARD,MER_147,BEN_982,DEV_175,891555760069fa87,"London, UK",2026-09-02 04:12:06.269031+00:00,0,A
TX12459,USR_1013,ACC_2013,5598.24,USD,P2P,MER_226,BEN_RING_777,DEV_RING_999,fd5dc3897b156800,"Tokyo, JP",2026-09-02 04:18:06.269031+00:00,1,D
TX13952,USR_1026,ACC_2026,102.87,USD,CARD,MER_382,BEN_894,DEV_749,4e21fe86b4614f9c,"New York, US",2026-09-02 04:24:06.269031+00:00,0,A
TX13381,USR_1120,ACC_2120,183.58,USD,WIRE,MER_378,BEN_999,DEV_729,6e6312055dcf2184,"London, UK",2026-09-02 04:25:06.269031+00:00,0,A
TX14909,USR_1269,ACC_2269,13.9,USD,WIRE,MER_313,BEN_568,DEV_387,f73871d4716ca547,"New York, US",2026-09-02 04:26:06.269031+00:00,0,A
TX12280,USR_1139,ACC_2139,59.07,USD,WIRE,MER_263,BEN_566,DEV_420,d3d65ee8b2408bc7,"Tokyo, JP",2026-09-02 04:29:06.269031+00:00,0,A
TX13764,USR_1167,ACC_2167,13.77,USD,CARD,MER_217,BEN_868,DEV_845,b9416ceca6a04ceb,"New York, US",2026-09-02 04:33:06.269031+00:00,0,A
TX13693,USR_1138,ACC_2138,124.1,USD,P2P,MER_337,BEN_580,DEV_350,8d45592dae9f59a0,"Tokyo, JP",2026-09-02 04:38:06.269031+00:00,0,A
TX11788,USR_1005,ACC_2005,2342.78,USD,P2P,MER_294,BEN_RING_777,DEV_RING_999,fd5dc3897b156800,"New York, US",2026-09-02 04:39:06.269031+00:00,1,D
TX13279,USR_1034,ACC_2034,70.98,USD,CARD,MER_307,BEN_598,DEV_782,95848e58ee16c597,"Toronto, CA",2026-09-02 04:51:06.269031+00:00,0,A
TX13946,USR_1138,ACC_2138,135.94,USD,WIRE,MER_347,BEN_537,DEV_594,895fb4d15f41d577,"Tokyo, JP",2026-09-02 04:51:06.269031+00:00,0,A
TX14693,USR_1169,ACC_2169,103.5,USD,P2P,MER_324,BEN_705,DEV_708,3f124d1fb7b436f7,"New York, US",2026-09-02 04:53:06.269031+00:00,0,A
TX14577,USR_1280,ACC_2280,103.79,USD,P2P,MER_398,BEN_633,DEV_463,b6053954f622ffb5,"Sydney, AU",2026-09-02 04:55:06.269031+00:00,0,A
TX13763,USR_1075,ACC_2075,140.25,USD,ACH,MER_253,BEN_961,DEV_572,7a29d09e4d3a3ef7,"New York, US",2026-09-02 04:55:06.269031+00:00,0,A
TX14750,USR_1022,ACC_2022,570.14,USD,P2P,MER_334,BEN_843,DEV_NEW_1825,3c01e3e24c52cd5e,"Sydney, AU",2026-09-02 04:58:06.269031+00:00,1,B
TX14178,USR_1294,ACC_2294,117.62,USD,WIRE,MER_167,BEN_927,DEV_481,c6bb668bbeb4bf8e,"Sydney, AU",2026-09-02 05:04:06.269031+00:00,0,A
TX13301,USR_1002,ACC_2002,188.87,USD,ACH,MER_149,BEN_610,DEV_877,b88369def7f91b96,"Tokyo, JP",2026-09-02 05:04:06.269031+00:00,0,A
TX13471,USR_1292,ACC_2292,5.0,USD,P2P,MER_248,BEN_525,DEV_840,47a7d5c3ae210030,"London, UK",2026-09-02 05:08:06.269031+00:00,0,A
TX13228,USR_1152,ACC_2152,142.01,USD,WIRE,MER_239,BEN_609,DEV_394,145d8ecfad10b8a6,"Sydney, AU",2026-09-02 05:10:06.269031+00:00,0,A
TX13292,USR_1295,ACC_2295,10.2,USD,P2P,MER_283,BEN_791,DEV_964,a64a19e570d11404,"Toronto, CA",2026-09-02 05:22:06.269031+00:00,0,A
TX13512,USR_1070,ACC_2070,5.0,USD,P2P,MER_357,BEN_839,DEV_425,34aa4d9d426ce603,"Sydney, AU",2026-09-02 05:22:06.269031+00:00,0,A
TX13472,USR_1152,ACC_2152,1933.36,USD,WIRE,MER_387,BEN_NEW_9404,DEV_ATO_5918,3f83f1cb542d1122,Unknown / Proxy IP,2026-09-02 05:23:06.269031+00:00,1,C
TX14782,USR_1165,ACC_2165,164.73,USD,WIRE,MER_315,BEN_646,DEV_654,6a209799414ac9ae,"Sydney, AU",2026-09-02 05:24:06.269031+00:00,0,A
TX14440,USR_1256,ACC_2256,681.88,USD,CARD,MER_263,BEN_CAR_DEALER_100,DEV_UPGRADE_3825,3c88c3dde07ae353,"Toronto, CA",2026-09-02 05:25:06.269031+00:00,0,E
TX14313,USR_1088,ACC_2088,92.35,USD,ACH,MER_334,BEN_901,DEV_707,e81465da5a78a239,"Toronto, CA",2026-09-02 05:26:06.269031+00:00,0,A
TX14103,USR_1035,ACC_2035,73.93,USD,WIRE,MER_342,BEN_738,DEV_411,ffb021a2722f6a99,"Toronto, CA",2026-09-02 05:31:06.269031+00:00,0,A
TX14349,USR_1260,ACC_2260,94.93,USD,ACH,MER_146,BEN_703,DEV_126,c76f81af2463d382,"New York, US",2026-09-02 05:35:06.269031+00:00,0,A
TX12946,USR_1187,ACC_2187,88.19,USD,WIRE,MER_216,BEN_667,DEV_337,a1cb0cc2002ac8fe,"Toronto, CA",2026-09-02 05:39:06.269031+00:00,0,A
TX13468,USR_1155,ACC_2155,181.61,USD,P2P,MER_189,BEN_967,DEV_887,ce61f694417a43be,"Toronto, CA",2026-09-02 05:49:06.269031+00:00,0,A
TX13963,USR_1024,ACC_2024,134.01,USD,P2P,MER_383,BEN_553,DEV_926,c7a29d5a635cc9d9,"Toronto, CA",2026-09-02 05:53:06.269031+00:00,0,A
TX14376,USR_1035,ACC_2035,118.25,USD,WIRE,MER_143,BEN_845,DEV_411,366dd80803ad332d,"Toronto, CA",2026-09-02 05:54:06.269031+00:00,0,A
TX11224,USR_1003,ACC_2003,125.32,USD,ACH,MER_140,BEN_972,DEV_967,5fb8c19f162b2fd9,"Sydney, AU",2026-09-02 05:58:06.269031+00:00,0,A
TX14857,USR_1110,ACC_2110,124.92,USD,CARD,MER_165,BEN_786,DEV_417,4c245ca65429c4d7,"Toronto, CA",2026-09-02 06:23:06.269031+00:00,0,A
TX13631,USR_1231,ACC_2231,141.4,USD,P2P,MER_392,BEN_627,DEV_283,f3e6e6aad46a7ebd,"Toronto, CA",2026-09-02 06:27:06.269031+00:00,0,A
TX14050,USR_1150,ACC_2150,5.0,USD,WIRE,MER_247,BEN_626,DEV_645,ef6f595e325406c8,"Tokyo, JP",2026-09-02 06:28:06.269031+00:00,0,A
TX14880,USR_1291,ACC_2291,113.25,USD,P2P,MER_146,BEN_545,DEV_804,73383021c91189cd,"New York, US",2026-09-02 06:33:06.269031+00:00,0,A
TX11913,USR_1160,ACC_2160,18.31,USD,WIRE,MER_212,BEN_853,DEV_576,6cbbb8d9648be29a,"Toronto, CA",2026-09-02 06:45:06.269031+00:00,0,A
TX14529,USR_1170,ACC_2170,70.11,USD,P2P,MER_221,BEN_895,DEV_615,f0cd8fb7596faa02,"Toronto, CA",2026-09-02 06:45:06.269031+00:00,0,A
TX14173,USR_1253,ACC_2253,86.23,USD,CARD,MER_193,BEN_516,DEV_281,45f4a1d19d86b658,"Toronto, CA",2026-09-02 06:45:06.269031+00:00,0,A
TX13496,USR_1093,ACC_2093,98.47,USD,WIRE,MER_346,BEN_553,DEV_994,fa54c7e2e8ed5049,"New York, US",2026-09-02 06:46:06.269031+00:00,0,A
TX12782,USR_1142,ACC_2142,99.97,USD,P2P,MER_235,BEN_555,DEV_151,bcd8541d04723bde,"Sydney, AU",2026-09-02 06:58:06.269031+00:00,0,A
TX12769,USR_1195,ACC_2195,90.05,USD,P2P,MER_171,BEN_724,DEV_798,e6d664e190e0dcae,"Sydney, AU",2026-09-02 07:08:06.269031+00:00,0,A
TX14716,USR_1027,ACC_2027,170.46,USD,WIRE,MER_382,BEN_689,DEV_214,1c63c3c47526e1d4,"London, UK",2026-09-02 07:09:06.269031+00:00,0,A
TX13671,USR_1070,ACC_2070,5.0,USD,ACH,MER_164,BEN_839,DEV_425,34aa4d9d426ce603,"Sydney, AU",2026-09-02 07:10:06.269031+00:00,0,A
TX13973,USR_1117,ACC_2117,76.44,USD,P2P,MER_340,BEN_519,DEV_201,f0d3fb6b451af130,"London, UK",2026-09-02 07:10:06.269031+00:00,0,A
TX13678,USR_1067,ACC_2067,62.18,USD,CARD,MER_174,BEN_741,DEV_610,f80d4ec22628293a,"Tokyo, JP",2026-09-02 07:14:06.269031+00:00,0,A
TX14520,USR_1255,ACC_2255,80.94,USD,CARD,MER_352,BEN_524,DEV_355,ccfdb0e012ebf470,"New York, US",2026-09-02 07:19:06.269031+00:00,0,A
TX14048,USR_1099,ACC_2099,774.59,USD,P2P,MER_170,BEN_984,DEV_NEW_2920,a337844e39f0a6d2,"New York, US",2026-09-02 07:20:06.269031+00:00,1,B
TX14814,USR_1123,ACC_2123,49.08,USD,P2P,MER_197,BEN_917,DEV_144,3c20fd93e10a2c4d,"Tokyo, JP",2026-09-02 07:21:06.269031+00:00,0,A
TX14731,USR_1061,ACC_2061,40.36,USD,WIRE,MER_321,BEN_955,DEV_579,a8a0e5e079ff595f,"Tokyo, JP",2026-09-02 07:24:06.269031+00:00,0,A
TX14826,USR_1085,ACC_2085,25.05,USD,WIRE,MER_210,BEN_535,DEV_905,df3739cee9a7f836,"Toronto, CA",2026-09-02 07:45:06.269031+00:00,0,A
TX14698,USR_1073,ACC_2073,22.36,USD,CARD,MER_250,BEN_514,DEV_332,e5324ea32e3f72f6,"New York, US",2026-09-02 07:46:06.269031+00:00,0,A
TX13991,USR_1202,ACC_2202,42.48,USD,P2P,MER_209,BEN_601,DEV_916,6479e01d7b163595,"Sydney, AU",2026-09-02 07:48:06.269031+00:00,0,A
TX13216,USR_1112,ACC_2112,119.02,USD,WIRE,MER_178,BEN_672,DEV_619,21a2fd522723acff,"Toronto, CA",2026-09-02 07:49:06.269031+00:00,0,A
TX13933,USR_1298,ACC_2298,112.24,USD,P2P,MER_381,BEN_525,DEV_269,77f386399a2800ee,"London, UK",2026-09-02 07:49:06.269031+00:00,0,A
TX13225,USR_1112,ACC_2112,1144.11,USD,WIRE,MER_192,BEN_NEW_8812,DEV_ATO_9594,1826438b343df783,Unknown / Proxy IP,2026-09-02 07:53:06.269031+00:00,1,C
TX14874,USR_1184,ACC_2184,5.0,USD,WIRE,MER_217,BEN_770,DEV_184,856933acc112b8e0,"Tokyo, JP",2026-09-02 08:01:06.269031+00:00,0,A
TX14158,USR_1209,ACC_2209,29.89,USD,CARD,MER_379,BEN_868,DEV_686,19cd5e10192a7982,"Tokyo, JP",2026-09-02 08:04:06.269031+00:00,0,A
TX13495,USR_1032,ACC_2032,119.36,USD,CARD,MER_395,BEN_761,DEV_139,0bbd6e1752497cd8,"Tokyo, JP",2026-09-02 08:07:06.269031+00:00,0,A
TX12987,USR_1051,ACC_2051,89.15,USD,P2P,MER_343,BEN_543,DEV_710,b397558ee799977c,"New York, US",2026-09-02 08:09:06.269031+00:00,0,A
TX13569,USR_1292,ACC_2292,23.35,USD,WIRE,MER_284,BEN_635,DEV_840,47a7d5c3ae210030,"London, UK",2026-09-02 08:16:06.269031+00:00,0,A
TX12520,USR_1279,ACC_2279,35.78,USD,CARD,MER_271,BEN_549,DEV_274,98f7d33c8fc726ac,"London, UK",2026-09-02 08:22:06.269031+00:00,0,A
TX14388,USR_1201,ACC_2201,77.97,USD,P2P,MER_269,BEN_782,DEV_123,91e7767500f47f48,"London, UK",2026-09-02 08:26:06.269031+00:00,0,A
TX13570,USR_1293,ACC_2293,32.46,USD,P2P,MER_268,BEN_570,DEV_218,5fcbcf952ebe4639,"New York, US",2026-09-02 08:26:06.269031+00:00,0,A
TX14415,USR_1066,ACC_2066,38.0,USD,CARD,MER_160,BEN_708,DEV_745,722c81b0c225405a,"London, UK",2026-09-02 08:32:06.269031+00:00,0,A
TX14016,USR_1221,ACC_2221,55.95,USD,ACH,MER_143,BEN_571,DEV_703,2ba65b50195c3319,"Sydney, AU",2026-09-02 08:36:06.269031+00:00,0,A
TX14798,USR_1066,ACC_2066,873.8,USD,WIRE,MER_158,BEN_NEW_8020,DEV_ATO_7423,3b4fc71af67bb05e,Unknown / Proxy IP,2026-09-02 08:37:06.269031+00:00,1,C
TX14469,USR_1166,ACC_2166,152.38,USD,P2P,MER_301,BEN_834,DEV_486,c8ad27d26d0d4858,"Toronto, CA",2026-09-02 08:41:06.269031+00:00,0,A
TX12605,USR_1244,ACC_2244,113.98,USD,P2P,MER_381,BEN_651,DEV_386,fcc47ac65be5665e,"Toronto, CA",2026-09-02 08:45:06.269031+00:00,0,A
TX14021,USR_1286,ACC_2286,5.0,USD,ACH,MER_306,BEN_964,DEV_803,67dbe69b22e1a125,"Tokyo, JP",2026-09-02 08:45:06.269031+00:00,0,A
TX13646,USR_1190,ACC_2190,5.0,USD,ACH,MER_224,BEN_942,DEV_205,b887672fb3b147e6,"Toronto, CA",2026-09-02 08:45:06.269031+00:00,0,A
TX14906,USR_1108,ACC_2108,162.09,USD,ACH,MER_244,BEN_969,DEV_140,63da350cf0be46c5,"Sydney, AU",2026-09-02 08:46:06.269031+00:00,0,A
TX14189,USR_1286,ACC_2286,122.93,USD,WIRE,MER_306,BEN_NEW_8698,DEV_ATO_8849,aedcc62c0a19e798,Unknown / Proxy IP,2026-09-02 08:47:06.269031+00:00,1,C
TX13406,USR_1145,ACC_2145,66.86,USD,WIRE,MER_183,BEN_957,DEV_830,5286bf21461c013e,"Sydney, AU",2026-09-02 08:47:06.269031+00:00,0,A
TX13290,USR_1017,ACC_2017,46.34,USD,CARD,MER_326,BEN_736,DEV_296,8c715aa596b7f198,"Sydney, AU",2026-09-02 08:48:06.269031+00:00,0,A
TX13835,USR_1034,ACC_2034,68.49,USD,CARD,MER_189,BEN_598,DEV_518,2a9d9783bdddca1f,"Toronto, CA",2026-09-02 08:48:06.269031+00:00,0,A
TX14129,USR_1259,ACC_2259,128.27,USD,P2P,MER_144,BEN_527,DEV_198,9a6601d20f581d5c,"Sydney, AU",2026-09-02 08:54:06.269031+00:00,0,A
TX13541,USR_1023,ACC_2023,157.75,USD,WIRE,MER_245,BEN_950,DEV_175,ef68c766279b5ce9,"London, UK",2026-09-02 08:56:06.269031+00:00,0,A
TX13692,USR_1028,ACC_2028,73.01,USD,WIRE,MER_281,BEN_849,DEV_415,367de0248003677f,"New York, US",2026-09-02 08:59:06.269031+00:00,0,A
TX13832,USR_1125,ACC_2125,9.65,USD,ACH,MER_379,BEN_872,DEV_608,3bd97ae68c3711b6,"Toronto, CA",2026-09-02 09:05:06.269031+00:00,0,A
TX12487,USR_1101,ACC_2101,127.14,USD,WIRE,MER_248,BEN_793,DEV_570,67cd47b2a74e105a,"Toronto, CA",2026-09-02 09:08:06.269031+00:00,0,A
TX14237,USR_1162,ACC_2162,154.65,USD,WIRE,MER_184,BEN_793,DEV_179,93b1c2216db49997,"Toronto, CA",2026-09-02 09:16:06.269031+00:00,0,A
TX14125,USR_1189,ACC_2189,71.81,USD,CARD,MER_329,BEN_684,DEV_424,d0509ec5865f2372,"Tokyo, JP",2026-09-02 09:18:06.269031+00:00,0,A
TX13386,USR_1040,ACC_2040,29.21,USD,P2P,MER_296,BEN_570,DEV_830,3eb4005ac7b49cb1,"Tokyo, JP",2026-09-02 09:20:06.269031+00:00,0,A
TX13694,USR_1293,ACC_2293,127.44,USD,ACH,MER_187,BEN_570,DEV_856,5fcbcf952ebe4639,"New York, US",2026-09-02 09:21:06.269031+00:00,0,A
TX13061,USR_1124,ACC_2124,45.87,USD,WIRE,MER_273,BEN_688,DEV_899,b4895ee1beb11ace,"Tokyo, JP",2026-09-02 09:27:06.269031+00:00,0,A
TX13332,USR_1235,ACC_2235,184.36,USD,P2P,MER_122,BEN_572,DEV_310,1fe9fcc6678ffd0c,"Sydney, AU",2026-09-02 09:33:06.269031+00:00,0,A
TX12047,USR_1014,ACC_2014,129.79,USD,P2P,MER_116,BEN_536,DEV_446,f808d0e331397ae0,"Toronto, CA",2026-09-02 09:35:06.269031+00:00,0,A
TX13041,USR_1289,ACC_2289,122.42,USD,P2P,MER_158,BEN_925,DEV_777,d86fed0966b732bb,"Toronto, CA",2026-09-02 09:42:06.269031+00:00,0,A
TX13802,USR_1023,ACC_2023,106.21,USD,WIRE,MER_324,BEN_951,DEV_175,549711726c0cadf1,"London, UK",2026-09-02 09:43:06.269031+00:00,0,A
TX14604,USR_1152,ACC_2152,153.12,USD,WIRE,MER_239,BEN_609,DEV_394,bd5e4722f4a3f853,"Sydney, AU",2026-09-02 09:48:06.269031+00:00,0,A
TX13959,USR_1023,ACC_2023,151.39,USD,WIRE,MER_180,BEN_535,DEV_175,ef68c766279b5ce9,"London, UK",2026-09-02 09:55:06.269031+00:00,0,A
TX14055,USR_1031,ACC_2031,43.84,USD,WIRE,MER_114,BEN_774,DEV_985,ee85905019f3301c,"Tokyo, JP",2026-09-02 10:04:06.269031+00:00,0,A
TX14697,USR_1116,ACC_2116,104.42,USD,P2P,MER_141,BEN_691,DEV_327,0afa7d2175280287,"New York, US",2026-09-02 10:05:06.269031+00:00,0,A
TX14277,USR_1298,ACC_2298,118.27,USD,P2P,MER_214,BEN_525,DEV_990,77f386399a2800ee,"London, UK",2026-09-02 10:05:06.269031+00:00,0,A
TX13663,USR_1198,ACC_2198,125.79,USD,CARD,MER_365,BEN_613,DEV_439,9b0f4b33f9b12ba7,"New York, US",2026-09-02 10:05:06.269031+00:00,0,A
TX13622,USR_1096,ACC_2096,194.3,USD,ACH,MER_332,BEN_771,DEV_679,6427c36c4f3ddfa5,"New York, US",2026-09-02 10:08:06.269031+00:00,0,A
TX13272,USR_1009,ACC_2009,8600.88,USD,P2P,MER_236,BEN_RING_777,DEV_RING_999,fd5dc3897b156800,"New York, US",2026-09-02 10:19:06.269031+00:00,1,D
TX14899,USR_1253,ACC_2253,66.28,USD,CARD,MER_262,BEN_790,DEV_230,45f4a1d19d86b658,"Toronto, CA",2026-09-02 10:26:06.269031+00:00,0,A
TX14920,USR_1253,ACC_2253,858.6,USD,WIRE,MER_262,BEN_NEW_8888,DEV_ATO_9680,1fd16e299d346002,Unknown / Proxy IP,2026-09-02 10:29:06.269031+00:00,1,C
TX14453,USR_1248,ACC_2248,75.85,USD,WIRE,MER_388,BEN_858,DEV_280,f39d9230d2c100e0,"Tokyo, JP",2026-09-02 10:39:06.269031+00:00,0,A
TX13110,USR_1142,ACC_2142,168.81,USD,P2P,MER_306,BEN_555,DEV_151,87c723e76a7e0203,"Sydney, AU",2026-09-02 10:40:06.269031+00:00,0,A
TX12262,USR_1243,ACC_2243,47.61,USD,ACH,MER_195,BEN_695,DEV_687,374dcf84a838dbb4,"Sydney, AU",2026-09-02 10:42:06.269031+00:00,0,A
TX14892,USR_1114,ACC_2114,85.95,USD,P2P,MER_182,BEN_695,DEV_298,c9dd0282c5c3f36e,"Sydney, AU",2026-09-02 10:44:06.269031+00:00,0,A
TX14054,USR_1270,ACC_2270,229.93,USD,WIRE,MER_306,BEN_920,DEV_552,1c3a07e244071917,"Sydney, AU",2026-09-02 10:58:06.269031+00:00,0,A
TX14222,USR_1263,ACC_2263,69.44,USD,P2P,MER_392,BEN_937,DEV_648,c7e72f84ea95305d,"London, UK",2026-09-02 11:04:06.269031+00:00,0,A
TX13922,USR_1283,ACC_2283,201.63,USD,CARD,MER_344,BEN_824,DEV_690,b52082bae5419f55,"New York, US",2026-09-02 11:04:06.269031+00:00,0,A
TX14139,USR_1157,ACC_2157,84.27,USD,ACH,MER_272,BEN_734,DEV_971,82338ff02e297db6,"New York, US",2026-09-02 11:24:06.269031+00:00,0,A
TX14536,USR_1267,ACC_2267,142.41,USD,CARD,MER_306,BEN_742,DEV_988,4a5972ea9c44bd37,"Tokyo, JP",2026-09-02 11:25:06.269031+00:00,0,A
TX13861,USR_1074,ACC_2074,69.16,USD,WIRE,MER_295,BEN_589,DEV_541,cce06b3c7fc49509,"London, UK",2026-09-02 11:29:06.269031+00:00,0,A
TX13127,USR_1101,ACC_2101,98.68,USD,CARD,MER_248,BEN_713,DEV_570,67cd47b2a74e105a,"Toronto, CA",2026-09-02 11:35:06.269031+00:00,0,A
TX14470,USR_1079,ACC_2079,125.11,USD,ACH,MER_158,BEN_925,DEV_279,01ccb63b20374c9e,"Tokyo, JP",2026-09-02 11:49:06.269031+00:00,0,A
TX13645,USR_1124,ACC_2124,64.06,USD,P2P,MER_323,BEN_688,DEV_982,6368a1fc6b09e2af,"Tokyo, JP",2026-09-02 11:52:06.269031+00:00,0,A
TX12493,USR_1007,ACC_2007,84.69,USD,CARD,MER_319,BEN_571,DEV_317,b5ece0cc735b0b5b,"Sydney, AU",2026-09-02 12:18:06.269031+00:00,0,A
TX13069,USR_1204,ACC_2204,31.19,USD,CARD,MER_188,BEN_800,DEV_216,d31bda7984910180,"Tokyo, JP",2026-09-02 12:24:06.269031+00:00,0,A
TX14490,USR_1209,ACC_2209,20.77,USD,P2P,MER_317,BEN_868,DEV_686,19cd5e10192a7982,"Tokyo, JP",2026-09-02 12:25:06.269031+00:00,0,A
TX12842,USR_1243,ACC_2243,47.41,USD,ACH,MER_209,BEN_849,DEV_687,3ff853a1c744a0b6,"Sydney, AU",2026-09-02 12:26:06.269031+00:00,0,A
TX14820,USR_1116,ACC_2116,65.62,USD,ACH,MER_291,BEN_691,DEV_327,0afa7d2175280287,"New York, US",2026-09-02 12:35:06.269031+00:00,0,A
TX14502,USR_1044,ACC_2044,107.29,USD,CARD,MER_242,BEN_694,DEV_151,57b5ef6ca2f69bab,"Sydney, AU",2026-09-02 12:37:06.269031+00:00,0,A
TX14420,USR_1125,ACC_2125,59.82,USD,WIRE,MER_192,BEN_872,DEV_608,3bd97ae68c3711b6,"Toronto, CA",2026-09-02 13:01:06.269031+00:00,0,A
TX14729,USR_1028,ACC_2028,138.93,USD,ACH,MER_386,BEN_849,DEV_415,2ae2dd1e0363c949,"New York, US",2026-09-02 13:03:06.269031+00:00,0,A
TX13563,USR_1037,ACC_2037,112.74,USD,WIRE,MER_154,BEN_852,DEV_524,47d647a2985d1a90,"Sydney, AU",2026-09-02 13:05:06.269031+00:00,0,A
TX14682,USR_1000,ACC_2000,97.75,USD,CARD,MER_144,BEN_879,DEV_125,e5b5a7e8cd8467b3,"London, UK",2026-09-02 13:11:06.269031+00:00,0,A
TX13274,USR_1009,ACC_2009,42.66,USD,CARD,MER_250,BEN_953,DEV_641,f95917160c8c9e2a,"New York, US",2026-09-02 13:17:06.269031+00:00,0,A
TX11941,USR_1160,ACC_2160,45.2,USD,P2P,MER_212,BEN_827,DEV_576,337d54f89d9cced9,"Toronto, CA",2026-09-02 13:18:06.269031+00:00,0,A
TX14488,USR_1105,ACC_2105,35.9,USD,CARD,MER_255,BEN_725,DEV_678,0cc56806395d3d2b,"Tokyo, JP",2026-09-02 13:18:06.269031+00:00,0,A
TX14478,USR_1293,ACC_2293,48.27,USD,ACH,MER_324,BEN_936,DEV_218,aebc04d764177518,"New York, US",2026-09-02 13:20:06.269031+00:00,0,A
TX14306,USR_1190,ACC_2190,56.22,USD,P2P,MER_311,BEN_506,DEV_205,b887672fb3b147e6,"Toronto, CA",2026-09-02 13:23:06.269031+00:00,0,A
TX14850,USR_1250,ACC_2250,61.75,USD,WIRE,MER_175,BEN_910,DEV_100,8bc5ca6f1c58f90a,"London, UK",2026-09-02 13:29:06.269031+00:00,0,A
TX12937,USR_1084,ACC_2084,47.77,USD,ACH,MER_162,BEN_597,DEV_975,1208c228f12bd6c4,"Tokyo, JP",2026-09-02 13:30:06.269031+00:00,0,A
TX13981,USR_1156,ACC_2156,81.35,USD,P2P,MER_271,BEN_790,DEV_290,62075f8be723f4c2,"New York, US",2026-09-02 13:33:06.269031+00:00,0,A
TX14564,USR_1292,ACC_2292,5.0,USD,CARD,MER_260,BEN_737,DEV_840,f30808d48ce3f5f0,"London, UK",2026-09-02 13:34:06.269031+00:00,0,A
TX13047,USR_1081,ACC_2081,84.41,USD,ACH,MER_213,BEN_817,DEV_698,54c1bae29c21b64f,"New York, US",2026-09-02 13:40:06.269031+00:00,0,A
TX14408,USR_1284,ACC_2284,146.94,USD,P2P,MER_215,BEN_597,DEV_138,ccbf846be6c6de2e,"New York, US",2026-09-02 13:41:06.269031+00:00,0,A
TX14156,USR_1198,ACC_2198,75.97,USD,WIRE,MER_385,BEN_632,DEV_870,9b0f4b33f9b12ba7,"New York, US",2026-09-02 13:52:06.269031+00:00,0,A
TX13867,USR_1093,ACC_2093,75.36,USD,ACH,MER_208,BEN_680,DEV_994,fa54c7e2e8ed5049,"New York, US",2026-09-02 13:53:06.269031+00:00,0,A
TX12999,USR_1047,ACC_2047,238.9,USD,WIRE,MER_389,BEN_866,DEV_692,a800010fef16c5ea,"Sydney, AU",2026-09-02 13:54:06.269031+00:00,0,A
TX14897,USR_1018,ACC_2018,119.27,USD,ACH,MER_299,BEN_746,DEV_195,4929ec3e758a0a98,"London, UK",2026-09-02 13:55:06.269031+00:00,0,A
TX14863,USR_1267,ACC_2267,21.19,USD,WIRE,MER_241,BEN_835,DEV_648,9d27a1fb075270c8,"Tokyo, JP",2026-09-02 13:58:06.269031+00:00,0,A
TX14367,USR_1202,ACC_2202,76.35,USD,WIRE,MER_330,BEN_814,DEV_916,9dfdf13e2de836ee,"Sydney, AU",2026-09-02 14:06:06.269031+00:00,0,A
TX12785,USR_1236,ACC_2236,45.7,USD,WIRE,MER_131,BEN_758,DEV_481,c521e90a1ba7a600,"Toronto, CA",2026-09-02 14:08:06.269031+00:00,0,A
TX14472,USR_1299,ACC_2299,67.85,USD,P2P,MER_306,BEN_560,DEV_570,99545487af393e67,"New York, US",2026-09-02 14:13:06.269031+00:00,0,A
TX12720,USR_1001,ACC_2001,8816.42,USD,P2P,MER_212,BEN_RING_777,DEV_RING_999,fd5dc3897b156800,"Toronto, CA",2026-09-02 14:15:06.269031+00:00,1,D
TX14334,USR_1075,ACC_2075,174.78,USD,P2P,MER_400,BEN_846,DEV_572,48d2d61592213dad,"New York, US",2026-09-02 14:15:06.269031+00:00,0,A
TX13185,USR_1137,ACC_2137,98.03,USD,CARD,MER_313,BEN_833,DEV_183,28af3e505676849d,"Toronto, CA",2026-09-02 14:16:06.269031+00:00,0,A
TX14480,USR_1166,ACC_2166,96.4,USD,WIRE,MER_191,BEN_940,DEV_486,817ec2d627862004,"Toronto, CA",2026-09-02 14:23:06.269031+00:00,0,A
TX13280,USR_1054,ACC_2054,113.85,USD,WIRE,MER_216,BEN_926,DEV_321,99ea77d9ff8fe312,"Toronto, CA",2026-09-02 14:25:06.269031+00:00,0,A
TX13067,USR_1063,ACC_2063,74.37,USD,P2P,MER_353,BEN_709,DEV_699,553ed483ad5e1493,"New York, US",2026-09-02 14:34:06.269031+00:00,0,A
TX11492,USR_1011,ACC_2011,36.04,USD,CARD,MER_129,BEN_975,DEV_652,77c76c6de779a4b4,"New York, US",2026-09-02 14:34:06.269031+00:00,0,A
TX12065,USR_1014,ACC_2014,6405.36,USD,P2P,MER_134,BEN_RING_777,DEV_RING_999,fd5dc3897b156800,"Toronto, CA",2026-09-02 14:35:06.269031+00:00,1,D
TX14263,USR_1012,ACC_2012,2313.25,USD,P2P,MER_316,BEN_RING_777,DEV_RING_999,fd5dc3897b156800,"Toronto, CA",2026-09-02 14:37:06.269031+00:00,1,D
TX14441,USR_1200,ACC_2200,79.11,USD,P2P,MER_263,BEN_724,DEV_456,1084998dfd6f5f0a,"London, UK",2026-09-02 14:39:06.269031+00:00,0,A
TX13328,USR_1064,ACC_2064,183.5,USD,ACH,MER_159,BEN_661,DEV_510,8f4332526fb22e4a,"Sydney, AU",2026-09-02 14:44:06.269031+00:00,0,A
TX14002,USR_1178,ACC_2178,62.08,USD,CARD,MER_350,BEN_781,DEV_437,5722f7c9bfecc5d8,"London, UK",2026-09-02 14:46:06.269031+00:00,0,A
TX14521,USR_1074,ACC_2074,84.73,USD,CARD,MER_223,BEN_540,DEV_541,167806ab11382ccb,"London, UK",2026-09-02 14:48:06.269031+00:00,0,A
TX12590,USR_1208,ACC_2208,79.89,USD,ACH,MER_334,BEN_647,DEV_914,bacf355b63690bcb,"Tokyo, JP",2026-09-02 14:51:06.269031+00:00,0,A
TX13717,USR_1271,ACC_2271,168.6,USD,ACH,MER_227,BEN_598,DEV_899,bcd2c88a9c3ee93c,"New York, US",2026-09-02 14:57:06.269031+00:00,0,A
TX13033,USR_1187,ACC_2187,85.63,USD,CARD,MER_216,BEN_667,DEV_958,a1cb0cc2002ac8fe,"Toronto, CA",2026-09-02 15:00:06.269031+00:00,0,A
TX14767,USR_1056,ACC_2056,134.13,USD,ACH,MER_177,BEN_920,DEV_590,b8d9f40734eb5d68,"Tokyo, JP",2026-09-02 15:07:06.269031+00:00,0,A
TX13823,USR_1002,ACC_2002,5525.14,USD,P2P,MER_294,BEN_RING_777,DEV_RING_999,fd5dc3897b156800,"Tokyo, JP",2026-09-02 15:07:06.269031+00:00,1,D
TX14891,USR_1170,ACC_2170,24.09,USD,ACH,MER_366,BEN_795,DEV_615,6d3f2c0efed53fd2,"Toronto, CA",2026-09-02 15:18:06.269031+00:00,0,A
TX12524,USR_1014,ACC_2014,2883.68,USD,P2P,MER_116,BEN_RING_777,DEV_RING_999,fd5dc3897b156800,"Toronto, CA",2026-09-02 15:19:06.269031+00:00,1,D
TX14270,USR_1205,ACC_2205,135.69,USD,CARD,MER_314,BEN_855,DEV_420,17a963387deb159b,"London, UK",2026-09-02 15:23:06.269031+00:00,0,A
TX14335,USR_1111,ACC_2111,58.49,USD,WIRE,MER_179,BEN_598,DEV_470,6b00b3fa091b36e5,"London, UK",2026-09-02 15:24:06.269031+00:00,0,A
TX13463,USR_1185,ACC_2185,152.16,USD,WIRE,MER_261,BEN_975,DEV_176,47545ed8e2a937ee,"Toronto, CA",2026-09-02 15:25:06.269031+00:00,0,A
TX12806,USR_1007,ACC_2007,115.07,USD,CARD,MER_234,BEN_571,DEV_771,b5ece0cc735b0b5b,"Sydney, AU",2026-09-02 15:35:06.269031+00:00,0,A
TX14560,USR_1218,ACC_2218,90.7,USD,WIRE,MER_316,BEN_856,DEV_318,d7226c000046452f,"London, UK",2026-09-02 15:43:06.269031+00:00,0,A
TX13600,USR_1204,ACC_2204,31.86,USD,ACH,MER_143,BEN_812,DEV_216,d31bda7984910180,"Tokyo, JP",2026-09-02 15:43:06.269031+00:00,0,A
TX14579,USR_1050,ACC_2050,17.31,USD,CARD,MER_349,BEN_753,DEV_349,176a14ccea5b7c33,"Sydney, AU",2026-09-02 15:45:06.269031+00:00,0,A
TX12419,USR_1139,ACC_2139,46.29,USD,ACH,MER_162,BEN_689,DEV_420,d3d65ee8b2408bc7,"Tokyo, JP",2026-09-02 16:03:06.269031+00:00,0,A
TX13610,USR_1095,ACC_2095,167.34,USD,CARD,MER_103,BEN_639,DEV_723,0650760e7d900a61,"Tokyo, JP",2026-09-02 16:12:06.269031+00:00,0,A
TX14869,USR_1285,ACC_2285,118.15,USD,P2P,MER_248,BEN_921,DEV_205,f508248cccfe83c8,"London, UK",2026-09-02 16:13:06.269031+00:00,0,A
TX13988,USR_1211,ACC_2211,27.27,USD,ACH,MER_186,BEN_791,DEV_730,83c17ff4daf45ecd,"London, UK",2026-09-02 16:14:06.269031+00:00,0,A
TX13675,USR_1104,ACC_2104,204.72,USD,CARD,MER_178,BEN_601,DEV_844,66e643e8a810cdda,"New York, US",2026-09-02 16:14:06.269031+00:00,0,A
TX13956,USR_1057,ACC_2057,217.77,USD,CARD,MER_326,BEN_767,DEV_354,9ea722f8987c3433,"Toronto, CA",2026-09-02 16:15:06.269031+00:00,0,A
TX12870,USR_1008,ACC_2008,78.29,USD,ACH,MER_316,BEN_821,DEV_470,86ec58ef83a3a12c,"New York, US",2026-09-02 16:32:06.269031+00:00,0,A
TX13784,USR_1142,ACC_2142,195.33,USD,ACH,MER_235,BEN_933,DEV_151,bcd8541d04723bde,"Sydney, AU",2026-09-02 16:35:06.269031+00:00,0,A
TX14072,USR_1010,ACC_2010,2215.36,USD,P2P,MER_359,BEN_RING_777,DEV_RING_999,fd5dc3897b156800,"Tokyo, JP",2026-09-02 16:35:06.269031+00:00,1,D
TX12529,USR_1290,ACC_2290,47.0,USD,CARD,MER_354,BEN_860,DEV_609,7a232aa325593eec,"Tokyo, JP",2026-09-02 16:39:06.269031+00:00,0,A
TX14062,USR_1251,ACC_2251,36.04,USD,CARD,MER_272,BEN_860,DEV_892,d319e3b8b7c777d1,"Tokyo, JP",2026-09-02 16:42:06.269031+00:00,0,A
TX14111,USR_1150,ACC_2150,30.96,USD,P2P,MER_252,BEN_626,DEV_645,ef6f595e325406c8,"Tokyo, JP",2026-09-02 16:44:06.269031+00:00,0,A
TX13911,USR_1032,ACC_2032,758.77,USD,CARD,MER_323,BEN_960,DEV_NEW_5230,0bbd6e1752497cd8,"Tokyo, JP",2026-09-02 16:45:06.269031+00:00,1,B
TX13422,USR_1249,ACC_2249,195.28,USD,CARD,MER_369,BEN_546,DEV_956,c24ea062cf3c7968,"Sydney, AU",2026-09-02 16:51:06.269031+00:00,0,A
TX14496,USR_1105,ACC_2105,5.0,USD,P2P,MER_128,BEN_577,DEV_678,0cc56806395d3d2b,"Tokyo, JP",2026-09-02 17:02:06.269031+00:00,0,A
TX14416,USR_1138,ACC_2138,154.85,USD,P2P,MER_204,BEN_852,DEV_350,8d45592dae9f59a0,"Tokyo, JP",2026-09-02 17:03:06.269031+00:00,0,A
TX14361,USR_1040,ACC_2040,14.14,USD,WIRE,MER_132,BEN_577,DEV_830,3eb4005ac7b49cb1,"Tokyo, JP",2026-09-02 17:05:06.269031+00:00,0,A
TX12831,USR_1039,ACC_2039,67.89,USD,P2P,MER_241,BEN_632,DEV_661,51115cee44834188,"Sydney, AU",2026-09-02 17:18:06.269031+00:00,0,A
TX13768,USR_1124,ACC_2124,5.0,USD,CARD,MER_304,BEN_688,DEV_982,b4895ee1beb11ace,"Tokyo, JP",2026-09-02 17:20:06.269031+00:00,0,A
TX14911,USR_1111,ACC_2111,47.36,USD,ACH,MER_170,BEN_985,DEV_620,dc65b42e8044fcc4,"London, UK",2026-09-02 17:26:06.269031+00:00,0,A
TX13633,USR_1127,ACC_2127,37.86,USD,P2P,MER_220,BEN_573,DEV_787,d9ec58cb702d403f,"London, UK",2026-09-02 17:28:06.269031+00:00,0,A
TX12718,USR_1014,ACC_2014,126.93,USD,P2P,MER_217,BEN_536,DEV_446,30f7004dbb25ffff,"Toronto, CA",2026-09-02 17:33:06.269031+00:00,0,A
TX13153,USR_1232,ACC_2232,81.14,USD,CARD,MER_244,BEN_988,DEV_614,218257120f7025ad,"London, UK",2026-09-02 17:50:06.269031+00:00,0,A
TX13344,USR_1042,ACC_2042,50.8,USD,CARD,MER_114,BEN_639,DEV_871,070ff06ec268ff91,"Sydney, AU",2026-09-02 17:58:06.269031+00:00,0,A
TX14694,USR_1280,ACC_2280,80.73,USD,WIRE,MER_337,BEN_799,DEV_463,b6053954f622ffb5,"Sydney, AU",2026-09-02 18:01:06.269031+00:00,0,A
TX13919,USR_1175,ACC_2175,58.62,USD,ACH,MER_264,BEN_809,DEV_316,15bf1c91432da6c2,"New York, US",2026-09-02 18:04:06.269031+00:00,0,A
TX13346,USR_1232,ACC_2232,1559.36,USD,WIRE,MER_135,BEN_NEW_8189,DEV_ATO_9999,23d3f0c478cc0541,Unknown / Proxy IP,2026-09-02 18:05:06.269031+00:00,1,C
TX13286,USR_1187,ACC_2187,59.3,USD,ACH,MER_330,BEN_515,DEV_337,a14175d14a3639c0,"Toronto, CA",2026-09-02 18:15:06.269031+00:00,0,A
TX14970,USR_1116,ACC_2116,90.49,USD,P2P,MER_141,BEN_702,DEV_327,dcd6e2c220238f22,"New York, US",2026-09-02 18:16:06.269031+00:00,0,A
TX14666,USR_1217,ACC_2217,74.48,USD,ACH,MER_319,BEN_820,DEV_195,120fb4e11b005dae,"London, UK",2026-09-02 18:16:06.269031+00:00,0,A
TX14914,USR_1111,ACC_2111,53.54,USD,WIRE,MER_215,BEN_598,DEV_470,dc65b42e8044fcc4,"London, UK",2026-09-02 18:20:06.269031+00:00,0,A
TX13340,USR_1187,ACC_2187,1433.13,USD,WIRE,MER_330,BEN_NEW_9343,DEV_ATO_8755,e64955990142258f,Unknown / Proxy IP,2026-09-02 18:29:06.269031+00:00,1,C
TX14236,USR_1113,ACC_2113,114.53,USD,ACH,MER_329,BEN_883,DEV_838,422acfea258515ca,"London, UK",2026-09-02 18:36:06.269031+00:00,0,A
TX14063,USR_1136,ACC_2136,81.4,USD,CARD,MER_272,BEN_797,DEV_228,bde624019cb538ca,"Toronto, CA",2026-09-02 18:37:06.269031+00:00,0,A
TX14736,USR_1024,ACC_2024,114.71,USD,CARD,MER_159,BEN_980,DEV_726,8a0759df3a3a9f03,"Toronto, CA",2026-09-02 18:46:06.269031+00:00,0,A
TX13083,USR_1274,ACC_2274,73.22,USD,WIRE,MER_188,BEN_942,DEV_762,04d0d4de5d036722,"Sydney, AU",2026-09-02 19:00:06.269031+00:00,0,A
TX14570,USR_1070,ACC_2070,14.72,USD,CARD,MER_118,BEN_577,DEV_425,34aa4d9d426ce603,"Sydney, AU",2026-09-02 19:04:06.269031+00:00,0,A
TX13205,USR_1051,ACC_2051,105.59,USD,CARD,MER_223,BEN_623,DEV_710,3e9b67fa112f4e75,"New York, US",2026-09-02 19:28:06.269031+00:00,0,A
TX13935,USR_1185,ACC_2185,168.08,USD,P2P,MER_173,BEN_975,DEV_147,f8fadad8ba4fa2c6,"Toronto, CA",2026-09-02 19:29:06.269031+00:00,0,A
TX13296,USR_1295,ACC_2295,27.47,USD,CARD,MER_347,BEN_791,DEV_964,a64a19e570d11404,"Toronto, CA",2026-09-02 19:30:06.269031+00:00,0,A
TX12016,USR_1160,ACC_2160,55.63,USD,CARD,MER_212,BEN_827,DEV_576,337d54f89d9cced9,"Toronto, CA",2026-09-02 19:34:06.269031+00:00,0,A
TX12783,USR_1273,ACC_2273,5.0,USD,CARD,MER_297,BEN_514,DEV_700,eed32f0aa24bee1c,"Tokyo, JP",2026-09-02 19:34:06.269031+00:00,0,A
TX14184,USR_1198,ACC_2198,412.55,USD,WIRE,MER_361,BEN_CAR_DEALER_178,DEV_UPGRADE_3577,e9f7c9e4f8358d4f,"New York, US",2026-09-02 19:35:06.269031+00:00,0,E
TX13258,USR_1193,ACC_2193,127.63,USD,ACH,MER_202,BEN_653,DEV_442,127a00e0f5c3b6fc,"Toronto, CA",2026-09-02 19:36:06.269031+00:00,0,A
TX12981,USR_1048,ACC_2048,94.79,USD,ACH,MER_350,BEN_715,DEV_455,7f3a79b76518f784,"New York, US",2026-09-02 19:40:06.269031+00:00,0,A
TX11839,USR_1004,ACC_2004,28.77,USD,WIRE,MER_286,BEN_619,DEV_821,d138b30e9053a8c8,"Tokyo, JP",2026-09-02 19:41:06.269031+00:00,0,A
TX13980,USR_1097,ACC_2097,102.58,USD,ACH,MER_180,BEN_526,DEV_478,50903041fbb7424c,"Toronto, CA",2026-09-02 19:43:06.269031+00:00,0,A
TX14150,USR_1175,ACC_2175,13.05,USD,ACH,MER_204,BEN_856,DEV_316,15bf1c91432da6c2,"New York, US",2026-09-02 19:46:06.269031+00:00,0,A
TX14336,USR_1060,ACC_2060,112.67,USD,CARD,MER_391,BEN_572,DEV_535,3c49e5003110f2c6,"London, UK",2026-09-02 20:03:06.269031+00:00,0,A
TX13634,USR_1145,ACC_2145,95.1,USD,WIRE,MER_301,BEN_957,DEV_830,c615bf10c0f6ef80,"Sydney, AU",2026-09-02 20:09:06.269031+00:00,0,A
TX14278,USR_1286,ACC_2286,5.0,USD,WIRE,MER_109,BEN_985,DEV_544,971dc7574aadf36f,"Tokyo, JP",2026-09-02 20:17:06.269031+00:00,0,A
TX14481,USR_1248,ACC_2248,9.16,USD,CARD,MER_388,BEN_858,DEV_280,aed85343eab6ce68,"Tokyo, JP",2026-09-02 20:20:06.269031+00:00,0,A
TX13941,USR_1067,ACC_2067,51.07,USD,ACH,MER_296,BEN_747,DEV_610,d7762f781a7e7f4a,"Tokyo, JP",2026-09-02 20:23:06.269031+00:00,0,A
TX12855,USR_1182,ACC_2182,120.11,USD,ACH,MER_335,BEN_540,DEV_346,6fe60e5021e846bd,"Tokyo, JP",2026-09-02 20:32:06.269031+00:00,0,A
TX14049,USR_1156,ACC_2156,354.83,USD,WIRE,MER_245,BEN_652,DEV_NEW_6562,21ee76f01e88620b,"New York, US",2026-09-02 20:34:06.269031+00:00,0,B
TX14995,USR_1242,ACC_2242,975.41,USD,P2P,MER_336,BEN_547,DEV_NEW_1235,bda908a866f4be63,"Sydney, AU",2026-09-02 20:50:06.269031+00:00,1,B
TX14507,USR_1245,ACC_2245,152.95,USD,P2P,MER_109,BEN_910,DEV_492,de4ba9a4b949b1d3,"Toronto, CA",2026-09-02 20:53:06.269031+00:00,0,A
TX13317,USR_1282,ACC_2282,107.25,USD,ACH,MER_331,BEN_823,DEV_246,d3d65ee8b2408bc7,"New York, US",2026-09-02 20:53:06.269031+00:00,0,A
TX14471,USR_1256,ACC_2256,74.77,USD,P2P,MER_250,BEN_583,DEV_659,1ef60236fe347e83,"Toronto, CA",2026-09-02 20:56:06.269031+00:00,0,A
TX14974,USR_1280,ACC_2280,96.14,USD,P2P,MER_337,BEN_799,DEV_463,c80da5be8e1c3709,"Sydney, AU",2026-09-02 21:01:06.269031+00:00,0,A
TX14660,USR_1118,ACC_2118,84.25,USD,CARD,MER_222,BEN_654,DEV_119,26b6f82074f626ec,"Toronto, CA",2026-09-02 21:03:06.269031+00:00,0,A
TX14852,USR_1129,ACC_2129,63.71,USD,ACH,MER_160,BEN_755,DEV_421,cab280aa6bbedc20,"New York, US",2026-09-02 21:17:06.269031+00:00,0,A
TX14915,USR_1085,ACC_2085,106.34,USD,CARD,MER_219,BEN_891,DEV_905,d15e8c587f1dd67a,"Toronto, CA",2026-09-02 21:21:06.269031+00:00,0,A
TX14448,USR_1006,ACC_2006,6017.98,USD,P2P,MER_133,BEN_RING_777,DEV_RING_999,fd5dc3897b156800,"New York, US",2026-09-02 21:21:06.269031+00:00,1,D
TX12907,USR_1065,ACC_2065,76.7,USD,ACH,MER_162,BEN_604,DEV_523,d04e3cabd94c53fe,"Sydney, AU",2026-09-02 21:28:06.269031+00:00,0,A
TX13397,USR_1009,ACC_2009,43.55,USD,WIRE,MER_250,BEN_953,DEV_357,3db2a3b19d9769cc,"New York, US",2026-09-02 21:34:06.269031+00:00,0,A
TX14393,USR_1031,ACC_2031,42.7,USD,WIRE,MER_233,BEN_980,DEV_385,5200cf954889065e,"Tokyo, JP",2026-09-02 21:34:06.269031+00:00,0,A
TX14657,USR_1089,ACC_2089,20.35,USD,WIRE,MER_164,BEN_541,DEV_967,abe8616dca369737,"Sydney, AU",2026-09-02 21:42:06.269031+00:00,0,A
TX14301,USR_1221,ACC_2221,44.59,USD,P2P,MER_245,BEN_641,DEV_703,decd57703473e273,"Sydney, AU",2026-09-02 21:47:06.269031+00:00,0,A
TX13845,USR_1254,ACC_2254,77.02,USD,CARD,MER_235,BEN_993,DEV_439,81d994e1fde62732,"Tokyo, JP",2026-09-02 21:54:06.269031+00:00,0,A
TX14350,USR_1043,ACC_2043,126.19,USD,P2P,MER_319,BEN_701,DEV_269,a13bd63118e22736,"Toronto, CA",2026-09-02 21:57:06.269031+00:00,0,A
TX12815,USR_1195,ACC_2195,44.54,USD,P2P,MER_255,BEN_724,DEV_798,b025a857ef22e380,"Sydney, AU",2026-09-02 21:59:06.269031+00:00,0,A
TX14867,USR_1165,ACC_2165,186.27,USD,ACH,MER_315,BEN_646,DEV_654,6a209799414ac9ae,"Sydney, AU",2026-09-02 22:00:06.269031+00:00,0,A
TX14824,USR_1166,ACC_2166,165.0,USD,CARD,MER_301,BEN_834,DEV_990,817ec2d627862004,"Toronto, CA",2026-09-02 22:13:06.269031+00:00,0,A
TX14066,USR_1057,ACC_2057,127.35,USD,CARD,MER_256,BEN_767,DEV_187,c45d5c6c769f2b69,"Toronto, CA",2026-09-02 22:13:06.269031+00:00,0,A
TX14976,USR_1110,ACC_2110,93.97,USD,ACH,MER_147,BEN_658,DEV_417,aadad9bce1f7e80b,"Toronto, CA",2026-09-02 22:15:06.269031+00:00,0,A
TX13425,USR_1243,ACC_2243,52.55,USD,WIRE,MER_281,BEN_849,DEV_687,374dcf84a838dbb4,"Sydney, AU",2026-09-02 22:17:06.269031+00:00,0,A
TX14996,USR_1128,ACC_2128,21.04,USD,CARD,MER_139,BEN_690,DEV_470,899e2fbba4cdd118,"London, UK",2026-09-02 22:18:06.269031+00:00,0,A
TX14978,USR_1061,ACC_2061,41.97,USD,ACH,MER_113,BEN_724,DEV_579,c4edbac3e2662aa3,"Tokyo, JP",2026-09-02 22:24:06.269031+00:00,0,A
TX14598,USR_1205,ACC_2205,148.64,USD,ACH,MER_314,BEN_855,DEV_420,4d66e8ede2b3dfa5,"London, UK",2026-09-02 22:44:06.269031+00:00,0,A
TX11457,USR_1003,ACC_2003,95.31,USD,ACH,MER_250,BEN_972,DEV_967,5fb8c19f162b2fd9,"Sydney, AU",2026-09-02 22:45:06.269031+00:00,0,A
TX13736,USR_1096,ACC_2096,206.8,USD,WIRE,MER_332,BEN_771,DEV_679,2de281d9b2a90870,"New York, US",2026-09-02 23:12:06.269031+00:00,0,A
TX14026,USR_1032,ACC_2032,140.99,USD,WIRE,MER_395,BEN_697,DEV_139,45bbc125bb9f3fa7,"Tokyo, JP",2026-09-02 23:25:06.269031+00:00,0,A
TX13147,USR_1289,ACC_2289,148.38,USD,WIRE,MER_160,BEN_714,DEV_777,d86fed0966b732bb,"Toronto, CA",2026-09-02 23:40:06.269031+00:00,0,A
TX13842,USR_1054,ACC_2054,115.29,USD,WIRE,MER_216,BEN_926,DEV_321,25bcd6ffa38deb1b,"Toronto, CA",2026-09-02 23:42:06.269031+00:00,0,A
TX14209,USR_1227,ACC_2227,67.35,USD,ACH,MER_354,BEN_506,DEV_564,d402ea784b1d456b,"London, UK",2026-09-02 23:42:06.269031+00:00,0,A
TX14447,USR_1270,ACC_2270,210.37,USD,ACH,MER_181,BEN_905,DEV_552,1c3a07e244071917,"Sydney, AU",2026-09-02 23:44:06.269031+00:00,0,A
TX14544,USR_1125,ACC_2125,81.09,USD,P2P,MER_250,BEN_717,DEV_608,9d968dc522301427,"Toronto, CA",2026-09-02 23:57:06.269031+00:00,0,A
TX14253,USR_1249,ACC_2249,161.63,USD,P2P,MER_212,BEN_519,DEV_956,2c441bdc949bccf1,"Sydney, AU",2026-09-03 00:02:06.269031+00:00,0,A
TX14216,USR_1257,ACC_2257,185.44,USD,P2P,MER_273,BEN_780,DEV_175,7e192a1d985ae69e,"London, UK",2026-09-03 00:13:06.269031+00:00,0,A
TX11814,USR_1005,ACC_2005,2956.86,USD,P2P,MER_183,BEN_RING_777,DEV_RING_999,fd5dc3897b156800,"New York, US",2026-09-03 00:26:06.269031+00:00,1,D
TX13785,USR_1096,ACC_2096,196.01,USD,WIRE,MER_274,BEN_882,DEV_679,6427c36c4f3ddfa5,"New York, US",2026-09-03 00:27:06.269031+00:00,0,A
TX13661,USR_1295,ACC_2295,56.74,USD,ACH,MER_283,BEN_847,DEV_964,a64a19e570d11404,"Toronto, CA",2026-09-03 00:33:06.269031+00:00,0,A
TX13092,USR_1274,ACC_2274,91.37,USD,P2P,MER_188,BEN_942,DEV_762,04d0d4de5d036722,"Sydney, AU",2026-09-03 00:33:06.269031+00:00,0,A
TX14061,USR_1211,ACC_2211,134.03,USD,P2P,MER_375,BEN_791,DEV_730,1c69e66247a30c97,"London, UK",2026-09-03 00:35:06.269031+00:00,0,A
TX14378,USR_1295,ACC_2295,591.63,USD,WIRE,MER_166,BEN_NEW_9705,DEV_ATO_8377,cdec2ccc67e17cfb,Unknown / Proxy IP,2026-09-03 00:43:06.269031+00:00,1,C
TX13932,USR_1034,ACC_2034,107.5,USD,ACH,MER_391,BEN_840,DEV_518,2a9d9783bdddca1f,"Toronto, CA",2026-09-03 00:43:06.269031+00:00,0,A
TX14194,USR_1241,ACC_2241,67.88,USD,ACH,MER_398,BEN_601,DEV_923,0b35119407a28848,"New York, US",2026-09-03 00:46:06.269031+00:00,0,A
TX14273,USR_1259,ACC_2259,132.65,USD,ACH,MER_144,BEN_684,DEV_198,a286ac7c278aa0b4,"Sydney, AU",2026-09-03 00:46:06.269031+00:00,0,A
TX13940,USR_1120,ACC_2120,118.44,USD,ACH,MER_369,BEN_768,DEV_729,6e6312055dcf2184,"London, UK",2026-09-03 01:02:06.269031+00:00,0,A
TX12988,USR_1007,ACC_2007,6487.71,USD,P2P,MER_387,BEN_RING_777,DEV_RING_999,fd5dc3897b156800,"Sydney, AU",2026-09-03 01:07:06.269031+00:00,1,D
TX14043,USR_1283,ACC_2283,174.76,USD,P2P,MER_344,BEN_814,DEV_690,b52082bae5419f55,"New York, US",2026-09-03 01:21:06.269031+00:00,0,A
TX12533,USR_1139,ACC_2139,55.55,USD,ACH,MER_338,BEN_763,DEV_420,d3d65ee8b2408bc7,"Tokyo, JP",2026-09-03 01:24:06.269031+00:00,0,A
TX13139,USR_1048,ACC_2048,90.03,USD,WIRE,MER_154,BEN_921,DEV_455,2b9102c1b5c23e99,"New York, US",2026-09-03 01:24:06.269031+00:00,0,A
TX12478,USR_1013,ACC_2013,22.44,USD,ACH,MER_331,BEN_832,DEV_652,c113e887aa08ae7f,"Tokyo, JP",2026-09-03 01:26:06.269031+00:00,0,A
TX13548,USR_1235,ACC_2235,164.52,USD,P2P,MER_122,BEN_997,DEV_310,726bb384b3c414ca,"Sydney, AU",2026-09-03 01:43:06.269031+00:00,0,A
TX13879,USR_1167,ACC_2167,34.44,USD,P2P,MER_294,BEN_737,DEV_845,6550e5bfba9b0a52,"New York, US",2026-09-03 01:49:06.269031+00:00,0,A
TX14338,USR_1279,ACC_2279,40.67,USD,CARD,MER_145,BEN_741,DEV_965,1954f8dacd6f403a,"London, UK",2026-09-03 01:51:06.269031+00:00,0,A
TX14098,USR_1034,ACC_2034,60.89,USD,ACH,MER_254,BEN_715,DEV_518,95848e58ee16c597,"Toronto, CA",2026-09-03 01:52:06.269031+00:00,0,A
TX14745,USR_1074,ACC_2074,60.68,USD,CARD,MER_173,BEN_812,DEV_541,167806ab11382ccb,"London, UK",2026-09-03 01:57:06.269031+00:00,0,A
TX13930,USR_1231,ACC_2231,120.18,USD,ACH,MER_290,BEN_713,DEV_253,f3e6e6aad46a7ebd,"Toronto, CA",2026-09-03 02:03:06.269031+00:00,0,A
TX13757,USR_1155,ACC_2155,167.63,USD,ACH,MER_313,BEN_967,DEV_887,12a2612a581bf810,"Toronto, CA",2026-09-03 02:07:06.269031+00:00,0,A
TX13955,USR_1289,ACC_2289,184.6,USD,ACH,MER_158,BEN_960,DEV_777,d86fed0966b732bb,"Toronto, CA",2026-09-03 02:08:06.269031+00:00,0,A
TX14723,USR_1026,ACC_2026,80.29,USD,WIRE,MER_387,BEN_566,DEV_749,644cd2e14ee2c85b,"New York, US",2026-09-03 02:10:06.269031+00:00,0,A
TX13975,USR_1002,ACC_2002,8883.57,USD,P2P,MER_147,BEN_RING_777,DEV_RING_999,fd5dc3897b156800,"Tokyo, JP",2026-09-03 02:19:06.269031+00:00,1,D
TX14360,USR_1268,ACC_2268,107.52,USD,CARD,MER_255,BEN_743,DEV_139,5580895259e008e5,"London, UK",2026-09-03 02:19:06.269031+00:00,0,A
TX14547,USR_1105,ACC_2105,5.0,USD,ACH,MER_240,BEN_577,DEV_797,07270622312de951,"Tokyo, JP",2026-09-03 02:22:06.269031+00:00,0,A
TX14331,USR_1294,ACC_2294,94.64,USD,WIRE,MER_344,BEN_639,DEV_481,cb3af032c68139db,"Sydney, AU",2026-09-03 02:26:06.269031+00:00,0,A
TX14800,USR_1088,ACC_2088,59.45,USD,ACH,MER_131,BEN_872,DEV_625,bb2cb8fd7aba67e8,"Toronto, CA",2026-09-03 02:27:06.269031+00:00,0,A
TX14339,USR_1190,ACC_2190,55.76,USD,ACH,MER_298,BEN_506,DEV_126,b887672fb3b147e6,"Toronto, CA",2026-09-03 02:28:06.269031+00:00,0,A
TX14690,USR_1134,ACC_2134,151.0,USD,P2P,MER_321,BEN_566,DEV_999,8fa3e619e9acd6ae,"Toronto, CA",2026-09-03 02:28:06.269031+00:00,0,A
TX13985,USR_1002,ACC_2002,4362.07,USD,WIRE,MER_152,BEN_NEW_9186,DEV_ATO_5134,29be96e1b6376c5e,Unknown / Proxy IP,2026-09-03 02:30:06.269031+00:00,1,C
TX14753,USR_1293,ACC_2293,82.02,USD,CARD,MER_187,BEN_570,DEV_218,5fcbcf952ebe4639,"New York, US",2026-09-03 02:38:06.269031+00:00,0,A
TX13419,USR_1009,ACC_2009,25.84,USD,P2P,MER_274,BEN_849,DEV_641,f95917160c8c9e2a,"New York, US",2026-09-03 02:42:06.269031+00:00,0,A
TX14102,USR_1120,ACC_2120,185.42,USD,ACH,MER_134,BEN_768,DEV_729,acf4e5f702d3cb66,"London, UK",2026-09-03 02:47:06.269031+00:00,0,A
TX13801,USR_1104,ACC_2104,233.79,USD,WIRE,MER_138,BEN_631,DEV_844,4945799b02508963,"New York, US",2026-09-03 02:47:06.269031+00:00,0,A
TX13860,USR_1147,ACC_2147,74.68,USD,ACH,MER_294,BEN_798,DEV_711,aad4dc93bf3e811d,"Toronto, CA",2026-09-03 02:56:06.269031+00:00,0,A
TX14749,USR_1248,ACC_2248,58.48,USD,CARD,MER_388,BEN_860,DEV_280,f39d9230d2c100e0,"Tokyo, JP",2026-09-03 03:01:06.269031+00:00,0,A
TX13151,USR_1290,ACC_2290,66.94,USD,P2P,MER_182,BEN_860,DEV_609,7a232aa325593eec,"Tokyo, JP",2026-09-03 03:05:06.269031+00:00,0,A
TX13814,USR_1142,ACC_2142,66.47,USD,ACH,MER_168,BEN_504,DEV_151,bcd8541d04723bde,"Sydney, AU",2026-09-03 03:06:06.269031+00:00,0,A
TX14355,USR_1117,ACC_2117,55.18,USD,P2P,MER_102,BEN_646,DEV_959,cc37dbb565d122a4,"London, UK",2026-09-03 03:07:06.269031+00:00,0,A
TX12344,USR_1160,ACC_2160,28.5,USD,P2P,MER_251,BEN_969,DEV_576,337d54f89d9cced9,"Toronto, CA",2026-09-03 03:21:06.269031+00:00,0,A
TX14168,USR_1099,ACC_2099,190.34,USD,P2P,MER_267,BEN_984,DEV_146,a337844e39f0a6d2,"New York, US",2026-09-03 03:31:06.269031+00:00,0,A
TX14898,USR_1298,ACC_2298,127.75,USD,P2P,MER_214,BEN_525,DEV_990,77f386399a2800ee,"London, UK",2026-09-03 03:47:06.269031+00:00,0,A
TX13086,USR_1039,ACC_2039,175.24,USD,ACH,MER_366,BEN_930,DEV_950,b60f32873a6a1158,"Sydney, AU",2026-09-03 03:49:06.269031+00:00,0,A
TX14436,USR_1075,ACC_2075,160.4,USD,WIRE,MER_326,BEN_779,DEV_572,7a29d09e4d3a3ef7,"New York, US",2026-09-03 04:08:06.269031+00:00,0,A
TX12969,USR_1065,ACC_2065,109.1,USD,ACH,MER_167,BEN_604,DEV_523,d04e3cabd94c53fe,"Sydney, AU",2026-09-03 04:14:06.269031+00:00,0,A
TX14186,USR_1099,ACC_2099,136.83,USD,CARD,MER_161,BEN_654,DEV_325,7f3bb771f0573b6f,"New York, US",2026-09-03 04:19:06.269031+00:00,0,A
TX13269,USR_1193,ACC_2193,185.4,USD,CARD,MER_190,BEN_653,DEV_550,e4ba75bf79fdcb04,"Toronto, CA",2026-09-03 04:27:06.269031+00:00,0,A
TX11463,USR_1003,ACC_2003,138.2,USD,WIRE,MER_293,BEN_998,DEV_452,5fb8c19f162b2fd9,"Sydney, AU",2026-09-03 04:40:06.269031+00:00,0,A
TX14903,USR_1089,ACC_2089,38.73,USD,P2P,MER_264,BEN_960,DEV_511,abe8616dca369737,"Sydney, AU",2026-09-03 04:45:06.269031+00:00,0,A
TX14159,USR_1017,ACC_2017,43.83,USD,CARD,MER_381,BEN_627,DEV_296,12ddf45271aaaaa6,"Sydney, AU",2026-09-03 04:46:06.269031+00:00,0,A
TX13797,USR_1155,ACC_2155,236.45,USD,WIRE,MER_189,BEN_967,DEV_887,12a2612a581bf810,"Toronto, CA",2026-09-03 04:47:06.269031+00:00,0,A
TX14549,USR_1270,ACC_2270,907.03,USD,ACH,MER_133,BEN_920,DEV_NEW_2200,3631663658218087,"Sydney, AU",2026-09-03 04:47:06.269031+00:00,1,B
TX13904,USR_1096,ACC_2096,190.62,USD,WIRE,MER_332,BEN_771,DEV_679,6427c36c4f3ddfa5,"New York, US",2026-09-03 04:48:06.269031+00:00,0,A
TX14626,USR_1034,ACC_2034,55.63,USD,ACH,MER_254,BEN_840,DEV_782,95848e58ee16c597,"Toronto, CA",2026-09-03 04:57:06.269031+00:00,0,A
TX13502,USR_1282,ACC_2282,89.75,USD,WIRE,MER_240,BEN_824,DEV_423,a056b9561fb0441c,"New York, US",2026-09-03 05:01:06.269031+00:00,0,A
TX14905,USR_1057,ACC_2057,98.29,USD,ACH,MER_319,BEN_694,DEV_354,c45d5c6c769f2b69,"Toronto, CA",2026-09-03 05:04:06.269031+00:00,0,A
TX14525,USR_1198,ACC_2198,16.67,USD,ACH,MER_397,BEN_613,DEV_870,e9f7c9e4f8358d4f,"New York, US",2026-09-03 05:05:06.269031+00:00,0,A
TX14251,USR_1241,ACC_2241,6.78,USD,P2P,MER_143,BEN_921,DEV_204,fbd7d4ee4caf9386,"New York, US",2026-09-03 05:06:06.269031+00:00,0,A
TX14922,USR_1205,ACC_2205,101.17,USD,P2P,MER_170,BEN_761,DEV_420,17a963387deb159b,"London, UK",2026-09-03 05:12:06.269031+00:00,0,A
TX14663,USR_1245,ACC_2245,130.14,USD,WIRE,MER_378,BEN_778,DEV_240,de4ba9a4b949b1d3,"Toronto, CA",2026-09-03 05:12:06.269031+00:00,0,A
TX12672,USR_1208,ACC_2208,67.94,USD,WIRE,MER_389,BEN_586,DEV_914,bf683377a3f8fe47,"Tokyo, JP",2026-09-03 05:22:06.269031+00:00,0,A
TX14142,USR_1211,ACC_2211,82.34,USD,CARD,MER_265,BEN_679,DEV_730,1c69e66247a30c97,"London, UK",2026-09-03 05:24:06.269031+00:00,0,A
TX12876,USR_1008,ACC_2008,4588.71,USD,P2P,MER_132,BEN_RING_777,DEV_RING_999,fd5dc3897b156800,"New York, US",2026-09-03 05:25:06.269031+00:00,1,D
TX14646,USR_1218,ACC_2218,68.58,USD,CARD,MER_316,BEN_675,DEV_318,d7226c000046452f,"London, UK",2026-09-03 05:33:06.269031+00:00,0,A
TX14926,USR_1000,ACC_2000,104.33,USD,WIRE,MER_379,BEN_846,DEV_125,e5b5a7e8cd8467b3,"London, UK",2026-09-03 05:34:06.269031+00:00,0,A
TX13411,USR_1042,ACC_2042,47.46,USD,ACH,MER_323,BEN_639,DEV_871,4deedbb583918fca,"Sydney, AU",2026-09-03 05:42:06.269031+00:00,0,A
TX13337,USR_1065,ACC_2065,73.35,USD,ACH,MER_247,BEN_781,DEV_523,50f80dd021cf6a7a,"Sydney, AU",2026-09-03 05:55:06.269031+00:00,0,A
TX12847,USR_1236,ACC_2236,6.69,USD,P2P,MER_138,BEN_568,DEV_817,d1657b5d33f1bffa,"Toronto, CA",2026-09-03 05:58:06.269031+00:00,0,A
TX13630,USR_1039,ACC_2039,106.79,USD,ACH,MER_366,BEN_930,DEV_661,51115cee44834188,"Sydney, AU",2026-09-03 06:00:06.269031+00:00,0,A
TX11939,USR_1004,ACC_2004,2088.08,USD,P2P,MER_151,BEN_RING_777,DEV_RING_999,fd5dc3897b156800,"Tokyo, JP",2026-09-03 06:04:06.269031+00:00,1,D
TX12872,USR_1014,ACC_2014,3060.16,USD,P2P,MER_269,BEN_RING_777,DEV_RING_999,fd5dc3897b156800,"Toronto, CA",2026-09-03 06:08:06.269031+00:00,1,D
TX13957,USR_1185,ACC_2185,164.06,USD,P2P,MER_261,BEN_975,DEV_147,47545ed8e2a937ee,"Toronto, CA",2026-09-03 06:19:06.269031+00:00,0,A
TX14323,USR_1113,ACC_2113,106.72,USD,P2P,MER_258,BEN_901,DEV_838,98eccdccd122648d,"London, UK",2026-09-03 06:19:06.269031+00:00,0,A
TX14939,USR_1284,ACC_2284,180.67,USD,CARD,MER_109,BEN_926,DEV_138,ccbf846be6c6de2e,"New York, US",2026-09-03 06:21:06.269031+00:00,0,A
TX14738,USR_1152,ACC_2152,172.42,USD,CARD,MER_238,BEN_609,DEV_394,bd5e4722f4a3f853,"Sydney, AU",2026-09-03 06:53:06.269031+00:00,0,A
TX14493,USR_1099,ACC_2099,156.54,USD,ACH,MER_267,BEN_984,DEV_325,a337844e39f0a6d2,"New York, US",2026-09-03 06:53:06.269031+00:00,0,A
TX13501,USR_1208,ACC_2208,69.97,USD,CARD,MER_361,BEN_647,DEV_914,bf683377a3f8fe47,"Tokyo, JP",2026-09-03 06:54:06.269031+00:00,0,A
TX13320,USR_1112,ACC_2112,13.21,USD,ACH,MER_192,BEN_672,DEV_619,21a2fd522723acff,"Toronto, CA",2026-09-03 06:59:06.269031+00:00,0,A
TX13341,USR_1084,ACC_2084,67.07,USD,P2P,MER_162,BEN_641,DEV_975,0f2642a2d4f0e8ea,"Tokyo, JP",2026-09-03 07:02:06.269031+00:00,0,A
TX13154,USR_1063,ACC_2063,101.95,USD,P2P,MER_310,BEN_678,DEV_699,201c1973492a8659,"New York, US",2026-09-03 07:05:06.269031+00:00,0,A
TX14595,USR_1283,ACC_2283,206.78,USD,WIRE,MER_296,BEN_722,DEV_690,dbb28b3f2cec6d9a,"New York, US",2026-09-03 07:05:06.269031+00:00,0,A
TX14760,USR_1198,ACC_2198,12.2,USD,ACH,MER_361,BEN_632,DEV_870,e9f7c9e4f8358d4f,"New York, US",2026-09-03 07:12:06.269031+00:00,0,A
TX14740,USR_1156,ACC_2156,5.0,USD,WIRE,MER_245,BEN_790,DEV_290,62075f8be723f4c2,"New York, US",2026-09-03 07:24:06.269031+00:00,0,A
TX14811,USR_1189,ACC_2189,95.52,USD,CARD,MER_329,BEN_889,DEV_469,d0509ec5865f2372,"Tokyo, JP",2026-09-03 07:24:06.269031+00:00,0,A
TX14309,USR_1097,ACC_2097,33.02,USD,P2P,MER_180,BEN_526,DEV_478,50903041fbb7424c,"Toronto, CA",2026-09-03 07:31:06.269031+00:00,0,A
TX14982,USR_1202,ACC_2202,36.11,USD,WIRE,MER_209,BEN_877,DEV_916,9dfdf13e2de836ee,"Sydney, AU",2026-09-03 07:39:06.269031+00:00,0,A
TX14556,USR_1023,ACC_2023,122.55,USD,P2P,MER_378,BEN_625,DEV_175,ef68c766279b5ce9,"London, UK",2026-09-03 07:48:06.269031+00:00,0,A
TX13605,USR_1137,ACC_2137,133.57,USD,ACH,MER_313,BEN_607,DEV_183,164f8d9a21be4783,"Toronto, CA",2026-09-03 07:50:06.269031+00:00,0,A
TX13369,USR_1008,ACC_2008,9155.8,USD,P2P,MER_181,BEN_RING_777,DEV_RING_999,fd5dc3897b156800,"New York, US",2026-09-03 08:07:06.269031+00:00,1,D
TX14727,USR_1256,ACC_2256,62.2,USD,CARD,MER_263,BEN_583,DEV_659,1ef60236fe347e83,"Toronto, CA",2026-09-03 08:07:06.269031+00:00,0,A
TX13325,USR_1274,ACC_2274,25.9,USD,ACH,MER_167,BEN_899,DEV_762,383262a527cc1403,"Sydney, AU",2026-09-03 08:24:06.269031+00:00,0,A
TX12803,USR_1244,ACC_2244,99.62,USD,ACH,MER_310,BEN_651,DEV_386,95af57c5afaf0f11,"Toronto, CA",2026-09-03 08:28:06.269031+00:00,0,A
TX14271,USR_1254,ACC_2254,72.52,USD,P2P,MER_235,BEN_993,DEV_439,81d994e1fde62732,"Tokyo, JP",2026-09-03 08:41:06.269031+00:00,0,A
TX14342,USR_1010,ACC_2010,8456.7,USD,P2P,MER_359,BEN_RING_777,DEV_RING_999,fd5dc3897b156800,"Tokyo, JP",2026-09-03 08:43:06.269031+00:00,1,D
TX14460,USR_1157,ACC_2157,85.66,USD,ACH,MER_107,BEN_831,DEV_971,82338ff02e297db6,"New York, US",2026-09-03 08:46:06.269031+00:00,0,A
TX12483,USR_1013,ACC_2013,34.29,USD,WIRE,MER_364,BEN_832,DEV_652,a46549e884857643,"Tokyo, JP",2026-09-03 08:54:06.269031+00:00,0,A
TX14053,USR_1147,ACC_2147,134.34,USD,P2P,MER_187,BEN_526,DEV_711,aad4dc93bf3e811d,"Toronto, CA",2026-09-03 09:05:06.269031+00:00,0,A
TX14822,USR_1010,ACC_2010,36.97,USD,CARD,MER_359,BEN_967,DEV_564,f192cebecb4b1736,"Tokyo, JP",2026-09-03 09:29:06.269031+00:00,0,A
TX14833,USR_1056,ACC_2056,87.91,USD,ACH,MER_127,BEN_558,DEV_590,292e1d1a2fc9ded3,"Tokyo, JP",2026-09-03 09:41:06.269031+00:00,0,A
TX11627,USR_1011,ACC_2011,40.77,USD,P2P,MER_223,BEN_509,DEV_652,447b0bb524bb1252,"New York, US",2026-09-03 09:42:06.269031+00:00,0,A
TX14751,USR_1050,ACC_2050,46.87,USD,P2P,MER_349,BEN_514,DEV_349,1bf0c487dfdc7d77,"Sydney, AU",2026-09-03 09:42:06.269031+00:00,0,A
TX13297,USR_1101,ACC_2101,122.57,USD,WIRE,MER_266,BEN_793,DEV_570,9ad7f3c439662655,"Toronto, CA",2026-09-03 09:52:06.269031+00:00,0,A
TX14981,USR_1165,ACC_2165,150.0,USD,P2P,MER_315,BEN_709,DEV_654,6a209799414ac9ae,"Sydney, AU",2026-09-03 09:59:06.269031+00:00,0,A
TX13441,USR_1042,ACC_2042,59.22,USD,WIRE,MER_299,BEN_639,DEV_405,070ff06ec268ff91,"Sydney, AU",2026-09-03 10:08:06.269031+00:00,0,A
TX14027,USR_1037,ACC_2037,61.02,USD,CARD,MER_317,BEN_704,DEV_524,47d647a2985d1a90,"Sydney, AU",2026-09-03 10:15:06.269031+00:00,0,A
TX14582,USR_1295,ACC_2295,5.0,USD,WIRE,MER_294,BEN_791,DEV_964,4263555a333d9831,"Toronto, CA",2026-09-03 10:19:06.269031+00:00,0,A
TX13746,USR_1145,ACC_2145,400.84,USD,ACH,MER_171,BEN_810,DEV_NEW_5106,5286bf21461c013e,"Sydney, AU",2026-09-03 10:26:06.269031+00:00,1,B
TX14105,USR_1054,ACC_2054,106.41,USD,CARD,MER_191,BEN_599,DEV_321,99ea77d9ff8fe312,"Toronto, CA",2026-09-03 10:42:06.269031+00:00,0,A
TX14456,USR_1060,ACC_2060,101.66,USD,CARD,MER_184,BEN_536,DEV_535,3c49e5003110f2c6,"London, UK",2026-09-03 10:44:06.269031+00:00,0,A
TX13364,USR_1047,ACC_2047,1281.11,USD,CARD,MER_389,BEN_538,DEV_NEW_1494,a800010fef16c5ea,"Sydney, AU",2026-09-03 11:05:06.269031+00:00,0,B
TX14231,USR_1251,ACC_2251,61.24,USD,WIRE,MER_151,BEN_860,DEV_892,1967d4b96d6bf678,"Tokyo, JP",2026-09-03 11:24:06.269031+00:00,0,A
TX14003,USR_1204,ACC_2204,5.0,USD,CARD,MER_280,BEN_812,DEV_216,d31bda7984910180,"Tokyo, JP",2026-09-03 11:26:06.269031+00:00,0,A
TX13674,USR_1095,ACC_2095,966.78,USD,P2P,MER_103,BEN_639,DEV_NEW_1780,0650760e7d900a61,"Tokyo, JP",2026-09-03 11:29:06.269031+00:00,1,B
TX14986,USR_1205,ACC_2205,116.64,USD,ACH,MER_296,BEN_855,DEV_420,17a963387deb159b,"London, UK",2026-09-03 11:35:06.269031+00:00,0,A
TX13368,USR_1193,ACC_2193,226.88,USD,CARD,MER_190,BEN_653,DEV_550,e4ba75bf79fdcb04,"Toronto, CA",2026-09-03 11:39:06.269031+00:00,0,A
TX14875,USR_1267,ACC_2267,81.97,USD,CARD,MER_119,BEN_835,DEV_648,9d27a1fb075270c8,"Tokyo, JP",2026-09-03 11:40:06.269031+00:00,0,A
TX11542,USR_1003,ACC_2003,4684.09,USD,P2P,MER_140,BEN_RING_777,DEV_RING_999,fd5dc3897b156800,"Sydney, AU",2026-09-03 11:40:06.269031+00:00,1,D
TX14766,USR_1198,ACC_2198,87.81,USD,WIRE,MER_397,BEN_613,DEV_439,e9f7c9e4f8358d4f,"New York, US",2026-09-03 11:58:06.269031+00:00,0,A
TX13824,USR_1008,ACC_2008,95.64,USD,P2P,MER_297,BEN_578,DEV_470,e2c63244fb17a1bf,"New York, US",2026-09-03 12:12:06.269031+00:00,0,A
TX14403,USR_1254,ACC_2254,116.6,USD,WIRE,MER_271,BEN_953,DEV_439,ce7d41e693885b0f,"Tokyo, JP",2026-09-03 12:18:06.269031+00:00,0,A
TX14282,USR_1227,ACC_2227,73.21,USD,P2P,MER_170,BEN_506,DEV_564,d402ea784b1d456b,"London, UK",2026-09-03 12:23:06.269031+00:00,0,A
TX14421,USR_1124,ACC_2124,237.22,USD,WIRE,MER_304,BEN_688,DEV_NEW_8919,b4895ee1beb11ace,"Tokyo, JP",2026-09-03 12:41:06.269031+00:00,0,B
TX14205,USR_1271,ACC_2271,234.76,USD,ACH,MER_116,BEN_598,DEV_899,c67a1e0a7190f404,"New York, US",2026-09-03 12:48:06.269031+00:00,0,A
TX14401,USR_1279,ACC_2279,228.47,USD,P2P,MER_232,BEN_879,DEV_NEW_3479,98f7d33c8fc726ac,"London, UK",2026-09-03 12:57:06.269031+00:00,1,B
TX13750,USR_1127,ACC_2127,8.4,USD,CARD,MER_324,BEN_934,DEV_787,c2be3c3ecfd76072,"London, UK",2026-09-03 13:01:06.269031+00:00,0,A
TX14409,USR_1040,ACC_2040,29.4,USD,ACH,MER_209,BEN_577,DEV_830,3eb4005ac7b49cb1,"Tokyo, JP",2026-09-03 13:14:06.269031+00:00,0,A
TX13558,USR_1009,ACC_2009,38.32,USD,ACH,MER_157,BEN_953,DEV_641,3db2a3b19d9769cc,"New York, US",2026-09-03 13:15:06.269031+00:00,0,A
TX14893,USR_1249,ACC_2249,212.91,USD,WIRE,MER_212,BEN_519,DEV_956,c24ea062cf3c7968,"Sydney, AU",2026-09-03 13:23:06.269031+00:00,0,A
TX13262,USR_1081,ACC_2081,108.94,USD,CARD,MER_387,BEN_741,DEV_490,54c1bae29c21b64f,"New York, US",2026-09-03 13:24:06.269031+00:00,0,A
TX14307,USR_1178,ACC_2178,117.68,USD,WIRE,MER_335,BEN_781,DEV_437,7a1f096984df4b45,"London, UK",2026-09-03 13:34:06.269031+00:00,0,A
TX13966,USR_1243,ACC_2243,48.91,USD,WIRE,MER_281,BEN_849,DEV_687,374dcf84a838dbb4,"Sydney, AU",2026-09-03 13:35:06.269031+00:00,0,A
TX14900,USR_1170,ACC_2170,28.24,USD,P2P,MER_221,BEN_895,DEV_615,f0cd8fb7596faa02,"Toronto, CA",2026-09-03 13:36:06.269031+00:00,0,A
TX14394,USR_1093,ACC_2093,107.94,USD,P2P,MER_346,BEN_807,DEV_781,6d45d735eff42d6f,"New York, US",2026-09-03 13:38:06.269031+00:00,0,A
TX14374,USR_1221,ACC_2221,84.97,USD,WIRE,MER_245,BEN_641,DEV_703,decd57703473e273,"Sydney, AU",2026-09-03 13:40:06.269031+00:00,0,A
TX12917,USR_1001,ACC_2001,5214.07,USD,P2P,MER_212,BEN_RING_777,DEV_RING_999,fd5dc3897b156800,"Toronto, CA",2026-09-03 13:44:06.269031+00:00,1,D
TX14709,USR_1295,ACC_2295,171.37,USD,ACH,MER_294,BEN_847,DEV_NEW_7407,a64a19e570d11404,"Toronto, CA",2026-09-03 13:53:06.269031+00:00,1,B
TX12961,USR_1273,ACC_2273,67.33,USD,ACH,MER_183,BEN_645,DEV_700,ead1ba663b08014c,"Tokyo, JP",2026-09-03 14:01:06.269031+00:00,0,A
TX13321,USR_1081,ACC_2081,144.34,USD,ACH,MER_132,BEN_512,DEV_490,2aad58fdf2327f88,"New York, US",2026-09-03 14:03:06.269031+00:00,0,A
TX14938,USR_1285,ACC_2285,94.54,USD,P2P,MER_248,BEN_921,DEV_232,647fdc8c126a42c4,"London, UK",2026-09-03 14:06:06.269031+00:00,0,A
TX12577,USR_1139,ACC_2139,89.98,USD,P2P,MER_154,BEN_566,DEV_420,81a41f4d213f9ad2,"Tokyo, JP",2026-09-03 14:09:06.269031+00:00,0,A
TX14849,USR_1138,ACC_2138,131.55,USD,P2P,MER_312,BEN_852,DEV_594,895fb4d15f41d577,"Tokyo, JP",2026-09-03 14:09:06.269031+00:00,0,A
TX14294,USR_1012,ACC_2012,134.42,USD,WIRE,MER_184,BEN_743,DEV_187,a36b945469e26e05,"Toronto, CA",2026-09-03 14:10:06.269031+00:00,0,A
TX14888,USR_1189,ACC_2189,106.99,USD,ACH,MER_329,BEN_684,DEV_424,a15c24663e9716f9,"Tokyo, JP",2026-09-03 14:14:06.269031+00:00,0,A
TX14854,USR_1099,ACC_2099,175.3,USD,P2P,MER_267,BEN_654,DEV_146,7f3bb771f0573b6f,"New York, US",2026-09-03 14:20:06.269031+00:00,0,A
TX14933,USR_1010,ACC_2010,89.39,USD,ACH,MER_359,BEN_759,DEV_261,f192cebecb4b1736,"Tokyo, JP",2026-09-03 14:21:06.269031+00:00,0,A
TX13394,USR_1064,ACC_2064,841.71,USD,CARD,MER_363,BEN_661,DEV_NEW_1906,4db1862dd0e40d19,"Sydney, AU",2026-09-03 14:23:06.269031+00:00,1,B
TX13972,USR_1289,ACC_2289,148.94,USD,P2P,MER_160,BEN_925,DEV_777,d86fed0966b732bb,"Toronto, CA",2026-09-03 14:32:06.269031+00:00,0,A
TX14154,USR_1211,ACC_2211,85.21,USD,CARD,MER_243,BEN_679,DEV_730,83c17ff4daf45ecd,"London, UK",2026-09-03 14:38:06.269031+00:00,0,A
TX14257,USR_1067,ACC_2067,63.63,USD,WIRE,MER_382,BEN_741,DEV_610,f80d4ec22628293a,"Tokyo, JP",2026-09-03 14:40:06.269031+00:00,0,A
TX13365,USR_1081,ACC_2081,100.39,USD,ACH,MER_213,BEN_512,DEV_490,2aad58fdf2327f88,"New York, US",2026-09-03 14:54:06.269031+00:00,0,A
TX14534,USR_1043,ACC_2043,82.78,USD,WIRE,MER_113,BEN_964,DEV_841,ddb6fca6c2d4c785,"Toronto, CA",2026-09-03 15:02:06.269031+00:00,0,A
TX13513,USR_1065,ACC_2065,109.23,USD,P2P,MER_162,BEN_781,DEV_155,d04e3cabd94c53fe,"Sydney, AU",2026-09-03 15:13:06.269031+00:00,0,A
TX13781,USR_1282,ACC_2282,105.0,USD,WIRE,MER_207,BEN_824,DEV_423,d3d65ee8b2408bc7,"New York, US",2026-09-03 15:15:06.269031+00:00,0,A
TX14466,USR_1294,ACC_2294,111.64,USD,CARD,MER_157,BEN_992,DEV_481,c6bb668bbeb4bf8e,"Sydney, AU",2026-09-03 15:22:06.269031+00:00,0,A
TX14305,USR_1095,ACC_2095,161.24,USD,ACH,MER_103,BEN_639,DEV_723,47dee88f32dc4e73,"Tokyo, JP",2026-09-03 15:31:06.269031+00:00,0,A
TX14946,USR_1267,ACC_2267,115.63,USD,WIRE,MER_306,BEN_792,DEV_648,4a5972ea9c44bd37,"Tokyo, JP",2026-09-03 15:43:06.269031+00:00,0,A
TX14711,USR_1031,ACC_2031,46.9,USD,ACH,MER_191,BEN_847,DEV_385,ee85905019f3301c,"Tokyo, JP",2026-09-03 15:48:06.269031+00:00,0,A
TX14429,USR_1241,ACC_2241,95.09,USD,CARD,MER_400,BEN_601,DEV_204,fbd7d4ee4caf9386,"New York, US",2026-09-03 15:53:06.269031+00:00,0,A
TX14327,USR_1136,ACC_2136,84.38,USD,WIRE,MER_121,BEN_797,DEV_740,bde624019cb538ca,"Toronto, CA",2026-09-03 15:55:06.269031+00:00,0,A
TX14717,USR_1031,ACC_2031,611.47,USD,WIRE,MER_159,BEN_NEW_8793,DEV_ATO_9502,73c3351fb0a4c0c3,Unknown / Proxy IP,2026-09-03 15:58:06.269031+00:00,1,C
TX13488,USR_1051,ACC_2051,88.31,USD,P2P,MER_308,BEN_543,DEV_386,3e9b67fa112f4e75,"New York, US",2026-09-03 16:02:06.269031+00:00,0,A
TX14722,USR_1125,ACC_2125,46.06,USD,WIRE,MER_250,BEN_910,DEV_608,9d968dc522301427,"Toronto, CA",2026-09-03 16:05:06.269031+00:00,0,A
TX14449,USR_1211,ACC_2211,72.92,USD,P2P,MER_186,BEN_679,DEV_730,83c17ff4daf45ecd,"London, UK",2026-09-03 16:17:06.269031+00:00,0,A
TX14619,USR_1040,ACC_2040,43.0,USD,CARD,MER_296,BEN_570,DEV_830,db45800d487a786b,"Tokyo, JP",2026-09-03 16:21:06.269031+00:00,0,A
TX13465,USR_1187,ACC_2187,698.55,USD,CARD,MER_239,BEN_667,DEV_NEW_5454,a14175d14a3639c0,"Toronto, CA",2026-09-03 16:21:06.269031+00:00,1,B
TX13507,USR_1232,ACC_2232,55.56,USD,P2P,MER_259,BEN_988,DEV_614,57cd4dd75ee045c8,"London, UK",2026-09-03 16:22:06.269031+00:00,0,A
TX14371,USR_1150,ACC_2150,59.41,USD,P2P,MER_247,BEN_626,DEV_645,43a67aa88ddfe9a5,"Tokyo, JP",2026-09-03 16:26:06.269031+00:00,0,A
TX14613,USR_1017,ACC_2017,36.98,USD,CARD,MER_150,BEN_627,DEV_296,8c715aa596b7f198,"Sydney, AU",2026-09-03 16:45:06.269031+00:00,0,A
TX12474,USR_1160,ACC_2160,52.04,USD,ACH,MER_213,BEN_560,DEV_576,6cbbb8d9648be29a,"Toronto, CA",2026-09-03 16:53:06.269031+00:00,0,A
TX13494,USR_1047,ACC_2047,230.96,USD,CARD,MER_224,BEN_803,DEV_692,a800010fef16c5ea,"Sydney, AU",2026-09-03 16:54:06.269031+00:00,0,A
TX14687,USR_1097,ACC_2097,116.92,USD,P2P,MER_141,BEN_526,DEV_478,50903041fbb7424c,"Toronto, CA",2026-09-03 16:57:06.269031+00:00,0,A
TX14797,USR_1268,ACC_2268,93.18,USD,P2P,MER_110,BEN_881,DEV_505,5580895259e008e5,"London, UK",2026-09-03 17:01:06.269031+00:00,0,A
TX14596,USR_1190,ACC_2190,19.56,USD,WIRE,MER_311,BEN_506,DEV_205,b887672fb3b147e6,"Toronto, CA",2026-09-03 17:05:06.269031+00:00,0,A
TX14250,USR_1147,ACC_2147,131.7,USD,P2P,MER_175,BEN_798,DEV_711,aad4dc93bf3e811d,"Toronto, CA",2026-09-03 17:56:06.269031+00:00,0,A
TX14985,USR_1024,ACC_2024,71.74,USD,WIRE,MER_168,BEN_977,DEV_726,8a0759df3a3a9f03,"Toronto, CA",2026-09-03 17:59:06.269031+00:00,0,A
TX14574,USR_1006,ACC_2006,17.44,USD,WIRE,MER_305,BEN_920,DEV_801,7b9b363b102f9355,"New York, US",2026-09-03 18:13:06.269031+00:00,0,A
TX12915,USR_1182,ACC_2182,64.01,USD,ACH,MER_307,BEN_691,DEV_346,6fe60e5021e846bd,"Tokyo, JP",2026-09-03 18:19:06.269031+00:00,0,A
TX13666,USR_1235,ACC_2235,181.5,USD,P2P,MER_366,BEN_997,DEV_310,1fe9fcc6678ffd0c,"Sydney, AU",2026-09-03 18:56:06.269031+00:00,0,A
TX13536,USR_1042,ACC_2042,118.39,USD,WIRE,MER_348,BEN_749,DEV_405,4deedbb583918fca,"Sydney, AU",2026-09-03 18:59:06.269031+00:00,0,A
TX13857,USR_1235,ACC_2235,3628.71,USD,WIRE,MER_147,BEN_NEW_9167,DEV_ATO_9090,fca4ded5232bfd30,Unknown / Proxy IP,2026-09-03 19:05:06.269031+00:00,1,C
TX13018,USR_1014,ACC_2014,100.57,USD,WIRE,MER_217,BEN_862,DEV_446,f808d0e331397ae0,"Toronto, CA",2026-09-03 19:06:06.269031+00:00,0,A
TX14516,USR_1259,ACC_2259,129.78,USD,P2P,MER_250,BEN_684,DEV_198,a286ac7c278aa0b4,"Sydney, AU",2026-09-03 19:10:06.269031+00:00,0,A
TX14620,USR_1190,ACC_2190,5.0,USD,CARD,MER_143,BEN_506,DEV_205,3862c4777cb683d4,"Toronto, CA",2026-09-03 19:12:06.269031+00:00,0,A
TX13738,USR_1274,ACC_2274,109.84,USD,WIRE,MER_104,BEN_899,DEV_762,04d0d4de5d036722,"Sydney, AU",2026-09-03 19:14:06.269031+00:00,0,A
TX14840,USR_1166,ACC_2166,148.64,USD,CARD,MER_191,BEN_834,DEV_990,817ec2d627862004,"Toronto, CA",2026-09-03 19:16:06.269031+00:00,0,A
TX14068,USR_1231,ACC_2231,115.71,USD,WIRE,MER_238,BEN_614,DEV_253,f3e6e6aad46a7ebd,"Toronto, CA",2026-09-03 19:22:06.269031+00:00,0,A
TX14902,USR_1268,ACC_2268,104.08,USD,CARD,MER_237,BEN_743,DEV_139,5580895259e008e5,"London, UK",2026-09-03 19:26:06.269031+00:00,0,A
TX13090,USR_1007,ACC_2007,8982.23,USD,P2P,MER_387,BEN_RING_777,DEV_RING_999,fd5dc3897b156800,"Sydney, AU",2026-09-03 19:29:06.269031+00:00,1,D
TX13996,USR_1104,ACC_2104,191.95,USD,P2P,MER_337,BEN_631,DEV_844,66e643e8a810cdda,"New York, US",2026-09-03 19:43:06.269031+00:00,0,A
TX14006,USR_1155,ACC_2155,151.17,USD,CARD,MER_189,BEN_971,DEV_887,ce61f694417a43be,"Toronto, CA",2026-09-03 19:43:06.269031+00:00,0,A
TX13183,USR_1290,ACC_2290,24.2,USD,P2P,MER_182,BEN_709,DEV_609,7a232aa325593eec,"Tokyo, JP",2026-09-03 19:52:06.269031+00:00,0,A
TX12888,USR_1195,ACC_2195,538.46,USD,P2P,MER_255,BEN_724,DEV_NEW_9625,e6d664e190e0dcae,"Sydney, AU",2026-09-03 19:56:06.269031+00:00,1,B
TX14770,USR_1248,ACC_2248,82.89,USD,WIRE,MER_172,BEN_858,DEV_280,aed85343eab6ce68,"Tokyo, JP",2026-09-03 20:32:06.269031+00:00,0,A
TX13514,USR_1063,ACC_2063,113.99,USD,WIRE,MER_310,BEN_709,DEV_699,553ed483ad5e1493,"New York, US",2026-09-03 20:40:06.269031+00:00,0,A
TX14029,USR_1235,ACC_2235,144.1,USD,P2P,MER_122,BEN_572,DEV_310,1fe9fcc6678ffd0c,"Sydney, AU",2026-09-03 20:50:06.269031+00:00,0,A
TX14387,USR_1032,ACC_2032,113.36,USD,WIRE,MER_122,BEN_697,DEV_139,0bbd6e1752497cd8,"Tokyo, JP",2026-09-03 20:59:06.269031+00:00,0,A
TX11584,USR_1003,ACC_2003,120.95,USD,WIRE,MER_140,BEN_998,DEV_452,24ab4f9b83590934,"Sydney, AU",2026-09-03 21:01:06.269031+00:00,0,A
TX11984,USR_1005,ACC_2005,82.05,USD,ACH,MER_385,BEN_873,DEV_479,153c3b2b0c4f6c24,"New York, US",2026-09-03 21:09:06.269031+00:00,0,A
TX14841,USR_1152,ACC_2152,184.75,USD,ACH,MER_375,BEN_609,DEV_394,bd5e4722f4a3f853,"Sydney, AU",2026-09-03 21:30:06.269031+00:00,0,A
TX14353,USR_1185,ACC_2185,160.84,USD,WIRE,MER_261,BEN_591,DEV_147,f8fadad8ba4fa2c6,"Toronto, CA",2026-09-03 21:37:06.269031+00:00,0,A
TX14681,USR_1211,ACC_2211,5.0,USD,CARD,MER_265,BEN_791,DEV_730,83c17ff4daf45ecd,"London, UK",2026-09-03 21:42:06.269031+00:00,0,A
TX14146,USR_1167,ACC_2167,42.18,USD,WIRE,MER_294,BEN_737,DEV_845,b9416ceca6a04ceb,"New York, US",2026-09-03 21:44:06.269031+00:00,0,A
TX13448,USR_1048,ACC_2048,99.54,USD,WIRE,MER_335,BEN_921,DEV_455,2b9102c1b5c23e99,"New York, US",2026-09-03 21:45:06.269031+00:00,0,A
TX13612,USR_1081,ACC_2081,88.82,USD,CARD,MER_267,BEN_817,DEV_490,2aad58fdf2327f88,"New York, US",2026-09-03 22:02:06.269031+00:00,0,A
TX14487,USR_1257,ACC_2257,973.24,USD,CARD,MER_320,BEN_982,DEV_NEW_8713,7e192a1d985ae69e,"London, UK",2026-09-03 22:05:06.269031+00:00,0,B
TX14776,USR_1256,ACC_2256,86.67,USD,ACH,MER_233,BEN_731,DEV_659,3c88c3dde07ae353,"Toronto, CA",2026-09-03 22:34:06.269031+00:00,0,A
TX14842,USR_1050,ACC_2050,26.83,USD,WIRE,MER_349,BEN_666,DEV_349,176a14ccea5b7c33,"Sydney, AU",2026-09-03 22:35:06.269031+00:00,0,A
TX13998,USR_1187,ACC_2187,136.82,USD,CARD,MER_239,BEN_896,DEV_337,a1cb0cc2002ac8fe,"Toronto, CA",2026-09-03 22:35:06.269031+00:00,0,A
TX14858,USR_1043,ACC_2043,674.75,USD,CARD,MER_169,BEN_CAR_DEALER_190,DEV_UPGRADE_3076,a13bd63118e22736,"Toronto, CA",2026-09-03 22:43:06.269031+00:00,0,E
TX14295,USR_1208,ACC_2208,351.43,USD,P2P,MER_389,BEN_775,DEV_NEW_6697,bacf355b63690bcb,"Tokyo, JP",2026-09-03 22:44:06.269031+00:00,1,B
TX14000,USR_1002,ACC_2002,169.88,USD,ACH,MER_272,BEN_610,DEV_877,b88369def7f91b96,"Tokyo, JP",2026-09-03 22:50:06.269031+00:00,0,A
TX14846,USR_1235,ACC_2235,175.98,USD,WIRE,MER_366,BEN_997,DEV_310,726bb384b3c414ca,"Sydney, AU",2026-09-03 22:53:06.269031+00:00,0,A
TX14962,USR_1105,ACC_2105,40.09,USD,CARD,MER_240,BEN_725,DEV_797,07270622312de951,"Tokyo, JP",2026-09-03 23:05:06.269031+00:00,0,A
TX12088,USR_1004,ACC_2004,418.31,USD,WIRE,MER_242,BEN_CAR_DEALER_156,DEV_UPGRADE_3236,f03a39c22fff1376,"Tokyo, JP",2026-09-03 23:13:06.269031+00:00,0,E
TX13652,USR_1047,ACC_2047,233.96,USD,WIRE,MER_152,BEN_538,DEV_692,b8407f9f90f8f46f,"Sydney, AU",2026-09-03 23:19:06.269031+00:00,0,A
TX13907,USR_1142,ACC_2142,907.19,USD,CARD,MER_287,BEN_CAR_DEALER_110,DEV_UPGRADE_3448,bcd8541d04723bde,"Sydney, AU",2026-09-03 23:21:06.269031+00:00,0,E
TX14133,USR_1104,ACC_2104,154.77,USD,CARD,MER_337,BEN_588,DEV_938,66e643e8a810cdda,"New York, US",2026-09-03 23:29:06.269031+00:00,0,A
TX14500,USR_1113,ACC_2113,112.26,USD,WIRE,MER_219,BEN_812,DEV_838,422acfea258515ca,"London, UK",2026-09-03 23:29:06.269031+00:00,0,A
TX12566,USR_1160,ACC_2160,5.0,USD,WIRE,MER_212,BEN_560,DEV_576,6cbbb8d9648be29a,"Toronto, CA",2026-09-03 23:35:06.269031+00:00,0,A
TX13050,USR_1236,ACC_2236,100.83,USD,P2P,MER_138,BEN_568,DEV_481,d1657b5d33f1bffa,"Toronto, CA",2026-09-03 23:45:06.269031+00:00,0,A
TX14872,USR_1134,ACC_2134,158.87,USD,ACH,MER_357,BEN_994,DEV_999,8fa3e619e9acd6ae,"Toronto, CA",2026-09-03 23:48:06.269031+00:00,0,A
TX12535,USR_1013,ACC_2013,9454.82,USD,P2P,MER_215,BEN_RING_777,DEV_RING_999,fd5dc3897b156800,"Tokyo, JP",2026-09-03 23:48:06.269031+00:00,1,D
TX13806,USR_1039,ACC_2039,101.96,USD,P2P,MER_240,BEN_930,DEV_661,51115cee44834188,"Sydney, AU",2026-09-03 23:55:06.269031+00:00,0,A
TX13023,USR_1014,ACC_2014,7700.99,USD,P2P,MER_134,BEN_RING_777,DEV_RING_999,fd5dc3897b156800,"Toronto, CA",2026-09-04 00:04:06.269031+00:00,1,D
TX14603,USR_1023,ACC_2023,148.21,USD,ACH,MER_289,BEN_625,DEV_175,ef68c766279b5ce9,"London, UK",2026-09-04 00:09:06.269031+00:00,0,A
TX14847,USR_1293,ACC_2293,122.2,USD,P2P,MER_324,BEN_570,DEV_856,5fcbcf952ebe4639,"New York, US",2026-09-04 00:33:06.269031+00:00,0,A
TX14468,USR_1117,ACC_2117,532.35,USD,WIRE,MER_329,BEN_969,DEV_NEW_6977,cc37dbb565d122a4,"London, UK",2026-09-04 00:35:06.269031+00:00,0,B
TX14848,USR_1145,ACC_2145,98.15,USD,P2P,MER_171,BEN_763,DEV_830,5286bf21461c013e,"Sydney, AU",2026-09-04 00:35:06.269031+00:00,0,A
TX14818,USR_1295,ACC_2295,54.22,USD,ACH,MER_166,BEN_847,DEV_964,a64a19e570d11404,"Toronto, CA",2026-09-04 00:40:06.269031+00:00,0,A
TX14217,USR_1187,ACC_2187,77.58,USD,P2P,MER_330,BEN_824,DEV_958,a14175d14a3639c0,"Toronto, CA",2026-09-04 00:42:06.269031+00:00,0,A
TX14118,USR_1054,ACC_2054,99.1,USD,CARD,MER_284,BEN_599,DEV_321,99ea77d9ff8fe312,"Toronto, CA",2026-09-04 00:54:06.269031+00:00,0,A
TX13976,USR_1101,ACC_2101,99.93,USD,ACH,MER_158,BEN_827,DEV_570,67cd47b2a74e105a,"Toronto, CA",2026-09-04 01:25:06.269031+00:00,0,A
TX14796,USR_1147,ACC_2147,88.92,USD,ACH,MER_187,BEN_798,DEV_711,cc2140b5d86ce2fc,"Toronto, CA",2026-09-04 01:46:06.269031+00:00,0,A
TX14322,USR_1012,ACC_2012,90.2,USD,CARD,MER_316,BEN_743,DEV_187,e909c29bce6a8450,"Toronto, CA",2026-09-04 01:51:06.269031+00:00,0,A
TX13433,USR_1064,ACC_2064,219.28,USD,ACH,MER_363,BEN_661,DEV_778,8f4332526fb22e4a,"Sydney, AU",2026-09-04 02:09:06.269031+00:00,0,A
TX13990,USR_1051,ACC_2051,105.0,USD,P2P,MER_308,BEN_868,DEV_386,b397558ee799977c,"New York, US",2026-09-04 02:17:06.269031+00:00,0,A
TX14940,USR_1249,ACC_2249,195.23,USD,WIRE,MER_128,BEN_519,DEV_956,c24ea062cf3c7968,"Sydney, AU",2026-09-04 02:19:06.269031+00:00,0,A
TX14093,USR_1039,ACC_2039,464.3,USD,P2P,MER_240,BEN_930,DEV_NEW_3941,51115cee44834188,"Sydney, AU",2026-09-04 02:21:06.269031+00:00,1,B
TX13885,USR_1127,ACC_2127,5.0,USD,P2P,MER_220,BEN_934,DEV_787,c2be3c3ecfd76072,"London, UK",2026-09-04 02:26:06.269031+00:00,0,A
TX14486,USR_1185,ACC_2185,190.89,USD,P2P,MER_206,BEN_591,DEV_176,f8fadad8ba4fa2c6,"Toronto, CA",2026-09-04 02:31:06.269031+00:00,0,A
TX14652,USR_1218,ACC_2218,124.97,USD,P2P,MER_136,BEN_504,DEV_318,d7226c000046452f,"London, UK",2026-09-04 02:33:06.269031+00:00,0,A
TX14715,USR_1211,ACC_2211,108.43,USD,P2P,MER_375,BEN_679,DEV_730,83c17ff4daf45ecd,"London, UK",2026-09-04 02:57:06.269031+00:00,0,A
TX14372,USR_1101,ACC_2101,106.25,USD,WIRE,MER_248,BEN_827,DEV_570,67cd47b2a74e105a,"Toronto, CA",2026-09-04 03:01:06.269031+00:00,0,A
TX13890,USR_1193,ACC_2193,238.88,USD,WIRE,MER_202,BEN_664,DEV_442,e4ba75bf79fdcb04,"Toronto, CA",2026-09-04 03:03:06.269031+00:00,0,A
TX12754,USR_1160,ACC_2160,5.0,USD,ACH,MER_288,BEN_827,DEV_576,6cbbb8d9648be29a,"Toronto, CA",2026-09-04 03:05:06.269031+00:00,0,A
TX14990,USR_1268,ACC_2268,478.63,USD,WIRE,MER_255,BEN_881,DEV_NEW_7757,5580895259e008e5,"London, UK",2026-09-04 03:21:06.269031+00:00,0,B
TX14094,USR_1096,ACC_2096,1379.11,USD,ACH,MER_274,BEN_882,DEV_NEW_2080,2de281d9b2a90870,"New York, US",2026-09-04 03:22:06.269031+00:00,1,B
TX14641,USR_1067,ACC_2067,67.0,USD,P2P,MER_174,BEN_624,DEV_610,d7762f781a7e7f4a,"Tokyo, JP",2026-09-04 03:23:06.269031+00:00,0,A
TX13331,USR_1244,ACC_2244,60.94,USD,CARD,MER_345,BEN_755,DEV_556,95af57c5afaf0f11,"Toronto, CA",2026-09-04 03:35:06.269031+00:00,0,A
TX14725,USR_1096,ACC_2096,175.55,USD,CARD,MER_314,BEN_882,DEV_679,6427c36c4f3ddfa5,"New York, US",2026-09-04 03:35:06.269031+00:00,0,A
TX11666,USR_1011,ACC_2011,8706.23,USD,P2P,MER_223,BEN_RING_777,DEV_RING_999,fd5dc3897b156800,"New York, US",2026-09-04 04:07:06.269031+00:00,1,D
TX14853,USR_1166,ACC_2166,170.08,USD,P2P,MER_375,BEN_678,DEV_486,817ec2d627862004,"Toronto, CA",2026-09-04 04:08:06.269031+00:00,0,A
TX13864,USR_1282,ACC_2282,107.76,USD,ACH,MER_207,BEN_670,DEV_246,d3d65ee8b2408bc7,"New York, US",2026-09-04 04:13:06.269031+00:00,0,A
TX14121,USR_1204,ACC_2204,29.58,USD,WIRE,MER_280,BEN_800,DEV_216,66517d42729f749a,"Tokyo, JP",2026-09-04 04:14:06.269031+00:00,0,A
TX13358,USR_1084,ACC_2084,60.44,USD,CARD,MER_332,BEN_531,DEV_975,1208c228f12bd6c4,"Tokyo, JP",2026-09-04 04:15:06.269031+00:00,0,A
TX14074,USR_1008,ACC_2008,74.92,USD,WIRE,MER_181,BEN_578,DEV_324,e2c63244fb17a1bf,"New York, US",2026-09-04 04:17:06.269031+00:00,0,A
TX14654,USR_1157,ACC_2157,34.46,USD,CARD,MER_195,BEN_874,DEV_971,aafc24df024560d9,"New York, US",2026-09-04 04:37:06.269031+00:00,0,A
TX11637,USR_1003,ACC_2003,107.81,USD,WIRE,MER_293,BEN_998,DEV_967,5fb8c19f162b2fd9,"Sydney, AU",2026-09-04 04:40:06.269031+00:00,0,A
TX14917,USR_1032,ACC_2032,138.73,USD,P2P,MER_197,BEN_761,DEV_139,0bbd6e1752497cd8,"Tokyo, JP",2026-09-04 04:45:06.269031+00:00,0,A
TX12144,USR_1005,ACC_2005,5544.11,USD,P2P,MER_385,BEN_RING_777,DEV_RING_999,fd5dc3897b156800,"New York, US",2026-09-04 04:51:06.269031+00:00,1,D
TX14755,USR_1136,ACC_2136,71.29,USD,WIRE,MER_121,BEN_803,DEV_740,bde624019cb538ca,"Toronto, CA",2026-09-04 04:52:06.269031+00:00,0,A
TX14961,USR_1060,ACC_2060,89.0,USD,CARD,MER_324,BEN_923,DEV_535,204afa4b255ccaef,"London, UK",2026-09-04 05:08:06.269031+00:00,0,A
TX14871,USR_1185,ACC_2185,133.58,USD,CARD,MER_261,BEN_591,DEV_147,f8fadad8ba4fa2c6,"Toronto, CA",2026-09-04 05:10:06.269031+00:00,0,A
TX13626,USR_1232,ACC_2232,82.22,USD,CARD,MER_244,BEN_988,DEV_614,218257120f7025ad,"London, UK",2026-09-04 05:40:06.269031+00:00,0,A
TX14623,USR_1117,ACC_2117,107.45,USD,ACH,MER_341,BEN_969,DEV_959,f0d3fb6b451af130,"London, UK",2026-09-04 06:00:06.269031+00:00,0,A
TX14395,USR_1093,ACC_2093,76.45,USD,CARD,MER_395,BEN_659,DEV_994,fa54c7e2e8ed5049,"New York, US",2026-09-04 06:02:06.269031+00:00,0,A
TX14789,USR_1156,ACC_2156,59.77,USD,P2P,MER_245,BEN_652,DEV_866,62075f8be723f4c2,"New York, US",2026-09-04 06:24:06.269031+00:00,0,A
TX13505,USR_1112,ACC_2112,39.99,USD,WIRE,MER_192,BEN_838,DEV_619,402439e7d7ccfd33,"Toronto, CA",2026-09-04 06:25:06.269031+00:00,0,A
TX13521,USR_1064,ACC_2064,182.73,USD,CARD,MER_100,BEN_661,DEV_778,8f4332526fb22e4a,"Sydney, AU",2026-09-04 06:27:06.269031+00:00,0,A
TX13906,USR_1193,ACC_2193,181.53,USD,WIRE,MER_345,BEN_653,DEV_442,127a00e0f5c3b6fc,"Toronto, CA",2026-09-04 06:31:06.269031+00:00,0,A
TX14787,USR_1047,ACC_2047,234.64,USD,WIRE,MER_224,BEN_866,DEV_692,a800010fef16c5ea,"Sydney, AU",2026-09-04 06:41:06.269031+00:00,0,A
TX14206,USR_1137,ACC_2137,173.9,USD,ACH,MER_379,BEN_833,DEV_183,28af3e505676849d,"Toronto, CA",2026-09-04 07:01:06.269031+00:00,0,A
TX14647,USR_1095,ACC_2095,144.03,USD,P2P,MER_279,BEN_639,DEV_723,47dee88f32dc4e73,"Tokyo, JP",2026-09-04 07:27:06.269031+00:00,0,A
TX14423,USR_1037,ACC_2037,75.25,USD,CARD,MER_190,BEN_852,DEV_744,47d647a2985d1a90,"Sydney, AU",2026-09-04 07:31:06.269031+00:00,0,A
TX14801,USR_1067,ACC_2067,75.94,USD,ACH,MER_360,BEN_747,DEV_610,d7762f781a7e7f4a,"Tokyo, JP",2026-09-04 07:36:06.269031+00:00,0,A
TX14444,USR_1124,ACC_2124,5.0,USD,P2P,MER_323,BEN_909,DEV_899,b4895ee1beb11ace,"Tokyo, JP",2026-09-04 07:38:06.269031+00:00,0,A
TX14987,USR_1193,ACC_2193,153.25,USD,P2P,MER_345,BEN_664,DEV_550,127a00e0f5c3b6fc,"Toronto, CA",2026-09-04 07:45:06.269031+00:00,0,A
TX13121,USR_1236,ACC_2236,34.9,USD,P2P,MER_301,BEN_568,DEV_481,c521e90a1ba7a600,"Toronto, CA",2026-09-04 07:50:06.269031+00:00,0,A
TX13704,USR_1042,ACC_2042,69.62,USD,ACH,MER_348,BEN_639,DEV_405,070ff06ec268ff91,"Sydney, AU",2026-09-04 07:59:06.269031+00:00,0,A
TX11855,USR_1011,ACC_2011,8813.25,USD,P2P,MER_129,BEN_RING_777,DEV_RING_999,fd5dc3897b156800,"New York, US",2026-09-04 08:24:06.269031+00:00,1,D
TX14628,USR_1271,ACC_2271,134.91,USD,WIRE,MER_202,BEN_598,DEV_899,bcd2c88a9c3ee93c,"New York, US",2026-09-04 08:31:06.269031+00:00,0,A
TX14069,USR_1142,ACC_2142,125.04,USD,ACH,MER_235,BEN_555,DEV_149,87c723e76a7e0203,"Sydney, AU",2026-09-04 08:38:06.269031+00:00,0,A
TX14904,USR_1170,ACC_2170,5.0,USD,WIRE,MER_254,BEN_895,DEV_615,f0cd8fb7596faa02,"Toronto, CA",2026-09-04 08:44:06.269031+00:00,0,A
TX12953,USR_1001,ACC_2001,5886.51,USD,P2P,MER_212,BEN_RING_777,DEV_RING_999,fd5dc3897b156800,"Toronto, CA",2026-09-04 08:47:06.269031+00:00,1,D
TX14612,USR_1124,ACC_2124,5.0,USD,CARD,MER_323,BEN_909,DEV_899,6368a1fc6b09e2af,"Tokyo, JP",2026-09-04 08:55:06.269031+00:00,0,A
TX14817,USR_1204,ACC_2204,5.0,USD,CARD,MER_280,BEN_558,DEV_368,d31bda7984910180,"Tokyo, JP",2026-09-04 09:19:06.269031+00:00,0,A
TX14655,USR_1221,ACC_2221,29.5,USD,ACH,MER_383,BEN_626,DEV_703,2ba65b50195c3319,"Sydney, AU",2026-09-04 09:20:06.269031+00:00,0,A
TX14793,USR_1095,ACC_2095,120.79,USD,WIRE,MER_258,BEN_639,DEV_723,0650760e7d900a61,"Tokyo, JP",2026-09-04 09:33:06.269031+00:00,0,A
TX13769,USR_1274,ACC_2274,45.23,USD,P2P,MER_104,BEN_899,DEV_762,383262a527cc1403,"Sydney, AU",2026-09-04 09:47:06.269031+00:00,0,A
TX14712,USR_1251,ACC_2251,42.11,USD,CARD,MER_302,BEN_860,DEV_892,1967d4b96d6bf678,"Tokyo, JP",2026-09-04 09:56:06.269031+00:00,0,A
TX14324,USR_1012,ACC_2012,5135.15,USD,P2P,MER_381,BEN_RING_777,DEV_RING_999,fd5dc3897b156800,"Toronto, CA",2026-09-04 09:59:06.269031+00:00,1,D
TX14923,USR_1295,ACC_2295,18.57,USD,P2P,MER_294,BEN_724,DEV_964,4263555a333d9831,"Toronto, CA",2026-09-04 10:02:06.269031+00:00,0,A
TX14428,USR_1208,ACC_2208,91.65,USD,ACH,MER_389,BEN_647,DEV_914,bf683377a3f8fe47,"Tokyo, JP",2026-09-04 10:17:06.269031+00:00,0,A
TX14199,USR_1127,ACC_2127,5.0,USD,WIRE,MER_324,BEN_934,DEV_787,d9ec58cb702d403f,"London, UK",2026-09-04 10:26:06.269031+00:00,0,A
TX14391,USR_1243,ACC_2243,94.55,USD,ACH,MER_195,BEN_849,DEV_687,3ff853a1c744a0b6,"Sydney, AU",2026-09-04 11:13:06.269031+00:00,0,A
TX14844,USR_1031,ACC_2031,36.64,USD,P2P,MER_114,BEN_774,DEV_385,5200cf954889065e,"Tokyo, JP",2026-09-04 11:41:06.269031+00:00,0,A
TX13391,USR_1139,ACC_2139,50.61,USD,WIRE,MER_223,BEN_689,DEV_420,81a41f4d213f9ad2,"Tokyo, JP",2026-09-04 11:48:06.269031+00:00,0,A
TX14994,USR_1208,ACC_2208,79.02,USD,ACH,MER_389,BEN_586,DEV_914,bacf355b63690bcb,"Tokyo, JP",2026-09-04 12:07:06.269031+00:00,0,A
TX14145,USR_1155,ACC_2155,186.36,USD,ACH,MER_303,BEN_967,DEV_887,12a2612a581bf810,"Toronto, CA",2026-09-04 12:11:06.269031+00:00,0,A
TX14585,USR_1006,ACC_2006,22.92,USD,WIRE,MER_208,BEN_516,DEV_801,59cafa1bb8624437,"New York, US",2026-09-04 12:16:06.269031+00:00,0,A
TX14675,USR_1040,ACC_2040,33.37,USD,ACH,MER_178,BEN_570,DEV_179,3eb4005ac7b49cb1,"Tokyo, JP",2026-09-04 12:18:06.269031+00:00,0,A
TX12960,USR_1182,ACC_2182,102.9,USD,P2P,MER_307,BEN_691,DEV_346,6fe60e5021e846bd,"Tokyo, JP",2026-09-04 12:23:06.269031+00:00,0,A
TX14901,USR_1037,ACC_2037,65.55,USD,ACH,MER_317,BEN_624,DEV_524,47d647a2985d1a90,"Sydney, AU",2026-09-04 12:23:06.269031+00:00,0,A
TX13571,USR_1009,ACC_2009,5435.52,USD,P2P,MER_374,BEN_RING_777,DEV_RING_999,fd5dc3897b156800,"New York, US",2026-09-04 12:23:06.269031+00:00,1,D
TX14262,USR_1137,ACC_2137,203.54,USD,ACH,MER_248,BEN_607,DEV_183,28af3e505676849d,"Toronto, CA",2026-09-04 12:26:06.269031+00:00,0,A
TX14780,USR_1211,ACC_2211,5.0,USD,P2P,MER_372,BEN_679,DEV_730,83c17ff4daf45ecd,"London, UK",2026-09-04 12:46:06.269031+00:00,0,A
TX13709,USR_1065,ACC_2065,109.74,USD,P2P,MER_167,BEN_889,DEV_155,50f80dd021cf6a7a,"Sydney, AU",2026-09-04 12:51:06.269031+00:00,0,A
TX14878,USR_1124,ACC_2124,49.85,USD,P2P,MER_325,BEN_909,DEV_899,6368a1fc6b09e2af,"Tokyo, JP",2026-09-04 13:00:06.269031+00:00,0,A
TX14609,USR_1167,ACC_2167,37.5,USD,CARD,MER_217,BEN_868,DEV_845,b9416ceca6a04ceb,"New York, US",2026-09-04 13:03:06.269031+00:00,0,A
TX14383,USR_1012,ACC_2012,8087.69,USD,P2P,MER_370,BEN_RING_777,DEV_RING_999,fd5dc3897b156800,"Toronto, CA",2026-09-04 13:15:06.269031+00:00,1,D
TX14075,USR_1274,ACC_2274,5.0,USD,WIRE,MER_104,BEN_899,DEV_762,04d0d4de5d036722,"Sydney, AU",2026-09-04 13:23:06.269031+00:00,0,A
TX14960,USR_1170,ACC_2170,5.0,USD,CARD,MER_221,BEN_806,DEV_615,f0cd8fb7596faa02,"Toronto, CA",2026-09-04 13:37:06.269031+00:00,0,A
TX13800,USR_1065,ACC_2065,115.49,USD,WIRE,MER_247,BEN_604,DEV_155,d04e3cabd94c53fe,"Sydney, AU",2026-09-04 13:38:06.269031+00:00,0,A
TX14830,USR_1294,ACC_2294,98.16,USD,P2P,MER_315,BEN_639,DEV_481,cb3af032c68139db,"Sydney, AU",2026-09-04 13:41:06.269031+00:00,0,A
TX13158,USR_1273,ACC_2273,35.75,USD,P2P,MER_297,BEN_645,DEV_664,eed32f0aa24bee1c,"Tokyo, JP",2026-09-04 13:47:06.269031+00:00,0,A
TX14988,USR_1099,ACC_2099,134.5,USD,CARD,MER_161,BEN_654,DEV_146,a337844e39f0a6d2,"New York, US",2026-09-04 13:57:06.269031+00:00,0,A
TX14254,USR_1002,ACC_2002,236.09,USD,ACH,MER_152,BEN_890,DEV_877,b88369def7f91b96,"Tokyo, JP",2026-09-04 14:01:06.269031+00:00,0,A
TX13188,USR_1007,ACC_2007,158.85,USD,CARD,MER_234,BEN_571,DEV_317,b5ece0cc735b0b5b,"Sydney, AU",2026-09-04 14:06:06.269031+00:00,0,A
TX14503,USR_1093,ACC_2093,97.5,USD,P2P,MER_208,BEN_807,DEV_781,6d45d735eff42d6f,"New York, US",2026-09-04 14:09:06.269031+00:00,0,A
TX14527,USR_1243,ACC_2243,35.68,USD,P2P,MER_318,BEN_849,DEV_687,374dcf84a838dbb4,"Sydney, AU",2026-09-04 14:13:06.269031+00:00,0,A
TX14645,USR_1259,ACC_2259,79.25,USD,P2P,MER_318,BEN_501,DEV_198,9a6601d20f581d5c,"Sydney, AU",2026-09-04 14:14:06.269031+00:00,0,A
TX13752,USR_1084,ACC_2084,264.42,USD,CARD,MER_208,BEN_641,DEV_NEW_1681,1208c228f12bd6c4,"Tokyo, JP",2026-09-04 14:16:06.269031+00:00,1,B
TX14541,USR_1243,ACC_2243,60.03,USD,ACH,MER_281,BEN_695,DEV_687,3ff853a1c744a0b6,"Sydney, AU",2026-09-04 14:28:06.269031+00:00,0,A
TX14929,USR_1282,ACC_2282,153.14,USD,CARD,MER_240,BEN_823,DEV_423,a056b9561fb0441c,"New York, US",2026-09-04 14:29:06.269031+00:00,0,A
TX14630,USR_1257,ACC_2257,128.16,USD,CARD,MER_115,BEN_780,DEV_175,891555760069fa87,"London, UK",2026-09-04 15:02:06.269031+00:00,0,A
TX11767,USR_1003,ACC_2003,4492.18,USD,P2P,MER_140,BEN_RING_777,DEV_RING_999,fd5dc3897b156800,"Sydney, AU",2026-09-04 15:21:06.269031+00:00,1,D
TX12567,USR_1003,ACC_2003,2271.28,USD,WIRE,MER_382,BEN_NEW_9073,DEV_ATO_5335,d9c740573080ac79,Unknown / Proxy IP,2026-09-04 15:34:06.269031+00:00,1,C
TX14316,USR_1127,ACC_2127,42.39,USD,ACH,MER_117,BEN_934,DEV_787,c2be3c3ecfd76072,"London, UK",2026-09-04 15:40:06.269031+00:00,0,A
TX13484,USR_1290,ACC_2290,5.0,USD,CARD,MER_182,BEN_860,DEV_609,7a232aa325593eec,"Tokyo, JP",2026-09-04 15:41:06.269031+00:00,0,A
TX14389,USR_1039,ACC_2039,7.11,USD,WIRE,MER_241,BEN_930,DEV_661,b60f32873a6a1158,"Sydney, AU",2026-09-04 15:42:06.269031+00:00,0,A
TX14320,USR_1127,ACC_2127,30.99,USD,CARD,MER_220,BEN_573,DEV_787,c2be3c3ecfd76072,"London, UK",2026-09-04 16:01:06.269031+00:00,0,A
TX14279,USR_1142,ACC_2142,159.43,USD,P2P,MER_287,BEN_504,DEV_149,87c723e76a7e0203,"Sydney, AU",2026-09-04 16:02:06.269031+00:00,0,A
TX14860,USR_1156,ACC_2156,106.2,USD,WIRE,MER_154,BEN_790,DEV_290,62075f8be723f4c2,"New York, US",2026-09-04 16:05:06.269031+00:00,0,A
TX13483,USR_1048,ACC_2048,70.9,USD,CARD,MER_321,BEN_506,DEV_455,7f3a79b76518f784,"New York, US",2026-09-04 16:19:06.269031+00:00,0,A
TX14683,USR_1218,ACC_2218,100.54,USD,CARD,MER_316,BEN_856,DEV_318,55488a4c24a30597,"London, UK",2026-09-04 16:23:06.269031+00:00,0,A
TX13870,USR_1084,ACC_2084,44.97,USD,WIRE,MER_332,BEN_641,DEV_975,0f2642a2d4f0e8ea,"Tokyo, JP",2026-09-04 16:39:06.269031+00:00,0,A
TX12784,USR_1160,ACC_2160,5.0,USD,ACH,MER_251,BEN_969,DEV_576,6cbbb8d9648be29a,"Toronto, CA",2026-09-04 17:02:06.269031+00:00,0,A
TX12891,USR_1195,ACC_2195,51.56,USD,P2P,MER_309,BEN_724,DEV_798,b025a857ef22e380,"Sydney, AU",2026-09-04 17:07:06.269031+00:00,0,A
TX14930,USR_1047,ACC_2047,232.8,USD,P2P,MER_389,BEN_866,DEV_692,b8407f9f90f8f46f,"Sydney, AU",2026-09-04 17:21:06.269031+00:00,0,A
TX13758,USR_1081,ACC_2081,129.57,USD,WIRE,MER_337,BEN_741,DEV_490,54c1bae29c21b64f,"New York, US",2026-09-04 17:35:06.269031+00:00,0,A
TX12092,USR_1004,ACC_2004,9084.12,USD,P2P,MER_286,BEN_RING_777,DEV_RING_999,fd5dc3897b156800,"Tokyo, JP",2026-09-04 17:44:06.269031+00:00,1,D
TX14287,USR_1187,ACC_2187,122.47,USD,P2P,MER_282,BEN_896,DEV_958,a1cb0cc2002ac8fe,"Toronto, CA",2026-09-04 18:08:06.269031+00:00,0,A
TX14589,USR_1101,ACC_2101,54.12,USD,WIRE,MER_110,BEN_707,DEV_570,9ad7f3c439662655,"Toronto, CA",2026-09-04 18:15:06.269031+00:00,0,A
TX14831,USR_1294,ACC_2294,96.03,USD,P2P,MER_157,BEN_992,DEV_481,cb3af032c68139db,"Sydney, AU",2026-09-04 18:34:06.269031+00:00,0,A
TX12823,USR_1013,ACC_2013,3865.54,USD,P2P,MER_215,BEN_RING_777,DEV_RING_999,fd5dc3897b156800,"Tokyo, JP",2026-09-04 18:58:06.269031+00:00,1,D
TX14345,USR_1142,ACC_2142,169.96,USD,WIRE,MER_168,BEN_774,DEV_149,bcd8541d04723bde,"Sydney, AU",2026-09-04 19:22:06.269031+00:00,0,A
TX13129,USR_1001,ACC_2001,74.39,USD,WIRE,MER_329,BEN_866,DEV_323,c630a3784351343b,"Toronto, CA",2026-09-04 19:26:06.269031+00:00,0,A
TX14998,USR_1113,ACC_2113,156.38,USD,WIRE,MER_258,BEN_645,DEV_838,98eccdccd122648d,"London, UK",2026-09-04 20:06:06.269031+00:00,0,A
TX14162,USR_1054,ACC_2054,91.68,USD,WIRE,MER_284,BEN_651,DEV_321,99ea77d9ff8fe312,"Toronto, CA",2026-09-04 20:09:06.269031+00:00,0,A
TX14785,USR_1101,ACC_2101,182.67,USD,P2P,MER_158,BEN_707,DEV_570,67cd47b2a74e105a,"Toronto, CA",2026-09-04 20:15:06.269031+00:00,0,A
TX13618,USR_1063,ACC_2063,118.41,USD,CARD,MER_353,BEN_709,DEV_699,553ed483ad5e1493,"New York, US",2026-09-04 20:24:06.269031+00:00,0,A
TX13808,USR_1065,ACC_2065,99.29,USD,CARD,MER_162,BEN_781,DEV_523,d04e3cabd94c53fe,"Sydney, AU",2026-09-04 20:59:06.269031+00:00,0,A
TX14489,USR_1127,ACC_2127,27.09,USD,P2P,MER_134,BEN_573,DEV_787,c2be3c3ecfd76072,"London, UK",2026-09-04 21:16:06.269031+00:00,0,A
TX14638,USR_1155,ACC_2155,139.06,USD,P2P,MER_118,BEN_971,DEV_887,ce61f694417a43be,"Toronto, CA",2026-09-04 21:44:06.269031+00:00,0,A
TX14385,USR_1104,ACC_2104,178.72,USD,P2P,MER_138,BEN_631,DEV_938,66e643e8a810cdda,"New York, US",2026-09-04 21:58:06.269031+00:00,0,A
TX14167,USR_1051,ACC_2051,139.71,USD,CARD,MER_384,BEN_623,DEV_710,b397558ee799977c,"New York, US",2026-09-04 22:08:06.269031+00:00,0,A
TX14109,USR_1274,ACC_2274,10.84,USD,CARD,MER_104,BEN_899,DEV_762,04d0d4de5d036722,"Sydney, AU",2026-09-04 22:29:06.269031+00:00,0,A
TX13725,USR_1244,ACC_2244,53.07,USD,ACH,MER_310,BEN_651,DEV_556,fcc47ac65be5665e,"Toronto, CA",2026-09-04 22:40:06.269031+00:00,0,A
TX13171,USR_1236,ACC_2236,36.63,USD,WIRE,MER_301,BEN_758,DEV_817,c521e90a1ba7a600,"Toronto, CA",2026-09-04 22:44:06.269031+00:00,0,A
TX14778,USR_1040,ACC_2040,18.57,USD,ACH,MER_209,BEN_570,DEV_830,3eb4005ac7b49cb1,"Tokyo, JP",2026-09-04 22:48:06.269031+00:00,0,A
TX13730,USR_1042,ACC_2042,83.22,USD,P2P,MER_272,BEN_612,DEV_871,4deedbb583918fca,"Sydney, AU",2026-09-04 23:06:06.269031+00:00,0,A
TX13378,USR_1182,ACC_2182,141.73,USD,CARD,MER_335,BEN_907,DEV_346,a8f4b31a7881bbaf,"Tokyo, JP",2026-09-04 23:15:06.269031+00:00,0,A
TX13025,USR_1014,ACC_2014,131.84,USD,ACH,MER_130,BEN_503,DEV_446,30f7004dbb25ffff,"Toronto, CA",2026-09-04 23:19:06.269031+00:00,0,A
TX11978,USR_1011,ACC_2011,45.53,USD,WIRE,MER_129,BEN_509,DEV_652,77c76c6de779a4b4,"New York, US",2026-09-04 23:40:06.269031+00:00,0,A
TX13545,USR_1112,ACC_2112,66.74,USD,ACH,MER_183,BEN_672,DEV_619,21a2fd522723acff,"Toronto, CA",2026-09-05 00:04:06.269031+00:00,0,A
TX13728,USR_1063,ACC_2063,66.4,USD,ACH,MER_353,BEN_709,DEV_699,201c1973492a8659,"New York, US",2026-09-05 00:21:06.269031+00:00,0,A
TX14968,USR_1156,ACC_2156,105.23,USD,CARD,MER_245,BEN_790,DEV_866,62075f8be723f4c2,"New York, US",2026-09-05 00:33:06.269031+00:00,0,A
TX14728,USR_1006,ACC_2006,20.59,USD,ACH,MER_208,BEN_516,DEV_801,59cafa1bb8624437,"New York, US",2026-09-05 00:59:06.269031+00:00,0,A
TX13938,USR_1065,ACC_2065,141.22,USD,WIRE,MER_167,BEN_781,DEV_523,d04e3cabd94c53fe,"Sydney, AU",2026-09-05 01:18:06.269031+00:00,0,A
TX12623,USR_1003,ACC_2003,112.88,USD,WIRE,MER_250,BEN_972,DEV_967,24ab4f9b83590934,"Sydney, AU",2026-09-05 01:26:06.269031+00:00,0,A
TX14581,USR_1243,ACC_2243,52.41,USD,ACH,MER_281,BEN_695,DEV_687,374dcf84a838dbb4,"Sydney, AU",2026-09-05 01:45:06.269031+00:00,0,A
TX14097,USR_1008,ACC_2008,85.38,USD,ACH,MER_181,BEN_578,DEV_324,e2c63244fb17a1bf,"New York, US",2026-09-05 01:53:06.269031+00:00,0,A
TX14290,USR_1002,ACC_2002,3507.34,USD,P2P,MER_272,BEN_RING_777,DEV_RING_999,fd5dc3897b156800,"Tokyo, JP",2026-09-05 02:03:06.269031+00:00,1,D
TX13148,USR_1013,ACC_2013,24.3,USD,ACH,MER_161,BEN_832,DEV_652,c113e887aa08ae7f,"Tokyo, JP",2026-09-05 02:15:06.269031+00:00,0,A
TX14384,USR_1137,ACC_2137,74.74,USD,CARD,MER_115,BEN_792,DEV_183,164f8d9a21be4783,"Toronto, CA",2026-09-05 02:41:06.269031+00:00,0,A
TX14226,USR_1232,ACC_2232,75.83,USD,P2P,MER_338,BEN_988,DEV_614,57cd4dd75ee045c8,"London, UK",2026-09-05 02:45:06.269031+00:00,0,A
TX13894,USR_1081,ACC_2081,141.87,USD,ACH,MER_387,BEN_512,DEV_490,2aad58fdf2327f88,"New York, US",2026-09-05 03:10:06.269031+00:00,0,A
TX14924,USR_1185,ACC_2185,166.87,USD,CARD,MER_206,BEN_591,DEV_147,47545ed8e2a937ee,"Toronto, CA",2026-09-05 03:58:06.269031+00:00,0,A
TX14951,USR_1136,ACC_2136,88.12,USD,CARD,MER_178,BEN_982,DEV_228,e687ecdb5a48d3fd,"Toronto, CA",2026-09-05 04:07:06.269031+00:00,0,A
TX14950,USR_1095,ACC_2095,122.95,USD,CARD,MER_192,BEN_639,DEV_723,0650760e7d900a61,"Tokyo, JP",2026-09-05 04:16:06.269031+00:00,0,A
TX14832,USR_1117,ACC_2117,36.38,USD,P2P,MER_102,BEN_646,DEV_201,f0d3fb6b451af130,"London, UK",2026-09-05 04:48:06.269031+00:00,0,A
TX12228,USR_1005,ACC_2005,2134.92,USD,P2P,MER_238,BEN_RING_777,DEV_RING_999,fd5dc3897b156800,"New York, US",2026-09-05 04:48:06.269031+00:00,1,D
TX13526,USR_1290,ACC_2290,5.0,USD,ACH,MER_120,BEN_683,DEV_609,b3203dec1bd8e624,"Tokyo, JP",2026-09-05 04:50:06.269031+00:00,0,A
TX13914,USR_1139,ACC_2139,70.51,USD,WIRE,MER_223,BEN_763,DEV_420,81a41f4d213f9ad2,"Tokyo, JP",2026-09-05 05:20:06.269031+00:00,0,A
TX13943,USR_1081,ACC_2081,75.31,USD,ACH,MER_213,BEN_817,DEV_490,54c1bae29c21b64f,"New York, US",2026-09-05 05:20:06.269031+00:00,0,A
TX13733,USR_1064,ACC_2064,168.91,USD,WIRE,MER_159,BEN_629,DEV_510,4db1862dd0e40d19,"Sydney, AU",2026-09-05 05:22:06.269031+00:00,0,A
TX14719,USR_1274,ACC_2274,322.81,USD,WIRE,MER_104,BEN_942,DEV_NEW_6285,04d0d4de5d036722,"Sydney, AU",2026-09-05 05:23:06.269031+00:00,1,B
TX13409,USR_1273,ACC_2273,5.0,USD,WIRE,MER_392,BEN_514,DEV_700,ead1ba663b08014c,"Tokyo, JP",2026-09-05 05:58:06.269031+00:00,0,A
TX14679,USR_1012,ACC_2012,3598.33,USD,P2P,MER_381,BEN_RING_777,DEV_RING_999,fd5dc3897b156800,"Toronto, CA",2026-09-05 06:23:06.269031+00:00,1,D
TX12798,USR_1160,ACC_2160,62.76,USD,ACH,MER_251,BEN_560,DEV_576,337d54f89d9cced9,"Toronto, CA",2026-09-05 06:24:06.269031+00:00,0,A
TX13027,USR_1014,ACC_2014,8897.64,USD,P2P,MER_269,BEN_RING_777,DEV_RING_999,fd5dc3897b156800,"Toronto, CA",2026-09-05 06:31:06.269031+00:00,1,D
TX14607,USR_1081,ACC_2081,127.73,USD,WIRE,MER_132,BEN_817,DEV_698,54c1bae29c21b64f,"New York, US",2026-09-05 06:35:06.269031+00:00,0,A
TX13616,USR_1182,ACC_2182,133.14,USD,CARD,MER_215,BEN_540,DEV_346,a8f4b31a7881bbaf,"Tokyo, JP",2026-09-05 06:40:06.269031+00:00,0,A
TX14578,USR_1093,ACC_2093,92.09,USD,ACH,MER_179,BEN_680,DEV_781,fa54c7e2e8ed5049,"New York, US",2026-09-05 06:54:06.269031+00:00,0,A
TX13314,USR_1007,ACC_2007,128.3,USD,ACH,MER_319,BEN_571,DEV_317,62b5698b674c63cc,"Sydney, AU",2026-09-05 06:57:06.269031+00:00,0,A
TX14034,USR_1048,ACC_2048,82.86,USD,P2P,MER_321,BEN_715,DEV_455,2b9102c1b5c23e99,"New York, US",2026-09-05 07:45:06.269031+00:00,0,A
TX13962,USR_1084,ACC_2084,40.24,USD,P2P,MER_110,BEN_703,DEV_975,1208c228f12bd6c4,"Tokyo, JP",2026-09-05 07:48:06.269031+00:00,0,A
TX14586,USR_1063,ACC_2063,118.34,USD,CARD,MER_310,BEN_843,DEV_699,201c1973492a8659,"New York, US",2026-09-05 08:07:06.269031+00:00,0,A
TX14230,USR_1054,ACC_2054,75.34,USD,ACH,MER_191,BEN_599,DEV_321,25bcd6ffa38deb1b,"Toronto, CA",2026-09-05 09:11:06.269031+00:00,0,A
TX14039,USR_1009,ACC_2009,3225.57,USD,P2P,MER_236,BEN_RING_777,DEV_RING_999,fd5dc3897b156800,"New York, US",2026-09-05 09:12:06.269031+00:00,1,D
TX13538,USR_1236,ACC_2236,95.23,USD,WIRE,MER_138,BEN_758,DEV_817,d1657b5d33f1bffa,"Toronto, CA",2026-09-05 09:27:06.269031+00:00,0,A
TX14056,USR_1112,ACC_2112,43.59,USD,P2P,MER_192,BEN_838,DEV_619,21a2fd522723acff,"Toronto, CA",2026-09-05 09:38:06.269031+00:00,0,A
TX13402,USR_1001,ACC_2001,5457.18,USD,P2P,MER_329,BEN_RING_777,DEV_RING_999,fd5dc3897b156800,"Toronto, CA",2026-09-05 09:40:06.269031+00:00,1,D
TX14686,USR_1167,ACC_2167,7.12,USD,P2P,MER_317,BEN_844,DEV_845,6550e5bfba9b0a52,"New York, US",2026-09-05 09:59:06.269031+00:00,0,A
TX14788,USR_1006,ACC_2006,3839.0,USD,P2P,MER_305,BEN_RING_777,DEV_RING_999,fd5dc3897b156800,"New York, US",2026-09-05 10:16:06.269031+00:00,1,D
TX12252,USR_1005,ACC_2005,68.54,USD,WIRE,MER_294,BEN_625,DEV_479,18245baac911d82f,"New York, US",2026-09-05 10:31:06.269031+00:00,0,A
TX14947,USR_1101,ACC_2101,106.11,USD,CARD,MER_110,BEN_863,DEV_570,67cd47b2a74e105a,"Toronto, CA",2026-09-05 10:36:06.269031+00:00,0,A
TX13656,USR_1290,ACC_2290,5.0,USD,WIRE,MER_380,BEN_709,DEV_609,7a232aa325593eec,"Tokyo, JP",2026-09-05 10:40:06.269031+00:00,0,A
TX14689,USR_1139,ACC_2139,65.24,USD,ACH,MER_223,BEN_763,DEV_420,d3d65ee8b2408bc7,"Tokyo, JP",2026-09-05 11:11:06.269031+00:00,0,A
TX13726,USR_1244,ACC_2244,96.82,USD,ACH,MER_381,BEN_651,DEV_556,fcc47ac65be5665e,"Toronto, CA",2026-09-05 11:30:06.269031+00:00,0,A
TX14332,USR_1051,ACC_2051,95.11,USD,WIRE,MER_384,BEN_543,DEV_710,3e9b67fa112f4e75,"New York, US",2026-09-05 11:47:06.269031+00:00,0,A
TX14827,USR_1243,ACC_2243,383.58,USD,ACH,MER_318,BEN_695,DEV_NEW_4381,3ff853a1c744a0b6,"Sydney, AU",2026-09-05 12:39:06.269031+00:00,1,B
TX14706,USR_1081,ACC_2081,136.98,USD,ACH,MER_213,BEN_817,DEV_698,2aad58fdf2327f88,"New York, US",2026-09-05 12:42:06.269031+00:00,0,A
TX14992,USR_1243,ACC_2243,888.45,USD,WIRE,MER_188,BEN_NEW_8747,DEV_ATO_6700,35b0b99146272832,Unknown / Proxy IP,2026-09-05 12:50:06.269031+00:00,1,C
TX14304,USR_1187,ACC_2187,114.41,USD,CARD,MER_330,BEN_824,DEV_337,a14175d14a3639c0,"Toronto, CA",2026-09-05 13:07:06.269031+00:00,0,A
TX14808,USR_1063,ACC_2063,766.97,USD,ACH,MER_153,BEN_CAR_DEALER_119,DEV_UPGRADE_3652,201c1973492a8659,"New York, US",2026-09-05 13:31:06.269031+00:00,0,E
TX13748,USR_1042,ACC_2042,13.75,USD,ACH,MER_114,BEN_749,DEV_871,070ff06ec268ff91,"Sydney, AU",2026-09-05 14:21:06.269031+00:00,0,A
TX13877,USR_1244,ACC_2244,87.89,USD,ACH,MER_310,BEN_755,DEV_556,95af57c5afaf0f11,"Toronto, CA",2026-09-05 14:29:06.269031+00:00,0,A
TX13776,USR_1195,ACC_2195,99.22,USD,ACH,MER_309,BEN_908,DEV_798,e6d664e190e0dcae,"Sydney, AU",2026-09-05 15:19:06.269031+00:00,0,A
TX13508,USR_1273,ACC_2273,5.0,USD,P2P,MER_392,BEN_514,DEV_700,eed32f0aa24bee1c,"Tokyo, JP",2026-09-05 15:52:06.269031+00:00,0,A
TX14515,USR_1127,ACC_2127,12.34,USD,WIRE,MER_134,BEN_934,DEV_787,c2be3c3ecfd76072,"London, UK",2026-09-05 16:08:06.269031+00:00,0,A
TX12119,USR_1004,ACC_2004,8390.98,USD,P2P,MER_294,BEN_RING_777,DEV_RING_999,fd5dc3897b156800,"Tokyo, JP",2026-09-05 16:10:06.269031+00:00,1,D
TX14558,USR_1142,ACC_2142,123.6,USD,WIRE,MER_287,BEN_933,DEV_151,bcd8541d04723bde,"Sydney, AU",2026-09-05 17:15:06.269031+00:00,0,A
TX14699,USR_1002,ACC_2002,242.77,USD,P2P,MER_149,BEN_579,DEV_877,b88369def7f91b96,"Tokyo, JP",2026-09-05 17:19:06.269031+00:00,0,A
TX14625,USR_1142,ACC_2142,2804.31,USD,WIRE,MER_235,BEN_NEW_8466,DEV_ATO_5688,16d50d360767aac9,Unknown / Proxy IP,2026-09-05 17:22:06.269031+00:00,1,C
TX12885,USR_1160,ACC_2160,29.28,USD,P2P,MER_212,BEN_969,DEV_576,337d54f89d9cced9,"Toronto, CA",2026-09-05 17:23:06.269031+00:00,0,A
TX14627,USR_1142,ACC_2142,3419.15,USD,WIRE,MER_306,BEN_NEW_9874,DEV_ATO_5756,864c41734e4ddc05,Unknown / Proxy IP,2026-09-05 17:35:06.269031+00:00,1,C
TX13614,USR_1001,ACC_2001,72.51,USD,CARD,MER_329,BEN_859,DEV_323,c630a3784351343b,"Toronto, CA",2026-09-05 18:06:06.269031+00:00,0,A
TX14746,USR_1002,ACC_2002,117.17,USD,WIRE,MER_152,BEN_890,DEV_877,33ba68047a42ecd3,"Tokyo, JP",2026-09-05 18:13:06.269031+00:00,0,A
TX14089,USR_1042,ACC_2042,88.22,USD,WIRE,MER_348,BEN_612,DEV_871,070ff06ec268ff91,"Sydney, AU",2026-09-05 18:49:06.269031+00:00,0,A
TX13500,USR_1003,ACC_2003,117.48,USD,CARD,MER_250,BEN_972,DEV_967,5fb8c19f162b2fd9,"Sydney, AU",2026-09-05 19:13:06.269031+00:00,0,A
TX13349,USR_1013,ACC_2013,36.54,USD,ACH,MER_161,BEN_843,DEV_652,a46549e884857643,"Tokyo, JP",2026-09-05 19:50:06.269031+00:00,0,A
TX14134,USR_1008,ACC_2008,69.94,USD,WIRE,MER_132,BEN_578,DEV_324,e2c63244fb17a1bf,"New York, US",2026-09-05 19:51:06.269031+00:00,0,A
TX12033,USR_1011,ACC_2011,74.35,USD,ACH,MER_285,BEN_975,DEV_652,447b0bb524bb1252,"New York, US",2026-09-05 20:49:06.269031+00:00,0,A
TX14354,USR_1051,ACC_2051,90.99,USD,WIRE,MER_223,BEN_543,DEV_386,b397558ee799977c,"New York, US",2026-09-05 21:29:06.269031+00:00,0,A
TX14877,USR_1127,ACC_2127,25.81,USD,ACH,MER_134,BEN_934,DEV_787,c2be3c3ecfd76072,"London, UK",2026-09-05 21:34:06.269031+00:00,0,A
TX14921,USR_1104,ACC_2104,201.27,USD,WIRE,MER_138,BEN_631,DEV_844,4945799b02508963,"New York, US",2026-09-05 21:35:06.269031+00:00,0,A
TX12315,USR_1005,ACC_2005,91.67,USD,ACH,MER_183,BEN_625,DEV_479,18245baac911d82f,"New York, US",2026-09-05 21:50:06.269031+00:00,0,A
TX14023,USR_1003,ACC_2003,98.11,USD,P2P,MER_140,BEN_972,DEV_967,24ab4f9b83590934,"Sydney, AU",2026-09-05 22:10:06.269031+00:00,0,A
TX12948,USR_1160,ACC_2160,53.21,USD,ACH,MER_288,BEN_827,DEV_576,337d54f89d9cced9,"Toronto, CA",2026-09-05 22:38:06.269031+00:00,0,A
TX14616,USR_1236,ACC_2236,38.73,USD,ACH,MER_390,BEN_568,DEV_481,c521e90a1ba7a600,"Toronto, CA",2026-09-05 22:40:06.269031+00:00,0,A
TX14606,USR_1112,ACC_2112,74.86,USD,P2P,MER_192,BEN_838,DEV_619,21a2fd522723acff,"Toronto, CA",2026-09-05 22:50:06.269031+00:00,0,A
TX13076,USR_1014,ACC_2014,164.97,USD,CARD,MER_134,BEN_536,DEV_446,f808d0e331397ae0,"Toronto, CA",2026-09-05 23:14:06.269031+00:00,0,A
TX14112,USR_1003,ACC_2003,111.63,USD,WIRE,MER_293,BEN_972,DEV_967,24ab4f9b83590934,"Sydney, AU",2026-09-05 23:16:06.269031+00:00,0,A
TX14591,USR_1187,ACC_2187,114.17,USD,WIRE,MER_239,BEN_515,DEV_958,a1cb0cc2002ac8fe,"Toronto, CA",2026-09-05 23:53:06.269031+00:00,0,A
TX14762,USR_1012,ACC_2012,77.3,USD,P2P,MER_316,BEN_565,DEV_187,a36b945469e26e05,"Toronto, CA",2026-09-06 00:35:06.269031+00:00,0,A
TX14119,USR_1065,ACC_2065,67.95,USD,CARD,MER_348,BEN_604,DEV_155,d04e3cabd94c53fe,"Sydney, AU",2026-09-06 00:46:06.269031+00:00,0,A
TX14289,USR_1054,ACC_2054,66.68,USD,WIRE,MER_284,BEN_551,DEV_321,25bcd6ffa38deb1b,"Toronto, CA",2026-09-06 01:29:06.269031+00:00,0,A
TX14041,USR_1273,ACC_2273,23.23,USD,WIRE,MER_125,BEN_514,DEV_700,ead1ba663b08014c,"Tokyo, JP",2026-09-06 01:42:06.269031+00:00,0,A
TX14442,USR_1232,ACC_2232,72.85,USD,CARD,MER_244,BEN_988,DEV_614,57cd4dd75ee045c8,"London, UK",2026-09-06 02:39:06.269031+00:00,0,A
TX13967,USR_1084,ACC_2084,55.36,USD,WIRE,MER_208,BEN_531,DEV_975,0f2642a2d4f0e8ea,"Tokyo, JP",2026-09-06 02:45:06.269031+00:00,0,A
TX14201,USR_1008,ACC_2008,4427.08,USD,P2P,MER_181,BEN_RING_777,DEV_RING_999,fd5dc3897b156800,"New York, US",2026-09-06 02:50:06.269031+00:00,1,D
TX14879,USR_1112,ACC_2112,63.9,USD,WIRE,MER_292,BEN_672,DEV_619,21a2fd522723acff,"Toronto, CA",2026-09-06 03:56:06.269031+00:00,0,A
TX13640,USR_1182,ACC_2182,86.23,USD,WIRE,MER_389,BEN_691,DEV_346,a8f4b31a7881bbaf,"Tokyo, JP",2026-09-06 03:59:06.269031+00:00,0,A
TX14773,USR_1012,ACC_2012,172.14,USD,WIRE,MER_235,BEN_565,DEV_187,e909c29bce6a8450,"Toronto, CA",2026-09-06 04:02:06.269031+00:00,0,A
TX13567,USR_1007,ACC_2007,2019.02,USD,P2P,MER_387,BEN_RING_777,DEV_RING_999,fd5dc3897b156800,"Sydney, AU",2026-09-06 04:08:06.269031+00:00,1,D
TX14775,USR_1274,ACC_2274,103.35,USD,P2P,MER_342,BEN_942,DEV_762,383262a527cc1403,"Sydney, AU",2026-09-06 04:12:06.269031+00:00,0,A
TX13271,USR_1005,ACC_2005,48.43,USD,CARD,MER_238,BEN_873,DEV_479,153c3b2b0c4f6c24,"New York, US",2026-09-06 04:47:06.269031+00:00,0,A
TX14953,USR_1104,ACC_2104,159.25,USD,P2P,MER_337,BEN_588,DEV_844,66e643e8a810cdda,"New York, US",2026-09-06 04:52:06.269031+00:00,0,A
TX12352,USR_1004,ACC_2004,40.48,USD,CARD,MER_294,BEN_937,DEV_821,d138b30e9053a8c8,"Tokyo, JP",2026-09-06 04:54:06.269031+00:00,0,A
TX14149,USR_1064,ACC_2064,120.65,USD,P2P,MER_306,BEN_629,DEV_510,4db1862dd0e40d19,"Sydney, AU",2026-09-06 04:58:06.269031+00:00,0,A
TX14754,USR_1081,ACC_2081,147.01,USD,CARD,MER_213,BEN_817,DEV_698,2aad58fdf2327f88,"New York, US",2026-09-06 05:23:06.269031+00:00,0,A
TX14873,USR_1167,ACC_2167,18.52,USD,WIRE,MER_372,BEN_778,DEV_845,b9416ceca6a04ceb,"New York, US",2026-09-06 05:46:06.269031+00:00,0,A
TX13466,USR_1013,ACC_2013,7760.85,USD,P2P,MER_226,BEN_RING_777,DEV_RING_999,fd5dc3897b156800,"Tokyo, JP",2026-09-06 06:09:06.269031+00:00,1,D
TX14143,USR_1048,ACC_2048,72.85,USD,ACH,MER_335,BEN_506,DEV_455,2b9102c1b5c23e99,"New York, US",2026-09-06 06:13:06.269031+00:00,0,A
TX14633,USR_1232,ACC_2232,67.55,USD,P2P,MER_338,BEN_705,DEV_614,218257120f7025ad,"London, UK",2026-09-06 06:55:06.269031+00:00,0,A
TX14229,USR_1009,ACC_2009,12.03,USD,CARD,MER_157,BEN_953,DEV_357,3db2a3b19d9769cc,"New York, US",2026-09-06 07:01:06.269031+00:00,0,A
TX13731,USR_1290,ACC_2290,61.8,USD,WIRE,MER_380,BEN_860,DEV_609,b3203dec1bd8e624,"Tokyo, JP",2026-09-06 08:58:06.269031+00:00,0,A
TX13379,USR_1014,ACC_2014,6108.53,USD,P2P,MER_217,BEN_RING_777,DEV_RING_999,fd5dc3897b156800,"Toronto, CA",2026-09-06 09:55:06.269031+00:00,1,D
TX14073,USR_1244,ACC_2244,47.32,USD,P2P,MER_144,BEN_755,DEV_386,95af57c5afaf0f11,"Toronto, CA",2026-09-06 10:11:06.269031+00:00,0,A
TX13392,USR_1014,ACC_2014,156.41,USD,ACH,MER_130,BEN_503,DEV_446,f808d0e331397ae0,"Toronto, CA",2026-09-06 10:18:06.269031+00:00,0,A
TX14999,USR_1012,ACC_2012,6291.3,USD,P2P,MER_316,BEN_RING_777,DEV_RING_999,fd5dc3897b156800,"Toronto, CA",2026-09-06 10:23:06.269031+00:00,1,D
TX14172,USR_1048,ACC_2048,80.68,USD,ACH,MER_285,BEN_921,DEV_455,2b9102c1b5c23e99,"New York, US",2026-09-06 10:57:06.269031+00:00,0,A
TX14583,USR_1064,ACC_2064,116.51,USD,ACH,MER_159,BEN_661,DEV_510,4db1862dd0e40d19,"Sydney, AU",2026-09-06 11:14:06.269031+00:00,0,A
TX13565,USR_1014,ACC_2014,152.56,USD,CARD,MER_130,BEN_503,DEV_446,30f7004dbb25ffff,"Toronto, CA",2026-09-06 11:30:06.269031+00:00,0,A
TX14537,USR_1054,ACC_2054,72.31,USD,CARD,MER_216,BEN_551,DEV_321,25bcd6ffa38deb1b,"Toronto, CA",2026-09-06 12:23:06.269031+00:00,0,A
TX14377,USR_1244,ACC_2244,103.48,USD,ACH,MER_144,BEN_831,DEV_556,fcc47ac65be5665e,"Toronto, CA",2026-09-06 12:49:06.269031+00:00,0,A
TX13711,USR_1001,ACC_2001,81.49,USD,CARD,MER_329,BEN_866,DEV_323,34128ce15708ffd5,"Toronto, CA",2026-09-06 13:09:06.269031+00:00,0,A
TX14576,USR_1290,ACC_2290,35.12,USD,WIRE,MER_182,BEN_709,DEV_609,b3203dec1bd8e624,"Tokyo, JP",2026-09-06 13:41:06.269031+00:00,0,A
TX14459,USR_1244,ACC_2244,62.09,USD,P2P,MER_144,BEN_755,DEV_386,95af57c5afaf0f11,"Toronto, CA",2026-09-06 13:41:06.269031+00:00,0,A
TX14064,USR_1084,ACC_2084,54.86,USD,CARD,MER_332,BEN_703,DEV_975,0f2642a2d4f0e8ea,"Tokyo, JP",2026-09-06 13:42:06.269031+00:00,0,A
TX14524,USR_1003,ACC_2003,128.55,USD,ACH,MER_140,BEN_972,DEV_967,5fb8c19f162b2fd9,"Sydney, AU",2026-09-06 14:11:06.269031+00:00,0,A
TX13833,USR_1195,ACC_2195,125.77,USD,P2P,MER_355,BEN_724,DEV_798,e6d664e190e0dcae,"Sydney, AU",2026-09-06 14:42:06.269031+00:00,0,A
TX14936,USR_1236,ACC_2236,33.47,USD,WIRE,MER_301,BEN_568,DEV_481,c521e90a1ba7a600,"Toronto, CA",2026-09-06 14:54:06.269031+00:00,0,A
TX13461,USR_1005,ACC_2005,94.6,USD,P2P,MER_238,BEN_625,DEV_479,153c3b2b0c4f6c24,"New York, US",2026-09-06 15:11:06.269031+00:00,0,A
TX14984,USR_1187,ACC_2187,77.37,USD,CARD,MER_216,BEN_667,DEV_958,a1cb0cc2002ac8fe,"Toronto, CA",2026-09-06 16:08:06.269031+00:00,0,A
TX14779,USR_1002,ACC_2002,95.22,USD,P2P,MER_272,BEN_579,DEV_877,b88369def7f91b96,"Tokyo, JP",2026-09-06 16:24:06.269031+00:00,0,A
TX12053,USR_1011,ACC_2011,56.11,USD,P2P,MER_223,BEN_750,DEV_652,77c76c6de779a4b4,"New York, US",2026-09-06 16:32:06.269031+00:00,0,A
TX14617,USR_1009,ACC_2009,22.56,USD,ACH,MER_274,BEN_953,DEV_357,3db2a3b19d9769cc,"New York, US",2026-09-06 16:43:06.269031+00:00,0,A
TX14398,USR_1042,ACC_2042,78.51,USD,ACH,MER_272,BEN_749,DEV_871,4deedbb583918fca,"Sydney, AU",2026-09-06 18:33:06.269031+00:00,0,A
TX14910,USR_1081,ACC_2081,150.7,USD,WIRE,MER_337,BEN_817,DEV_490,2aad58fdf2327f88,"New York, US",2026-09-06 18:39:06.269031+00:00,0,A
TX13482,USR_1005,ACC_2005,46.59,USD,CARD,MER_183,BEN_773,DEV_479,153c3b2b0c4f6c24,"New York, US",2026-09-06 18:52:06.269031+00:00,0,A
TX13085,USR_1160,ACC_2160,48.7,USD,P2P,MER_168,BEN_827,DEV_576,337d54f89d9cced9,"Toronto, CA",2026-09-06 19:26:06.269031+00:00,0,A
TX14281,USR_1048,ACC_2048,82.62,USD,WIRE,MER_350,BEN_506,DEV_455,2b9102c1b5c23e99,"New York, US",2026-09-06 20:16:06.269031+00:00,0,A
TX14593,USR_1051,ACC_2051,77.02,USD,CARD,MER_343,BEN_543,DEV_386,3e9b67fa112f4e75,"New York, US",2026-09-06 20:20:06.269031+00:00,0,A
TX13795,USR_1014,ACC_2014,3825.91,USD,P2P,MER_130,BEN_RING_777,DEV_RING_999,fd5dc3897b156800,"Toronto, CA",2026-09-06 20:26:06.269031+00:00,1,D
TX14247,USR_1065,ACC_2065,90.25,USD,CARD,MER_162,BEN_604,DEV_523,d04e3cabd94c53fe,"Sydney, AU",2026-09-06 21:00:06.269031+00:00,0,A
TX14457,USR_1001,ACC_2001,6976.74,USD,P2P,MER_379,BEN_RING_777,DEV_RING_999,fd5dc3897b156800,"Toronto, CA",2026-09-06 21:07:06.269031+00:00,1,D
TX12201,USR_1011,ACC_2011,53.7,USD,CARD,MER_223,BEN_750,DEV_652,447b0bb524bb1252,"New York, US",2026-09-06 22:24:06.269031+00:00,0,A
TX13908,USR_1195,ACC_2195,102.53,USD,P2P,MER_171,BEN_724,DEV_798,b025a857ef22e380,"Sydney, AU",2026-09-06 22:55:06.269031+00:00,0,A
TX14059,USR_1273,ACC_2273,23.09,USD,P2P,MER_125,BEN_514,DEV_700,ead1ba663b08014c,"Tokyo, JP",2026-09-06 23:37:06.269031+00:00,0,A
TX13804,USR_1007,ACC_2007,7134.74,USD,P2P,MER_375,BEN_RING_777,DEV_RING_999,fd5dc3897b156800,"Sydney, AU",2026-09-06 23:42:06.269031+00:00,1,D
TX13659,USR_1005,ACC_2005,82.98,USD,P2P,MER_385,BEN_773,DEV_479,153c3b2b0c4f6c24,"New York, US",2026-09-07 00:09:06.269031+00:00,0,A
TX14659,USR_1182,ACC_2182,121.71,USD,WIRE,MER_307,BEN_907,DEV_346,a8f4b31a7881bbaf,"Tokyo, JP",2026-09-07 00:12:06.269031+00:00,0,A
TX14356,USR_1008,ACC_2008,90.59,USD,WIRE,MER_297,BEN_821,DEV_470,86ec58ef83a3a12c,"New York, US",2026-09-07 01:41:06.269031+00:00,0,A
TX13765,USR_1160,ACC_2160,149.37,USD,ACH,MER_251,BEN_CAR_DEALER_140,DEV_UPGRADE_3529,6cbbb8d9648be29a,"Toronto, CA",2026-09-07 02:02:06.269031+00:00,0,E
TX14700,USR_1273,ACC_2273,63.19,USD,WIRE,MER_125,BEN_514,DEV_664,eed32f0aa24bee1c,"Tokyo, JP",2026-09-07 02:21:06.269031+00:00,0,A
TX13710,USR_1013,ACC_2013,30.6,USD,ACH,MER_226,BEN_843,DEV_652,a46549e884857643,"Tokyo, JP",2026-09-07 02:55:06.269031+00:00,0,A
TX14475,USR_1042,ACC_2042,25.77,USD,WIRE,MER_299,BEN_749,DEV_871,070ff06ec268ff91,"Sydney, AU",2026-09-07 03:40:06.269031+00:00,0,A
TX12383,USR_1004,ACC_2004,437.69,USD,P2P,MER_242,BEN_619,DEV_NEW_6604,d138b30e9053a8c8,"Tokyo, JP",2026-09-07 03:56:06.269031+00:00,0,B
TX14724,USR_1064,ACC_2064,79.54,USD,CARD,MER_159,BEN_629,DEV_510,8f4332526fb22e4a,"Sydney, AU",2026-09-07 03:59:06.269031+00:00,0,A
TX14677,USR_1001,ACC_2001,9403.26,USD,P2P,MER_379,BEN_RING_777,DEV_RING_999,fd5dc3897b156800,"Toronto, CA",2026-09-07 04:40:06.269031+00:00,1,D
TX13939,USR_1195,ACC_2195,294.25,USD,WIRE,MER_355,BEN_908,DEV_NEW_7401,e6d664e190e0dcae,"Sydney, AU",2026-09-07 04:51:06.269031+00:00,1,B
TX14526,USR_1048,ACC_2048,83.17,USD,CARD,MER_335,BEN_934,DEV_455,7f3a79b76518f784,"New York, US",2026-09-07 06:20:06.269031+00:00,0,A
TX14658,USR_1054,ACC_2054,107.28,USD,ACH,MER_107,BEN_651,DEV_321,99ea77d9ff8fe312,"Toronto, CA",2026-09-07 06:58:06.269031+00:00,0,A
TX14881,USR_1003,ACC_2003,110.75,USD,ACH,MER_140,BEN_972,DEV_967,5fb8c19f162b2fd9,"Sydney, AU",2026-09-07 07:01:06.269031+00:00,0,A
TX14794,USR_1008,ACC_2008,7464.01,USD,P2P,MER_181,BEN_RING_777,DEV_RING_999,fd5dc3897b156800,"New York, US",2026-09-07 07:23:06.269031+00:00,1,D
TX13743,USR_1005,ACC_2005,2668.64,USD,P2P,MER_385,BEN_RING_777,DEV_RING_999,fd5dc3897b156800,"New York, US",2026-09-07 07:24:06.269031+00:00,1,D
TX13871,USR_1014,ACC_2014,5573.02,USD,P2P,MER_116,BEN_RING_777,DEV_RING_999,fd5dc3897b156800,"Toronto, CA",2026-09-07 08:14:06.269031+00:00,1,D
TX14352,USR_1065,ACC_2065,61.03,USD,P2P,MER_348,BEN_636,DEV_523,d04e3cabd94c53fe,"Sydney, AU",2026-09-07 09:22:06.269031+00:00,0,A
TX14566,USR_1048,ACC_2048,75.41,USD,WIRE,MER_321,BEN_506,DEV_455,7f3a79b76518f784,"New York, US",2026-09-07 09:30:06.269031+00:00,0,A
TX14708,USR_1273,ACC_2273,5.0,USD,ACH,MER_392,BEN_514,DEV_664,ead1ba663b08014c,"Tokyo, JP",2026-09-07 10:00:06.269031+00:00,0,A
TX14670,USR_1084,ACC_2084,46.22,USD,P2P,MER_110,BEN_597,DEV_975,1208c228f12bd6c4,"Tokyo, JP",2026-09-07 10:09:06.269031+00:00,0,A
TX14696,USR_1009,ACC_2009,6.82,USD,CARD,MER_274,BEN_849,DEV_641,f95917160c8c9e2a,"New York, US",2026-09-07 10:53:06.269031+00:00,0,A
TX14508,USR_1244,ACC_2244,118.0,USD,WIRE,MER_381,BEN_651,DEV_556,95af57c5afaf0f11,"Toronto, CA",2026-09-07 11:41:06.269031+00:00,0,A
TX14975,USR_1003,ACC_2003,100.77,USD,WIRE,MER_140,BEN_998,DEV_452,5fb8c19f162b2fd9,"Sydney, AU",2026-09-07 12:33:06.269031+00:00,0,A
TX14188,USR_1195,ACC_2195,58.15,USD,ACH,MER_135,BEN_908,DEV_798,b025a857ef22e380,"Sydney, AU",2026-09-07 13:12:06.269031+00:00,0,A
TX14523,USR_1042,ACC_2042,79.34,USD,P2P,MER_323,BEN_749,DEV_405,4deedbb583918fca,"Sydney, AU",2026-09-07 14:24:06.269031+00:00,0,A
TX14784,USR_1002,ACC_2002,172.67,USD,WIRE,MER_152,BEN_610,DEV_877,33ba68047a42ecd3,"Tokyo, JP",2026-09-07 14:33:06.269031+00:00,0,A
TX13872,USR_1013,ACC_2013,70.5,USD,ACH,MER_364,BEN_960,DEV_652,c113e887aa08ae7f,"Tokyo, JP",2026-09-07 15:09:06.269031+00:00,0,A
TX14931,USR_1002,ACC_2002,203.22,USD,ACH,MER_149,BEN_990,DEV_877,33ba68047a42ecd3,"Tokyo, JP",2026-09-07 15:14:06.269031+00:00,0,A
TX14977,USR_1008,ACC_2008,8446.16,USD,P2P,MER_132,BEN_RING_777,DEV_RING_999,fd5dc3897b156800,"New York, US",2026-09-07 16:26:06.269031+00:00,1,D
TX14937,USR_1081,ACC_2081,748.12,USD,ACH,MER_337,BEN_817,DEV_NEW_8066,54c1bae29c21b64f,"New York, US",2026-09-07 17:19:06.269031+00:00,1,B
TX12328,USR_1011,ACC_2011,8479.08,USD,P2P,MER_285,BEN_RING_777,DEV_RING_999,fd5dc3897b156800,"New York, US",2026-09-07 17:30:06.269031+00:00,1,D
TX12525,USR_1004,ACC_2004,3379.58,USD,P2P,MER_286,BEN_RING_777,DEV_RING_999,fd5dc3897b156800,"Tokyo, JP",2026-09-07 17:36:06.269031+00:00,1,D
TX14759,USR_1273,ACC_2273,162.49,USD,ACH,MER_183,BEN_514,DEV_NEW_8501,eed32f0aa24bee1c,"Tokyo, JP",2026-09-07 18:30:06.269031+00:00,1,B
TX13783,USR_1005,ACC_2005,49.56,USD,WIRE,MER_183,BEN_625,DEV_479,153c3b2b0c4f6c24,"New York, US",2026-09-07 18:35:06.269031+00:00,0,A
TX14147,USR_1007,ACC_2007,8244.52,USD,P2P,MER_375,BEN_RING_777,DEV_RING_999,fd5dc3897b156800,"Sydney, AU",2026-09-07 20:38:06.269031+00:00,1,D
TX14813,USR_1001,ACC_2001,67.9,USD,CARD,MER_212,BEN_859,DEV_323,34128ce15708ffd5,"Toronto, CA",2026-09-07 21:40:06.269031+00:00,0,A
TX14662,USR_1182,ACC_2182,104.37,USD,WIRE,MER_335,BEN_540,DEV_346,a8f4b31a7881bbaf,"Tokyo, JP",2026-09-07 23:21:06.269031+00:00,0,A
TX12804,USR_1011,ACC_2011,2705.43,USD,P2P,MER_257,BEN_RING_777,DEV_RING_999,fd5dc3897b156800,"New York, US",2026-09-07 23:44:06.269031+00:00,1,D
TX13329,USR_1011,ACC_2011,1006.93,USD,WIRE,MER_222,BEN_NEW_9236,DEV_ATO_7378,1a7250eb84f4d254,Unknown / Proxy IP,2026-09-07 23:49:06.269031+00:00,1,C
TX14161,USR_1007,ACC_2007,112.52,USD,WIRE,MER_387,BEN_635,DEV_771,b5ece0cc735b0b5b,"Sydney, AU",2026-09-08 00:42:06.269031+00:00,0,A
TX14691,USR_1054,ACC_2054,81.2,USD,ACH,MER_254,BEN_651,DEV_321,25bcd6ffa38deb1b,"Toronto, CA",2026-09-08 00:44:06.269031+00:00,0,A
TX13937,USR_1160,ACC_2160,22.67,USD,ACH,MER_251,BEN_560,DEV_576,6cbbb8d9648be29a,"Toronto, CA",2026-09-08 01:11:06.269031+00:00,0,A
TX13905,USR_1014,ACC_2014,113.27,USD,CARD,MER_116,BEN_503,DEV_446,f808d0e331397ae0,"Toronto, CA",2026-09-08 01:19:06.269031+00:00,0,A
TX14631,USR_1244,ACC_2244,90.69,USD,WIRE,MER_144,BEN_651,DEV_386,95af57c5afaf0f11,"Toronto, CA",2026-09-08 02:02:06.269031+00:00,0,A
TX14241,USR_1013,ACC_2013,7623.77,USD,P2P,MER_226,BEN_RING_777,DEV_RING_999,fd5dc3897b156800,"Tokyo, JP",2026-09-08 02:24:06.269031+00:00,1,D
TX14868,USR_1042,ACC_2042,34.8,USD,CARD,MER_272,BEN_612,DEV_405,070ff06ec268ff91,"Sydney, AU",2026-09-08 02:57:06.269031+00:00,0,A
TX14993,USR_1273,ACC_2273,5.34,USD,CARD,MER_125,BEN_645,DEV_700,eed32f0aa24bee1c,"Tokyo, JP",2026-09-08 03:05:06.269031+00:00,0,A
TX14855,USR_1195,ACC_2195,61.3,USD,CARD,MER_355,BEN_724,DEV_798,e6d664e190e0dcae,"Sydney, AU",2026-09-08 04:30:06.269031+00:00,0,A
TX13788,USR_1005,ACC_2005,61.54,USD,CARD,MER_294,BEN_773,DEV_479,18245baac911d82f,"New York, US",2026-09-08 06:06:06.269031+00:00,0,A
TX14531,USR_1014,ACC_2014,155.93,USD,ACH,MER_269,BEN_536,DEV_446,30f7004dbb25ffff,"Toronto, CA",2026-09-08 06:31:06.269031+00:00,0,A
TX14718,USR_1009,ACC_2009,38.94,USD,P2P,MER_250,BEN_953,DEV_641,f95917160c8c9e2a,"New York, US",2026-09-08 07:52:06.269031+00:00,0,A
TX14714,USR_1054,ACC_2054,47.5,USD,CARD,MER_254,BEN_651,DEV_321,25bcd6ffa38deb1b,"Toronto, CA",2026-09-08 11:40:06.269031+00:00,0,A
TX14865,USR_1001,ACC_2001,99.39,USD,P2P,MER_379,BEN_859,DEV_323,c630a3784351343b,"Toronto, CA",2026-09-08 11:43:06.269031+00:00,0,A
TX12534,USR_1004,ACC_2004,7462.78,USD,P2P,MER_242,BEN_RING_777,DEV_RING_999,fd5dc3897b156800,"Tokyo, JP",2026-09-08 11:53:06.269031+00:00,1,D
TX14955,USR_1195,ACC_2195,26.12,USD,P2P,MER_355,BEN_649,DEV_798,b025a857ef22e380,"Sydney, AU",2026-09-08 14:18:06.269031+00:00,0,A
TX14649,USR_1244,ACC_2244,57.33,USD,P2P,MER_144,BEN_651,DEV_386,95af57c5afaf0f11,"Toronto, CA",2026-09-08 19:02:06.269031+00:00,0,A
TX14246,USR_1013,ACC_2013,32.77,USD,P2P,MER_161,BEN_843,DEV_652,a46549e884857643,"Tokyo, JP",2026-09-08 20:19:06.269031+00:00,0,A
TX14182,USR_1160,ACC_2160,23.35,USD,P2P,MER_168,BEN_853,DEV_576,6cbbb8d9648be29a,"Toronto, CA",2026-09-08 20:32:06.269031+00:00,0,A
TX14076,USR_1005,ACC_2005,6642.29,USD,P2P,MER_336,BEN_RING_777,DEV_RING_999,fd5dc3897b156800,"New York, US",2026-09-08 20:59:06.269031+00:00,1,D
TX14943,USR_1009,ACC_2009,24.87,USD,WIRE,MER_274,BEN_953,DEV_641,f95917160c8c9e2a,"New York, US",2026-09-08 22:30:06.269031+00:00,0,A
TX14983,USR_1009,ACC_2009,44.79,USD,WIRE,MER_236,BEN_849,DEV_641,3db2a3b19d9769cc,"New York, US",2026-09-08 23:03:06.269031+00:00,0,A
TX14369,USR_1007,ACC_2007,77.99,USD,CARD,MER_387,BEN_626,DEV_771,62b5698b674c63cc,"Sydney, AU",2026-09-08 23:26:06.269031+00:00,0,A
TX13363,USR_1011,ACC_2011,7180.86,USD,P2P,MER_129,BEN_RING_777,DEV_RING_999,fd5dc3897b156800,"New York, US",2026-09-08 23:38:06.269031+00:00,1,D
TX13371,USR_1011,ACC_2011,100.71,USD,WIRE,MER_223,BEN_557,DEV_652,77c76c6de779a4b4,"New York, US",2026-09-09 00:10:06.269031+00:00,0,A
TX14259,USR_1005,ACC_2005,3627.71,USD,P2P,MER_238,BEN_RING_777,DEV_RING_999,fd5dc3897b156800,"New York, US",2026-09-09 01:35:06.269031+00:00,1,D
TX14434,USR_1005,ACC_2005,987.33,USD,WIRE,MER_294,BEN_NEW_9935,DEV_ATO_6150,713cc237b622bb61,Unknown / Proxy IP,2026-09-09 01:48:06.269031+00:00,1,C
TX12557,USR_1004,ACC_2004,66.14,USD,CARD,MER_151,BEN_937,DEV_821,d138b30e9053a8c8,"Tokyo, JP",2026-09-09 04:13:06.269031+00:00,0,A
TX12597,USR_1004,ACC_2004,4142.41,USD,P2P,MER_286,BEN_RING_777,DEV_RING_999,fd5dc3897b156800,"Tokyo, JP",2026-09-09 04:23:06.269031+00:00,1,D
TX14499,USR_1005,ACC_2005,70.42,USD,ACH,MER_238,BEN_773,DEV_479,18245baac911d82f,"New York, US",2026-09-09 07:15:06.269031+00:00,0,A
TX14934,USR_1001,ACC_2001,8387.33,USD,P2P,MER_329,BEN_RING_777,DEV_RING_999,fd5dc3897b156800,"Toronto, CA",2026-09-09 08:16:06.269031+00:00,1,D
TX14343,USR_1013,ACC_2013,74.54,USD,ACH,MER_215,BEN_691,DEV_652,c113e887aa08ae7f,"Tokyo, JP",2026-09-09 10:45:06.269031+00:00,0,A
TX13389,USR_1011,ACC_2011,63.62,USD,WIRE,MER_222,BEN_557,DEV_652,77c76c6de779a4b4,"New York, US",2026-09-09 11:36:06.269031+00:00,0,A
TX14653,USR_1244,ACC_2244,78.33,USD,CARD,MER_310,BEN_755,DEV_386,fcc47ac65be5665e,"Toronto, CA",2026-09-09 17:58:06.269031+00:00,0,A
TX14721,USR_1160,ACC_2160,36.81,USD,P2P,MER_251,BEN_969,DEV_576,337d54f89d9cced9,"Toronto, CA",2026-09-09 18:48:06.269031+00:00,0,A
TX14467,USR_1007,ACC_2007,132.73,USD,CARD,MER_399,BEN_571,DEV_317,b5ece0cc735b0b5b,"Sydney, AU",2026-09-09 19:39:06.269031+00:00,0,A
TX14533,USR_1005,ACC_2005,6349.82,USD,P2P,MER_238,BEN_RING_777,DEV_RING_999,fd5dc3897b156800,"New York, US",2026-09-09 22:32:06.269031+00:00,1,D
TX12655,USR_1004,ACC_2004,348.95,USD,P2P,MER_294,BEN_937,DEV_NEW_2899,d138b30e9053a8c8,"Tokyo, JP",2026-09-10 02:16:06.269031+00:00,0,B
TX14510,USR_1007,ACC_2007,8926.47,USD,P2P,MER_319,BEN_RING_777,DEV_RING_999,fd5dc3897b156800,"Sydney, AU",2026-09-10 02:25:06.269031+00:00,1,D
TX13464,USR_1011,ACC_2011,59.45,USD,ACH,MER_129,BEN_750,DEV_652,77c76c6de779a4b4,"New York, US",2026-09-10 08:08:06.269031+00:00,0,A
TX12900,USR_1004,ACC_2004,5235.61,USD,P2P,MER_151,BEN_RING_777,DEV_RING_999,fd5dc3897b156800,"Tokyo, JP",2026-09-10 09:19:06.269031+00:00,1,D
TX14539,USR_1007,ACC_2007,8717.76,USD,P2P,MER_375,BEN_RING_777,DEV_RING_999,fd5dc3897b156800,"Sydney, AU",2026-09-10 09:54:06.269031+00:00,1,D
TX14435,USR_1013,ACC_2013,20.39,USD,CARD,MER_364,BEN_724,DEV_652,c113e887aa08ae7f,"Tokyo, JP",2026-09-10 10:15:06.269031+00:00,0,A
TX13581,USR_1011,ACC_2011,8803.43,USD,P2P,MER_222,BEN_RING_777,DEV_RING_999,fd5dc3897b156800,"New York, US",2026-09-10 10:53:06.269031+00:00,1,D
TX12921,USR_1004,ACC_2004,66.04,USD,ACH,MER_242,BEN_937,DEV_821,f03a39c22fff1376,"Tokyo, JP",2026-09-10 11:06:06.269031+00:00,0,A
TX14748,USR_1244,ACC_2244,96.82,USD,P2P,MER_131,BEN_831,DEV_556,fcc47ac65be5665e,"Toronto, CA",2026-09-10 11:19:06.269031+00:00,0,A
TX14819,USR_1005,ACC_2005,9320.14,USD,P2P,MER_336,BEN_RING_777,DEV_RING_999,fd5dc3897b156800,"New York, US",2026-09-10 20:33:06.269031+00:00,1,D
TX14768,USR_1244,ACC_2244,22.68,USD,P2P,MER_381,BEN_831,DEV_556,fcc47ac65be5665e,"Toronto, CA",2026-09-11 01:20:06.269031+00:00,0,A
TX13596,USR_1011,ACC_2011,451.72,USD,CARD,MER_222,BEN_CAR_DEALER_147,DEV_UPGRADE_3671,77c76c6de779a4b4,"New York, US",2026-09-11 01:32:06.269031+00:00,0,E
TX12965,USR_1004,ACC_2004,7051.58,USD,P2P,MER_294,BEN_RING_777,DEV_RING_999,fd5dc3897b156800,"Tokyo, JP",2026-09-11 04:56:06.269031+00:00,1,D
TX14958,USR_1007,ACC_2007,110.21,USD,ACH,MER_319,BEN_571,DEV_317,b5ece0cc735b0b5b,"Sydney, AU",2026-09-11 05:47:06.269031+00:00,0,A
TX14452,USR_1013,ACC_2013,62.85,USD,WIRE,MER_161,BEN_960,DEV_652,c113e887aa08ae7f,"Tokyo, JP",2026-09-11 07:46:06.269031+00:00,0,A
TX13030,USR_1004,ACC_2004,41.85,USD,ACH,MER_294,BEN_937,DEV_821,f03a39c22fff1376,"Tokyo, JP",2026-09-11 13:01:06.269031+00:00,0,A
TX13672,USR_1011,ACC_2011,80.42,USD,P2P,MER_222,BEN_750,DEV_652,447b0bb524bb1252,"New York, US",2026-09-11 13:13:06.269031+00:00,0,A
TX13767,USR_1011,ACC_2011,5574.6,USD,P2P,MER_222,BEN_RING_777,DEV_RING_999,fd5dc3897b156800,"New York, US",2026-09-11 17:34:06.269031+00:00,1,D
TX13822,USR_1011,ACC_2011,747.06,USD,WIRE,MER_223,BEN_NEW_8305,DEV_ATO_8427,a9c2d0f880b37a48,Unknown / Proxy IP,2026-09-11 17:46:06.269031+00:00,1,C
TX14839,USR_1244,ACC_2244,80.56,USD,WIRE,MER_310,BEN_831,DEV_556,fcc47ac65be5665e,"Toronto, CA",2026-09-11 17:47:06.269031+00:00,0,A
TX14828,USR_1013,ACC_2013,26.65,USD,WIRE,MER_226,BEN_960,DEV_652,c113e887aa08ae7f,"Tokyo, JP",2026-09-11 23:01:06.269031+00:00,0,A
TX14991,USR_1244,ACC_2244,42.31,USD,P2P,MER_144,BEN_831,DEV_386,fcc47ac65be5665e,"Toronto, CA",2026-09-12 00:36:06.269031+00:00,0,A
TX14963,USR_1007,ACC_2007,105.21,USD,ACH,MER_387,BEN_635,DEV_771,b5ece0cc735b0b5b,"Sydney, AU",2026-09-12 04:45:06.269031+00:00,0,A
TX14836,USR_1011,ACC_2011,7765.26,USD,P2P,MER_222,BEN_RING_777,DEV_RING_999,fd5dc3897b156800,"New York, US",2026-09-12 05:12:06.269031+00:00,1,D
TX13333,USR_1004,ACC_2004,3405.59,USD,P2P,MER_332,BEN_RING_777,DEV_RING_999,fd5dc3897b156800,"Tokyo, JP",2026-09-12 06:40:06.269031+00:00,1,D
TX13816,USR_1004,ACC_2004,346.46,USD,CARD,MER_332,BEN_937,DEV_NEW_5572,f03a39c22fff1376,"Tokyo, JP",2026-09-12 11:32:06.269031+00:00,0,B
TX14114,USR_1004,ACC_2004,29.42,USD,P2P,MER_332,BEN_619,DEV_821,f03a39c22fff1376,"Tokyo, JP",2026-09-12 13:58:06.269031+00:00,0,A
TX14303,USR_1004,ACC_2004,5497.71,USD,P2P,MER_294,BEN_RING_777,DEV_RING_999,fd5dc3897b156800,"Tokyo, JP",2026-09-12 21:36:06.269031+00:00,1,D
TX14664,USR_1004,ACC_2004,29.81,USD,P2P,MER_332,BEN_937,DEV_821,d138b30e9053a8c8,"Tokyo, JP",2026-09-13 03:48:06.269031+00:00,0,A
